,Unnamed: 0,author_id,score,post_id,post_body,post_permalink,created_utc_string,label,subreddit_name_prefixed,to_message,users_to_message_list
13,13,t2_9xuq7,1w5o5h3,joztaze,I bet they will just shit their pants feom glee when they realize there is going to be another administration without them OR tRump in it at all.,/r/Liberal/comments/14f6jhq/trump_aides_rejoice_at_suggestion_of_trump_white/joztaze/,"Thursday, June 22, 2023, at 02:41:32 AM",1,r/Liberal,0,"['t2_1v08d9fr', 't2_ictoq', 't2_3ojz2t1e', 't2_8vnhc', 't2_a4zu1', 't2_npesv', 't2_7jf3p6zl', 't2_5hjodlwe', 't2_4fxv2', 't2_orvkml6a', 't2_hy4dcqxd', 't2_8amqo2lz', 't2_orvkml6a', 't2_7qlwn3w8', 't2_8amqo2lz', 't2_7h0rx', 't2_9eu97', 't2_ra5wm', 't2_orvkml6a', 't2_8amqo2lz', 't2_519y21kv', 't2_orvkml6a', 't2_c3v2kursc', 't2_orvkml6a', 't2_8663g', 't2_4uzxs', 't2_b4m4g', 't2_3gpiw1y6', 't2_a0w0gxwg', 't2_9fztfo2u', 't2_859xzvu9', 't2_519y21kv', 't2_519y21kv', 't2_orvkml6a', 't2_orvkml6a', 't2_519y21kv', 't2_519y21kv', 't2_orvkml6a', 't2_orvkml6a', 't2_122d4w', 't2_519y21kv', 't2_orvkml6a', 't2_519y21kv', 't2_519y21kv', 't2_orvkml6a', 't2_b79xx35ls', 't2_fp32vqyv', 't2_519y21kv', 't2_orvkml6a', 't2_519y21kv']"
69,69,t2_9w60dcsx,1w05apg,jogvuar,Man I do it too itâ€™s not that deep lol,/r/Liberal/comments/14blp2e/biden_causes_confusion_after_signing_off_speech/jogvuar/,"Saturday, June 17, 2023, at 09:33:10 PM",0,r/Liberal,0,"['t2_1v08d9fr', 't2_ictoq', 't2_3ojz2t1e', 't2_8vnhc', 't2_a4zu1', 't2_npesv', 't2_7jf3p6zl', 't2_5hjodlwe', 't2_4fxv2', 't2_orvkml6a', 't2_hy4dcqxd', 't2_8amqo2lz', 't2_orvkml6a', 't2_7qlwn3w8', 't2_8amqo2lz', 't2_7h0rx', 't2_9eu97', 't2_ra5wm', 't2_orvkml6a', 't2_8amqo2lz', 't2_519y21kv', 't2_orvkml6a', 't2_c3v2kursc', 't2_orvkml6a', 't2_8663g', 't2_4uzxs', 't2_b4m4g', 't2_3gpiw1y6', 't2_a0w0gxwg', 't2_9fztfo2u', 't2_859xzvu9', 't2_519y21kv', 't2_519y21kv', 't2_orvkml6a', 't2_orvkml6a', 't2_519y21kv', 't2_519y21kv', 't2_orvkml6a', 't2_orvkml6a', 't2_122d4w', 't2_519y21kv', 't2_orvkml6a', 't2_519y21kv', 't2_519y21kv', 't2_orvkml6a', 't2_b79xx35ls', 't2_fp32vqyv', 't2_519y21kv', 't2_orvkml6a', 't2_519y21kv']"
72,72,t2_hsl7g,1vzvtqz,joic1qg,Sounds like a good argument for dosing everybody with mdma at 18. Maybe put it into Diet Coke.,/r/Liberal/comments/14btu28/a_white_supremacist_took_mdma_for_a_study_and_it/joic1qg/,"Sunday, June 18, 2023, at 04:27:43 AM",0,r/Liberal,0,"['t2_1v08d9fr', 't2_ictoq', 't2_3ojz2t1e', 't2_8vnhc', 't2_a4zu1', 't2_npesv', 't2_7jf3p6zl', 't2_5hjodlwe', 't2_4fxv2', 't2_orvkml6a', 't2_hy4dcqxd', 't2_8amqo2lz', 't2_orvkml6a', 't2_7qlwn3w8', 't2_8amqo2lz', 't2_7h0rx', 't2_9eu97', 't2_ra5wm', 't2_orvkml6a', 't2_8amqo2lz', 't2_519y21kv', 't2_orvkml6a', 't2_c3v2kursc', 't2_orvkml6a', 't2_8663g', 't2_4uzxs', 't2_b4m4g', 't2_3gpiw1y6', 't2_a0w0gxwg', 't2_9fztfo2u', 't2_859xzvu9', 't2_519y21kv', 't2_519y21kv', 't2_orvkml6a', 't2_orvkml6a', 't2_519y21kv', 't2_519y21kv', 't2_orvkml6a', 't2_orvkml6a', 't2_122d4w', 't2_519y21kv', 't2_orvkml6a', 't2_519y21kv', 't2_519y21kv', 't2_orvkml6a', 't2_b79xx35ls', 't2_fp32vqyv', 't2_519y21kv', 't2_orvkml6a', 't2_519y21kv']"
79,79,t2_tawjsr4s,1vv9z62,jnx6ucc,"Just to clarify,  control does not mean confiscation of guns",/r/Liberal/comments/147vhoz/debate_me_on_gun_control_im_pro_gun/jnx6ucc/,"Tuesday, June 13, 2023, at 03:42:18 AM",0,r/Liberal,0,"['t2_1v08d9fr', 't2_ictoq', 't2_3ojz2t1e', 't2_8vnhc', 't2_a4zu1', 't2_npesv', 't2_7jf3p6zl', 't2_5hjodlwe', 't2_4fxv2', 't2_orvkml6a', 't2_hy4dcqxd', 't2_8amqo2lz', 't2_orvkml6a', 't2_7qlwn3w8', 't2_8amqo2lz', 't2_7h0rx', 't2_9eu97', 't2_ra5wm', 't2_orvkml6a', 't2_8amqo2lz', 't2_519y21kv', 't2_orvkml6a', 't2_c3v2kursc', 't2_orvkml6a', 't2_8663g', 't2_4uzxs', 't2_b4m4g', 't2_3gpiw1y6', 't2_a0w0gxwg', 't2_9fztfo2u', 't2_859xzvu9', 't2_519y21kv', 't2_519y21kv', 't2_orvkml6a', 't2_orvkml6a', 't2_519y21kv', 't2_519y21kv', 't2_orvkml6a', 't2_orvkml6a', 't2_122d4w', 't2_519y21kv', 't2_orvkml6a', 't2_519y21kv', 't2_519y21kv', 't2_orvkml6a', 't2_b79xx35ls', 't2_fp32vqyv', 't2_519y21kv', 't2_orvkml6a', 't2_519y21kv']"
81,81,t2_crbby,1vtwnb3,jnxm3nt,"> The Second Amendment is meant, and designed, to overthrow a tyrannical government that has decided to step on the rights of the people. It is the final failsafe when all other aspects of protections of our rights have failed.

That's just not historically accurate. Sure, it's come to mean that for a lot of people, but 2A came about because we didn't have an army at the time, and the best way to whip one up in a pinch was to have a bunch of people readily armed in the case of stuff going down. 

The stuff going down at the time was primarily natives trying to retake their stolen land and dealing with runaway slaves.

Our founders could not have given a rat's ball about combating tyrants. 

Just saying.",/r/Liberal/comments/147vhoz/debate_me_on_gun_control_im_pro_gun/jnxm3nt/,"Tuesday, June 13, 2023, at 05:56:37 AM",1,r/Liberal,0,"['t2_1v08d9fr', 't2_ictoq', 't2_3ojz2t1e', 't2_8vnhc', 't2_a4zu1', 't2_npesv', 't2_7jf3p6zl', 't2_5hjodlwe', 't2_4fxv2', 't2_orvkml6a', 't2_hy4dcqxd', 't2_8amqo2lz', 't2_orvkml6a', 't2_7qlwn3w8', 't2_8amqo2lz', 't2_7h0rx', 't2_9eu97', 't2_ra5wm', 't2_orvkml6a', 't2_8amqo2lz', 't2_519y21kv', 't2_orvkml6a', 't2_c3v2kursc', 't2_orvkml6a', 't2_8663g', 't2_4uzxs', 't2_b4m4g', 't2_3gpiw1y6', 't2_a0w0gxwg', 't2_9fztfo2u', 't2_859xzvu9', 't2_519y21kv', 't2_519y21kv', 't2_orvkml6a', 't2_orvkml6a', 't2_519y21kv', 't2_519y21kv', 't2_orvkml6a', 't2_orvkml6a', 't2_122d4w', 't2_519y21kv', 't2_orvkml6a', 't2_519y21kv', 't2_519y21kv', 't2_orvkml6a', 't2_b79xx35ls', 't2_fp32vqyv', 't2_519y21kv', 't2_orvkml6a', 't2_519y21kv']"
82,82,t2_3si0e,1vtuv8b,jnx9jnx,U.S. gun violence statistics are 10 to 100 times higher than other 1st world countries.  How do you solve this?,/r/Liberal/comments/147vhoz/debate_me_on_gun_control_im_pro_gun/jnx9jnx/,"Tuesday, June 13, 2023, at 04:05:28 AM",0,r/Liberal,0,"['t2_1v08d9fr', 't2_ictoq', 't2_3ojz2t1e', 't2_8vnhc', 't2_a4zu1', 't2_npesv', 't2_7jf3p6zl', 't2_5hjodlwe', 't2_4fxv2', 't2_orvkml6a', 't2_hy4dcqxd', 't2_8amqo2lz', 't2_orvkml6a', 't2_7qlwn3w8', 't2_8amqo2lz', 't2_7h0rx', 't2_9eu97', 't2_ra5wm', 't2_orvkml6a', 't2_8amqo2lz', 't2_519y21kv', 't2_orvkml6a', 't2_c3v2kursc', 't2_orvkml6a', 't2_8663g', 't2_4uzxs', 't2_b4m4g', 't2_3gpiw1y6', 't2_a0w0gxwg', 't2_9fztfo2u', 't2_859xzvu9', 't2_519y21kv', 't2_519y21kv', 't2_orvkml6a', 't2_orvkml6a', 't2_519y21kv', 't2_519y21kv', 't2_orvkml6a', 't2_orvkml6a', 't2_122d4w', 't2_519y21kv', 't2_orvkml6a', 't2_519y21kv', 't2_519y21kv', 't2_orvkml6a', 't2_b79xx35ls', 't2_fp32vqyv', 't2_519y21kv', 't2_orvkml6a', 't2_519y21kv']"
91,91,t2_m2f4dtrv,1v9l53i,jore8x8,"I fixed it for you.

With great fear and much favor Merrick Garland protected Trump by doing nothing to harm or threaten him by NOT investigating him for over a year. 

Fuck the spin on this story.",/r/Liberal/comments/14djrw5/fbi_resisted_opening_probe_into_trumps_role_in/jore8x8/,"Tuesday, June 20, 2023, at 06:22:47 AM",1,r/Liberal,0,"['t2_1v08d9fr', 't2_ictoq', 't2_3ojz2t1e', 't2_8vnhc', 't2_a4zu1', 't2_npesv', 't2_7jf3p6zl', 't2_5hjodlwe', 't2_4fxv2', 't2_orvkml6a', 't2_hy4dcqxd', 't2_8amqo2lz', 't2_orvkml6a', 't2_7qlwn3w8', 't2_8amqo2lz', 't2_7h0rx', 't2_9eu97', 't2_ra5wm', 't2_orvkml6a', 't2_8amqo2lz', 't2_519y21kv', 't2_orvkml6a', 't2_c3v2kursc', 't2_orvkml6a', 't2_8663g', 't2_4uzxs', 't2_b4m4g', 't2_3gpiw1y6', 't2_a0w0gxwg', 't2_9fztfo2u', 't2_859xzvu9', 't2_519y21kv', 't2_519y21kv', 't2_orvkml6a', 't2_orvkml6a', 't2_519y21kv', 't2_519y21kv', 't2_orvkml6a', 't2_orvkml6a', 't2_122d4w', 't2_519y21kv', 't2_orvkml6a', 't2_519y21kv', 't2_519y21kv', 't2_orvkml6a', 't2_b79xx35ls', 't2_fp32vqyv', 't2_519y21kv', 't2_orvkml6a', 't2_519y21kv']"
92,92,t2_m2f4dtrv,1v9kvzq,jore8x8,"I fixed it for you.

With great fear and much favor Merrick Garland protected Trump by doing nothing to harm or threaten him by NOT investigating him for over a year. 

Fuck the spin on this story.",/r/Liberal/comments/14djrw5/fbi_resisted_opening_probe_into_trumps_role_in/jore8x8/,"Tuesday, June 20, 2023, at 06:22:47 AM",1,r/Liberal,0,"['t2_1v08d9fr', 't2_ictoq', 't2_3ojz2t1e', 't2_8vnhc', 't2_a4zu1', 't2_npesv', 't2_7jf3p6zl', 't2_5hjodlwe', 't2_4fxv2', 't2_orvkml6a', 't2_hy4dcqxd', 't2_8amqo2lz', 't2_orvkml6a', 't2_7qlwn3w8', 't2_8amqo2lz', 't2_7h0rx', 't2_9eu97', 't2_ra5wm', 't2_orvkml6a', 't2_8amqo2lz', 't2_519y21kv', 't2_orvkml6a', 't2_c3v2kursc', 't2_orvkml6a', 't2_8663g', 't2_4uzxs', 't2_b4m4g', 't2_3gpiw1y6', 't2_a0w0gxwg', 't2_9fztfo2u', 't2_859xzvu9', 't2_519y21kv', 't2_519y21kv', 't2_orvkml6a', 't2_orvkml6a', 't2_519y21kv', 't2_519y21kv', 't2_orvkml6a', 't2_orvkml6a', 't2_122d4w', 't2_519y21kv', 't2_orvkml6a', 't2_519y21kv', 't2_519y21kv', 't2_orvkml6a', 't2_b79xx35ls', 't2_fp32vqyv', 't2_519y21kv', 't2_orvkml6a', 't2_519y21kv']"
108,108,t2_1x4e6tif,1w86gmb,joplx1q,"If twice impeached / twice indicted former President Trump keeps attacking our legal systems (to try to deflect his criminal charges and divide America) his supporters may resort to violence again. 

No matter what he says or does? He will go to Court and have the ability to defend himself. Each indictment leads to further verbal word salad and disgusting attacks on the DoJ and the FBI. 

He is beginning to realize that he has to pay the price for his illegal activity. It's expected and warranted.

We are waiting. I have stocked the fridge with root beer and the pantry with kettle corn.

Let's do this!",/r/Liberal/comments/14dgwgr/trumps_attacks_on_fbi_doj_create_senate_gop_fault/joplx1q/,"Monday, June 19, 2023, at 11:00:56 PM",1,r/Liberal,0,"['t2_1v08d9fr', 't2_ictoq', 't2_3ojz2t1e', 't2_8vnhc', 't2_a4zu1', 't2_npesv', 't2_7jf3p6zl', 't2_5hjodlwe', 't2_4fxv2', 't2_orvkml6a', 't2_hy4dcqxd', 't2_8amqo2lz', 't2_orvkml6a', 't2_7qlwn3w8', 't2_8amqo2lz', 't2_7h0rx', 't2_9eu97', 't2_ra5wm', 't2_orvkml6a', 't2_8amqo2lz', 't2_519y21kv', 't2_orvkml6a', 't2_c3v2kursc', 't2_orvkml6a', 't2_8663g', 't2_4uzxs', 't2_b4m4g', 't2_3gpiw1y6', 't2_a0w0gxwg', 't2_9fztfo2u', 't2_859xzvu9', 't2_519y21kv', 't2_519y21kv', 't2_orvkml6a', 't2_orvkml6a', 't2_519y21kv', 't2_519y21kv', 't2_orvkml6a', 't2_orvkml6a', 't2_122d4w', 't2_519y21kv', 't2_orvkml6a', 't2_519y21kv', 't2_519y21kv', 't2_orvkml6a', 't2_b79xx35ls', 't2_fp32vqyv', 't2_519y21kv', 't2_orvkml6a', 't2_519y21kv']"
