author_id,author_screen_name,post_id,post_created_utc_string
t2_6l4z3,AutoModerator,jnybbb1,"Tuesday, June 13, 2023, at 10:05:49 AM"
t2_dlne0,FreeGums,jnyc64w,"Tuesday, June 13, 2023, at 10:14:06 AM"
t2_b83s7kx8r,SheWhoVotes,jnybhwp,"Tuesday, June 13, 2023, at 10:07:34 AM"
t2_nlcixjvc,Corn_Polkadots,jnyd2nf,"Tuesday, June 13, 2023, at 10:22:50 AM"
t2_8s2hi,Hobo_Knife,jnydklh,"Tuesday, June 13, 2023, at 10:27:40 AM"
t2_2av1imis,SewAlone,jnybq9s,"Tuesday, June 13, 2023, at 10:09:51 AM"
t2_4mm0n0z1,PMMEBITCOINPLZ,jnyeuni,"Tuesday, June 13, 2023, at 10:40:06 AM"
t2_6l4z3,AutoModerator,jnx4yin,"Tuesday, June 13, 2023, at 03:26:02 AM"
t2_2usj0pc,brain_overclocked,jnx73tr,"Tuesday, June 13, 2023, at 03:44:33 AM"
t2_5uayd9w3,WV-GT,jnx57yx,"Tuesday, June 13, 2023, at 03:28:21 AM"
t2_a7k3kk92,JFJinCO,jnx5d5z,"Tuesday, June 13, 2023, at 03:29:37 AM"
t2_bb2tboe22,ResurgentClusterfuck,jnx6d4y,"Tuesday, June 13, 2023, at 03:38:14 AM"
t2_14wzil,BlueBloodLive,jnxaycf,"Tuesday, June 13, 2023, at 04:17:43 AM"
t2_spfy3p49,The_Navy_Sox,jnx5hmg,"Tuesday, June 13, 2023, at 03:30:42 AM"
t2_1aso600e,swipichone,jnx70xn,"Tuesday, June 13, 2023, at 03:43:51 AM"
t2_hrg0t,Natiak,jnx61fk,"Tuesday, June 13, 2023, at 03:35:30 AM"
t2_6l4z3,AutoModerator,jnx4svf,"Tuesday, June 13, 2023, at 03:24:40 AM"
t2_67t6faxo,Bobmanbob1,jnx54dr,"Tuesday, June 13, 2023, at 03:27:28 AM"
t2_pbiu3,ILikeCatsAndSquids,jnx9347,"Tuesday, June 13, 2023, at 04:01:29 AM"
t2_a8ahge6e,Jasminewindsong2,jnx8rq4,"Tuesday, June 13, 2023, at 03:58:48 AM"
t2_101fy9,Lost_Minds_Think,jnxalxy,"Tuesday, June 13, 2023, at 04:14:44 AM"
t2_6l4z3,AutoModerator,jnwvzxy,"Tuesday, June 13, 2023, at 02:08:23 AM"
t2_ilyietxl,TintedApostle,jnwxoxz,"Tuesday, June 13, 2023, at 02:23:05 AM"
t2_pq4a4vgt,JadedIT_Tech,jnww5md,"Tuesday, June 13, 2023, at 02:09:44 AM"
t2_a3027vyc,BAF_DaWg82,jnx6we8,"Tuesday, June 13, 2023, at 03:42:47 AM"
t2_3xjvx,charcoalist,jnwwoic,"Tuesday, June 13, 2023, at 02:14:19 AM"
t2_612xz,TheBlackUnicorn,jnx1tgc,"Tuesday, June 13, 2023, at 02:58:51 AM"
t2_bb2tboe22,ResurgentClusterfuck,jnwyrvd,"Tuesday, June 13, 2023, at 02:32:25 AM"
t2_3bbmh,Yeeaaaarrrgh,jnwwisk,"Tuesday, June 13, 2023, at 02:12:56 AM"
t2_qqavnqxo,Aware-Technician4615,jnwyi19,"Tuesday, June 13, 2023, at 02:30:03 AM"
t2_ipqi1,Infidel8,jcp3cuy,"Saturday, March 18, 2023, at 09:57:58 PM"
t2_32p7wg4b,AFlockOfTySegalls,jcp71cd,"Saturday, March 18, 2023, at 10:25:50 PM"
t2_sth2z,freddiethebaer,jcps7s7,"Sunday, March 19, 2023, at 12:52:10 AM"
t2_4db72jwz,NotBadAndYou,jcqfmk3,"Sunday, March 19, 2023, at 03:31:55 AM"
t2_25r07b83,Georgiachemscientist,jcppigr,"Sunday, March 19, 2023, at 12:34:07 AM"
t2_14uhv,gnudarve,jnu6a8l,"Monday, June 12, 2023, at 07:00:00 AM"
t2_cmcsk7sv,WeCanDoThisCNJ,jnwzdnk,"Tuesday, June 13, 2023, at 02:37:41 AM"
t2_5eq0c,DracoSolon,jnt4het,"Monday, June 12, 2023, at 02:23:00 AM"
t2_624t6o1,oldguy76205,jntmrjr,"Monday, June 12, 2023, at 04:31:55 AM"
t2_3yilh,luckykobold,jntcfyl,"Monday, June 12, 2023, at 03:19:01 AM"
t2_5etg3,Msbossyboots,jntnu87,"Monday, June 12, 2023, at 04:39:33 AM"
t2_3724187,karmaapple3,jnu4odp,"Monday, June 12, 2023, at 06:47:03 AM"
t2_1l8w84ld,praguer56,jnu6o5i,"Monday, June 12, 2023, at 07:03:09 AM"
t2_1ysiqh4,thesonoftheson,jnvkhgs,"Monday, June 12, 2023, at 04:10:12 PM"
t2_tasf1324,musicmanforlive,jnxw01y,"Tuesday, June 13, 2023, at 07:32:58 AM"
t2_crbby,JMRoaming,jnxm3nt,"Tuesday, June 13, 2023, at 05:56:37 AM"
t2_tawjsr4s,No-Tangelo7363,jnx6ucc,"Tuesday, June 13, 2023, at 03:42:18 AM"
t2_tx11ug34,Green1578,jnx7oha,"Tuesday, June 13, 2023, at 03:49:30 AM"
t2_3si0e,TallahasseWaffleHous,jnx9jnx,"Tuesday, June 13, 2023, at 04:05:28 AM"
t2_ju091,Filmmagician,jnyai5b,"Tuesday, June 13, 2023, at 09:57:42 AM"
t2_lj1sz,raistlin65,jnxacc3,"Tuesday, June 13, 2023, at 04:12:24 AM"
t2_s8laneoe,rawchallengecone,jnxhnsp,"Tuesday, June 13, 2023, at 05:16:11 AM"
t2_pt09m,calvinnme,jnzegco,"Tuesday, June 13, 2023, at 07:14:56 PM"
t2_r3yd8hvi,koyaaanisqatsi_,jnzlk3a,"Tuesday, June 13, 2023, at 08:42:34 PM"
t2_91wa3,superduperm1,jnyq09n,"Tuesday, June 13, 2023, at 12:40:37 PM"
t2_6l4z3,AutoModerator,jnxcon2,"Tuesday, June 13, 2023, at 04:32:41 AM"
t2_qxmwkzww,Koko22Loco,jnwl152,"Tuesday, June 13, 2023, at 12:34:05 AM"
t2_4ukp3,woodenbiplane,jnwt1zs,"Tuesday, June 13, 2023, at 01:43:16 AM"
t2_ifa569ms,cerealsimple,jnwn3q6,"Tuesday, June 13, 2023, at 12:52:36 AM"
t2_6l4z3,AutoModerator,jo22ca2,"Wednesday, June 14, 2023, at 09:52:10 AM"
t2_nimy0mz7,iblameautocorrect,jo1lzp7,"Wednesday, June 14, 2023, at 07:16:29 AM"
t2_lbf69u9r,cheese_weasel22,jo0xxkv,"Wednesday, June 14, 2023, at 03:47:49 AM"
t2_odgoy8oa,GunterBoden,jo1jl1t,"Wednesday, June 14, 2023, at 06:54:04 AM"
t2_261bgs9k,tnakahara,jo0lk7g,"Wednesday, June 14, 2023, at 02:04:52 AM"
t2_6wu0xw9b,Impressive_Jaguar_70,jo0vc1a,"Wednesday, June 14, 2023, at 03:26:16 AM"
t2_4wkiu8w6,churchin222999111,jo0yp2f,"Wednesday, June 14, 2023, at 03:54:03 AM"
t2_37k23689,reallythinkso,jo0mevs,"Wednesday, June 14, 2023, at 02:12:01 AM"
t2_sth2z,freddiethebaer,joh8sb6,"Saturday, June 17, 2023, at 11:21:39 PM"
t2_53xqk,4blockhead,joh91nm,"Saturday, June 17, 2023, at 11:23:39 PM"
t2_sth2z,freddiethebaer,joh8pen,"Saturday, June 17, 2023, at 11:21:01 PM"
t2_sth2z,freddiethebaer,joh9vvw,"Saturday, June 17, 2023, at 11:30:19 PM"
t2_sth2z,freddiethebaer,joh96gz,"Saturday, June 17, 2023, at 11:24:45 PM"
t2_sth2z,freddiethebaer,joh9ijz,"Saturday, June 17, 2023, at 11:27:24 PM"
t2_sth2z,freddiethebaer,joha85s,"Saturday, June 17, 2023, at 11:32:58 PM"
t2_25r07b83,Georgiachemscientist,johg4iv,"Sunday, June 18, 2023, at 12:18:36 AM"
t2_6l4z3,AutoModerator,jogimzz,"Saturday, June 17, 2023, at 07:13:23 PM"
t2_933e0ajy,comma_in_a_coma,jognb18,"Saturday, June 17, 2023, at 08:08:11 PM"
t2_8xcwn,MC_Fap_Commander,jogp4s0,"Saturday, June 17, 2023, at 08:27:50 PM"
t2_q4srdteg,Theechoofme,jogp1v9,"Saturday, June 17, 2023, at 08:26:59 PM"
t2_c3z4em2j1,National-Spinach8056,jogiztu,"Saturday, June 17, 2023, at 07:17:50 PM"
t2_12w7nuge,bpeden99,jogixv8,"Saturday, June 17, 2023, at 07:17:10 PM"
t2_3xvbeaz0,344567653379643555,jogljav,"Saturday, June 17, 2023, at 07:48:29 PM"
t2_8elzvtrnv,thesirensoftitans,jogpw0f,"Saturday, June 17, 2023, at 08:35:46 PM"
t2_144s2s,richardj195,jogn27a,"Saturday, June 17, 2023, at 08:05:31 PM"
t2_6l4z3,AutoModerator,jogtr91,"Saturday, June 17, 2023, at 09:13:44 PM"
t2_1oyli8zx,TLKimball,jogwnhw,"Saturday, June 17, 2023, at 09:40:28 PM"
t2_7iyv2,MrLurid,jogvpx6,"Saturday, June 17, 2023, at 09:32:02 PM"
t2_34rq0,InterPunct,jogxygc,"Saturday, June 17, 2023, at 09:52:02 PM"
t2_b0fdx79b,BitchfaceMalone-III,jogxlz7,"Saturday, June 17, 2023, at 09:49:01 PM"
t2_7aj7jshl,spooky_ed,jogydjx,"Saturday, June 17, 2023, at 09:55:46 PM"
t2_2df5mjev,HugeCartographer5,joh26zk,"Saturday, June 17, 2023, at 10:28:19 PM"
t2_ipqi1,Infidel8,joh4fck,"Saturday, June 17, 2023, at 10:46:41 PM"
t2_6l4z3,AutoModerator,jog2r0q,"Saturday, June 17, 2023, at 03:21:21 PM"
t2_8fzx0jm3,NinJesterV,jog3344,"Saturday, June 17, 2023, at 03:26:13 PM"
t2_vlaay7h6,4levelclover,jog2tz9,"Saturday, June 17, 2023, at 03:22:32 PM"
t2_f1ada1x6,Squirrel_Chucks,joge4zl,"Saturday, June 17, 2023, at 06:12:18 PM"
t2_bocsf,thepartypantser,jogjmyr,"Saturday, June 17, 2023, at 07:25:45 PM"
t2_a8qebebds,52163296857,jog5ky4,"Saturday, June 17, 2023, at 04:02:35 PM"
t2_849ko,GeebusNZ,jogazmh,"Saturday, June 17, 2023, at 05:24:30 PM"
t2_638a58sx,Bennghazi,jny88ue,"Tuesday, June 13, 2023, at 09:35:36 AM"
t2_adt8jyn1,1eyedbudz,jny6w45,"Tuesday, June 13, 2023, at 09:22:25 AM"
t2_3hvrm,bostonmolasses,jnyg1xo,"Tuesday, June 13, 2023, at 10:51:32 AM"
t2_la5mn,AuthorTomFrost,jny7aq9,"Tuesday, June 13, 2023, at 09:26:19 AM"
t2_5egneozv,Dictaorofcheese,jnyd0la,"Tuesday, June 13, 2023, at 10:22:16 AM"
t2_75ft90x4,Desperate-Ad-6463,jnyb3se,"Tuesday, June 13, 2023, at 10:03:47 AM"
t2_5ex19u7z,vakr001,jnydc73,"Tuesday, June 13, 2023, at 10:25:23 AM"
t2_a05hpgi0x,rdcomma,jnycct3,"Tuesday, June 13, 2023, at 10:15:53 AM"
t2_kldkg,RareBeautyEtsy,jnyqjjw,"Tuesday, June 13, 2023, at 12:47:38 PM"
t2_3ad4y,Randolpho,jnykifx,"Tuesday, June 13, 2023, at 11:36:36 AM"
t2_bbmg7o5z,,jlvips9,"Sunday, May 28, 2023, at 06:29:19 AM"
t2_5zmnp73u,,jlvp68b,"Sunday, May 28, 2023, at 07:23:10 AM"
t2_b7xt1aeu,,jlvx5u0,"Sunday, May 28, 2023, at 08:31:41 AM"
t2_phsdegpk,,jlwfvgb,"Sunday, May 28, 2023, at 11:11:25 AM"
t2_mt5ognfh,,jlw5p9u,"Sunday, May 28, 2023, at 09:44:52 AM"
t2_653m1,,jlx9kq7,"Sunday, May 28, 2023, at 05:03:29 PM"
t2_aatba,,jlvwlud,"Sunday, May 28, 2023, at 08:26:49 AM"
t2_m2f4dtrv,,jlvzfhi,"Sunday, May 28, 2023, at 08:51:18 AM"
t2_bpe8kkch7,,jlw5a2c,"Sunday, May 28, 2023, at 09:41:07 AM"
t2_neufg,,jlwhiu7,"Sunday, May 28, 2023, at 11:24:47 AM"
t2_24xc137b,,jlwsa6r,"Sunday, May 28, 2023, at 01:15:54 PM"
t2_ggt2yf5w,,jlwts82,"Sunday, May 28, 2023, at 01:33:43 PM"
t2_6l4z3,,jlvbn4b,"Sunday, May 28, 2023, at 05:31:30 AM"
t2_wu02s,,jlvp874,"Sunday, May 28, 2023, at 07:23:38 AM"
t2_la5mn,,jluody6,"Sunday, May 28, 2023, at 02:34:07 AM"
t2_h759w,,jlupizr,"Sunday, May 28, 2023, at 02:42:33 AM"
t2_9z1kt8,,jluuprs,"Sunday, May 28, 2023, at 03:20:45 AM"
t2_5sctzg1j,,jlun3xf,"Sunday, May 28, 2023, at 02:24:43 AM"
t2_3esjp7tx,,jlva5eg,"Sunday, May 28, 2023, at 05:19:33 AM"
t2_ja4lq,,jlvj278,"Sunday, May 28, 2023, at 06:32:16 AM"
t2_8mhabzn7,,jlvbbxl,"Sunday, May 28, 2023, at 05:28:59 AM"
t2_9ybqqa68,,jlvv2pb,"Sunday, May 28, 2023, at 08:13:35 AM"
t2_1rfqluhg,,jlw9yvg,"Sunday, May 28, 2023, at 10:21:54 AM"
t2_w271wtl0,,jlvg984,"Sunday, May 28, 2023, at 06:08:54 AM"
t2_3af89ccx,,jlxlal4,"Sunday, May 28, 2023, at 07:40:43 PM"
t2_2ekp01hm,,jlw94j7,"Sunday, May 28, 2023, at 10:14:33 AM"
t2_6l4z3,,jlume80,"Sunday, May 28, 2023, at 02:19:29 AM"
t2_cfvcwapp,,jlvttuu,"Sunday, May 28, 2023, at 08:02:56 AM"
t2_kzi2v8o8,,jlx8ltz,"Sunday, May 28, 2023, at 04:49:49 PM"
t2_gtxx2,,jlurlfx,"Sunday, May 28, 2023, at 02:57:35 AM"
,,jluw4jp,"Sunday, May 28, 2023, at 03:31:26 AM"
t2_78q4l82c,,jlxrq54,"Sunday, May 28, 2023, at 08:47:21 PM"
t2_638a58sx,Bennghazi,jny88ue,"Tuesday, June 13, 2023, at 09:35:36 AM"
t2_adt8jyn1,1eyedbudz,jny6w45,"Tuesday, June 13, 2023, at 09:22:25 AM"
t2_3hvrm,bostonmolasses,jnyg1xo,"Tuesday, June 13, 2023, at 10:51:32 AM"
t2_5egneozv,Dictaorofcheese,jnyd0la,"Tuesday, June 13, 2023, at 10:22:16 AM"
t2_75ft90x4,Desperate-Ad-6463,jnyb3se,"Tuesday, June 13, 2023, at 10:03:47 AM"
t2_5ex19u7z,vakr001,jnydc73,"Tuesday, June 13, 2023, at 10:25:23 AM"
t2_a05hpgi0x,rdcomma,jnycct3,"Tuesday, June 13, 2023, at 10:15:53 AM"
t2_3w7eir3,Jimbojauder,jnye8mn,"Tuesday, June 13, 2023, at 10:34:16 AM"
t2_5iznl,sumguysr,jnyo5mc,"Tuesday, June 13, 2023, at 12:17:54 PM"
t2_kldkg,RareBeautyEtsy,jnyqjjw,"Tuesday, June 13, 2023, at 12:47:38 PM"
t2_vhhsogwe,BuyOutWallStreet,jny63az,"Tuesday, June 13, 2023, at 09:14:35 AM"
t2_f7qti,insipidgoose,jny7ki5,"Tuesday, June 13, 2023, at 09:28:54 AM"
t2_4d930qas,Makachai,jnyb350,"Tuesday, June 13, 2023, at 10:03:36 AM"
t2_n6jouylf,josuelaker2,jnycemy,"Tuesday, June 13, 2023, at 10:16:22 AM"
t2_ezi17ujk,Chitown_mountain_boy,jnyhu4v,"Tuesday, June 13, 2023, at 11:08:50 AM"
t2_ahcmfw8,canuckcowgirl,jnymfbw,"Tuesday, June 13, 2023, at 11:57:48 AM"
t2_1a395kqk,mehlaknee,jnyoepj,"Tuesday, June 13, 2023, at 12:20:54 PM"
t2_3ad4y,Randolpho,jnykifx,"Tuesday, June 13, 2023, at 11:36:36 AM"
t2_47p09v3m,Madmax8080,jnylb0h,"Tuesday, June 13, 2023, at 11:45:13 AM"
t2_ga0hc,calumin,jnyng3q,"Tuesday, June 13, 2023, at 12:09:37 PM"
t2_6l4z3,AutoModerator,i3tz4ky,"Friday, April 08, 2022, at 07:57:25 AM"
t2_19p2zmg1,TitanMU,i8p577t,"Sunday, May 15, 2022, at 10:18:37 PM"
t2_dnj07fku,Slow-Vehicle-282,iizmn3d,"Friday, August 05, 2022, at 08:17:36 AM"
t2_v4dec4xu,WeTheLions,j14zj41,"Thursday, December 22, 2022, at 02:32:31 AM"
t2_h24uz4dy,SharpPoint8,i4b9v35,"Tuesday, April 12, 2022, at 12:38:20 AM"
t2_4wl4e59s,atpierce2,iib5126,"Sunday, July 31, 2022, at 06:06:49 AM"
t2_1m4pdg41,TheSmiling_Buddha,icv0uoq,"Sunday, June 19, 2022, at 02:59:38 AM"
t2_6l4z3,AutoModerator,ib69htt,"Sunday, June 05, 2022, at 03:14:01 AM"
t2_7w219k2p,Idriselbowz,im479wg,"Sunday, August 28, 2022, at 07:33:41 PM"
t2_q2u9sihn,alonela,in5m16d,"Monday, September 05, 2022, at 02:42:34 PM"
t2_b5bnekp4,Constant_Fun_7326,ibun0g9,"Friday, June 10, 2022, at 09:04:27 PM"
t2_lgf1c25d,SpecialistComposer44,inhl8u1,"Thursday, September 08, 2022, at 03:07:21 AM"
t2_apaa6ixe,Intelligent-Travel-1,iolu8oi,"Friday, September 16, 2022, at 09:00:14 AM"
t2_9szpc2c,ARY616,jm0pes2,"Monday, May 29, 2023, at 09:59:07 AM"
t2_9gf0m82v,Olong-Jonson,jm0hf4f,"Monday, May 29, 2023, at 08:51:59 AM"
