,first_message,first_message_name,subreddit,likes,replies,author_fullname,id,subject,associated_awarding_id,score,num_comments,parent_id,subreddit_name_prefixed,new,type,body,was_comment,body_html,name,created,created_utc,context,distinguished,_fetched,synctimestamp,created_utc_string,author_id
0,4119949653,t4_1w4wthx,,,[],t2_d2sciyr3,1ylp0dj,re: Yale Researchers Looking to Learn More About Your Beliefs,,0,,t4_1w4wthx,,True,unknown,"4 
2
2
1",False,"<!-- SC_OFF --><div class=""md""><p>4 
2
2
1</p>
</div><!-- SC_ON -->",t4_1ylp0dj,1693327914.0,1693327914.0,,,True,2023-10-13T04:50:37.771533,"Wednesday, August 30, 2023, at 12:51:54 AM",d2sciyr3
1,4068455686,t4_1va94hy,,,[],t2_h24uz4dy,1y3ab21,re: Yale Researchers Looking to Learn More About Your Beliefs,,0,,t4_1va94hy,,False,unknown,"1
4
6
1",False,"<!-- SC_OFF --><div class=""md""><p>1
4
6
1</p>
</div><!-- SC_ON -->",t4_1y3ab21,1692025618.0,1692025618.0,,,True,2023-10-13T04:50:37.771533,"Monday, August 14, 2023, at 11:06:58 PM",h24uz4dy
2,4120100429,t4_1w501u5,,,[],t2_hclr3ili,1y1185x,re: Yale Researchers Looking to Learn More About Your Beliefs,,0,,t4_1w501u5,,False,unknown,All ones,False,"<!-- SC_OFF --><div class=""md""><p>All ones</p>
</div><!-- SC_ON -->",t4_1y1185x,1691859731.0,1691859731.0,,,True,2023-10-13T04:50:37.779536,"Sunday, August 13, 2023, at 01:02:11 AM",hclr3ili
3,4119906267,t4_1w4vw0r,,,[],t2_3ldy24mb,1xfiiht,re: Yale Researchers Looking to Learn More About Your Beliefs,,0,,t4_1w4vw0r,,False,unknown,"2
2
1",False,"<!-- SC_OFF --><div class=""md""><p>2
2
1</p>
</div><!-- SC_ON -->",t4_1xfiiht,1690383557.0,1690383557.0,,,True,2023-10-13T04:50:37.779536,"Wednesday, July 26, 2023, at 10:59:17 PM",3ldy24mb
4,4157135750,t4_1wr1uh2,,,[],t2_7qlwn3w8,1wtsli1,re: Yale Researchers Looking to Learn More About Your Beliefs,,0,,t4_1wr1uh2,,False,unknown,1-7 2-5,False,"<!-- SC_OFF --><div class=""md""><p>1-7 2-5</p>
</div><!-- SC_ON -->",t4_1wtsli1,1689106277.0,1689106277.0,,,True,2023-10-13T04:50:37.783545,"Wednesday, July 12, 2023, at 04:11:17 AM",7qlwn3w8
5,4157058898,t4_1wr076a,,,[],t2_9b70ddf7,1wrpdqj,re: Yale Researchers Looking to Learn More About Your Beliefs,,0,,t4_1wr076a,,False,unknown,Your survey is going to give you meaningless data.  Sorry to be blunt.,False,"<!-- SC_OFF --><div class=""md""><p>Your survey is going to give you meaningless data.  Sorry to be blunt.</p>
</div><!-- SC_ON -->",t4_1wrpdqj,1688965426.0,1688965426.0,,,True,2023-10-13T04:50:37.783545,"Monday, July 10, 2023, at 01:03:46 PM",9b70ddf7
6,4157127263,t4_1wr1nxb,,,[],t2_dgpqlq1y,1wriy1z,re: Yale Researchers Looking to Learn More About Your Beliefs,,0,,t4_1wr1nxb,,False,unknown,2 3,False,"<!-- SC_OFF --><div class=""md""><p>2 3</p>
</div><!-- SC_ON -->",t4_1wriy1z,1688952597.0,1688952597.0,,,True,2023-10-13T04:50:37.783545,"Monday, July 10, 2023, at 09:29:57 AM",dgpqlq1y
7,4157130862,t4_1wr1qpa,,,[],t2_3ojz2t1e,1wrf6rd,re: Yale Researchers Looking to Learn More About Your Beliefs,,0,,t4_1wr1qpa,,False,unknown,"They are both umkmowable, a happy man just venting after work and vaguely offended by the vicissitudes of politics might just as well written this as a self loathimg radical ready to harm others would have. 

1: 3-7 

2. 1-7]",False,"<!-- SC_OFF --><div class=""md""><p>They are both umkmowable, a happy man just venting after work and vaguely offended by the vicissitudes of politics might just as well written this as a self loathimg radical ready to harm others would have. </p>

<p>1: 3-7 </p>

<ol>
<li>1-7]</li>
</ol>
</div><!-- SC_ON -->",t4_1wrf6rd,1688945522.0,1688945522.0,,,True,2023-10-13T04:50:37.783545,"Monday, July 10, 2023, at 07:32:02 AM",3ojz2t1e
8,4157144191,t4_1wr20zj,,,[],t2_c3v2kursc,1wr7crn,re: Yale Researchers Looking to Learn More About Your Beliefs,,0,,t4_1wr20zj,,False,unknown,2,False,"<!-- SC_OFF --><div class=""md""><p>2</p>
</div><!-- SC_ON -->",t4_1wr7crn,1688932320.0,1688932320.0,,,True,2023-10-13T04:50:37.787554,"Monday, July 10, 2023, at 03:52:00 AM",c3v2kursc
9,4157058806,t4_1wr073q,,,[],t2_a1w10sav,1wr3mr6,re: Yale Researchers Looking to Learn More About Your Beliefs,,0,,t4_1wr073q,,False,unknown,"1
1",False,"<!-- SC_OFF --><div class=""md""><p>1
1</p>
</div><!-- SC_ON -->",t4_1wr3mr6,1688926326.0,1688926326.0,,,True,2023-10-13T04:50:37.787554,"Monday, July 10, 2023, at 02:12:06 AM",a1w10sav
10,4157144232,t4_1wr210o,,,[],t2_4uzxs,1wr3cnv,re: Yale Researchers Looking to Learn More About Your Beliefs,,0,,t4_1wr210o,,False,unknown,"4

2",False,"<!-- SC_OFF --><div class=""md""><p>4</p>

<p>2</p>
</div><!-- SC_ON -->",t4_1wr3cnv,1688925931.0,1688925931.0,,,True,2023-10-13T04:50:37.787554,"Monday, July 10, 2023, at 02:05:31 AM",4uzxs
11,4157099628,t4_1wr12lo,,,[],t2_i22yaoe,1wr32du,re: Yale Researchers Looking to Learn More About Your Beliefs,,0,,t4_1wr12lo,,False,unknown,"4
1",False,"<!-- SC_OFF --><div class=""md""><p>4
1</p>
</div><!-- SC_ON -->",t4_1wr32du,1688925415.0,1688925415.0,,,True,2023-10-13T04:50:37.787554,"Monday, July 10, 2023, at 01:56:55 AM",i22yaoe
12,4157110295,t4_1wr1atz,,,[],t2_bh8cv58a3,1wr27jh,re: Yale Researchers Looking to Learn More About Your Beliefs,,0,,t4_1wr1atz,,False,unknown,Stop your discrimination towards asians,False,"<!-- SC_OFF --><div class=""md""><p>Stop your discrimination towards asians</p>
</div><!-- SC_ON -->",t4_1wr27jh,1688924017.0,1688924017.0,,,True,2023-10-13T04:50:37.787554,"Monday, July 10, 2023, at 01:33:37 AM",bh8cv58a3
13,4157067292,t4_1wr0dng,,,[],t2_x1sbi,1wr26ol,re: Yale Researchers Looking to Learn More About Your Beliefs,,0,,t4_1wr0dng,,False,unknown,"6
1",False,"<!-- SC_OFF --><div class=""md""><p>6
1</p>
</div><!-- SC_ON -->",t4_1wr26ol,1688923958.0,1688923958.0,,,True,2023-10-13T04:50:37.787554,"Monday, July 10, 2023, at 01:32:38 AM",x1sbi
14,4157118826,t4_1wr1hey,,,[],t2_jaro04dd,1wr217j,re: Yale Researchers Looking to Learn More About Your Beliefs,,0,,t4_1wr1hey,,False,unknown,get a job,False,"<!-- SC_OFF --><div class=""md""><p>get a job</p>
</div><!-- SC_ON -->",t4_1wr217j,1688923825.0,1688923825.0,,,True,2023-10-13T04:50:37.787554,"Monday, July 10, 2023, at 01:30:25 AM",jaro04dd
15,4157102074,t4_1wr14hm,,,[],t2_fursn,1wr1o8b,re: Yale Researchers Looking to Learn More About Your Beliefs,,0,,t4_1wr14hm,,False,unknown,"1
2",False,"<!-- SC_OFF --><div class=""md""><p>1
2</p>
</div><!-- SC_ON -->",t4_1wr1o8b,1688923230.0,1688923230.0,,,True,2023-10-13T04:50:37.787554,"Monday, July 10, 2023, at 01:20:30 AM",fursn
16,4157110346,t4_1wr1ave,,,[],t2_qxygq,1wr1nxg,re: Yale Researchers Looking to Learn More About Your Beliefs,,0,,t4_1wr1ave,,False,unknown,"4
1",False,"<!-- SC_OFF --><div class=""md""><p>4
1</p>
</div><!-- SC_ON -->",t4_1wr1nxg,1688923202.0,1688923202.0,,,True,2023-10-13T04:50:37.795558,"Monday, July 10, 2023, at 01:20:02 AM",qxygq
17,4157076092,t4_1wr0kfw,,,[],t2_6s8gm,1wr1hfn,re: Yale Researchers Looking to Learn More About Your Beliefs,,0,,t4_1wr0kfw,,False,unknown,"I don't really have an opinion. I don't know the commentor, nor the context.",False,"<!-- SC_OFF --><div class=""md""><p>I don&#39;t really have an opinion. I don&#39;t know the commentor, nor the context.</p>
</div><!-- SC_ON -->",t4_1wr1hfn,1688922902.0,1688922902.0,,,True,2023-10-13T04:50:37.795558,"Monday, July 10, 2023, at 01:15:02 AM",6s8gm
18,4157102086,t4_1wr14hy,,,[],t2_2ezckrei,1wr1faa,re: Yale Researchers Looking to Learn More About Your Beliefs,,0,,t4_1wr14hy,,False,unknown,72624416461,False,"<!-- SC_OFF --><div class=""md""><p>72624416461</p>
</div><!-- SC_ON -->",t4_1wr1faa,1688922746.0,1688922746.0,,,True,2023-10-13T04:50:37.795558,"Monday, July 10, 2023, at 01:12:26 AM",2ezckrei
19,4157099537,t4_1wr12j5,,,[],t2_syiazbzh,1wr161s,re: Yale Researchers Looking to Learn More About Your Beliefs,,0,,t4_1wr12j5,,False,unknown,Is this what universities waste their time on now?,False,"<!-- SC_OFF --><div class=""md""><p>Is this what universities waste their time on now?</p>
</div><!-- SC_ON -->",t4_1wr161s,1688922371.0,1688922371.0,,,True,2023-10-13T04:50:37.803561,"Monday, July 10, 2023, at 01:06:11 AM",syiazbzh
20,4157056824,t4_1wr05ko,,,[],t2_93hz44chb,1wr0ax1,re: Yale Researchers Looking to Learn More About Your Beliefs,,0,,t4_1wr05ko,,False,unknown,"7

1",False,"<!-- SC_OFF --><div class=""md""><p>7</p>

<p>1</p>
</div><!-- SC_ON -->",t4_1wr0ax1,1688920928.0,1688920928.0,,,True,2023-10-13T04:50:37.803561,"Monday, July 10, 2023, at 12:42:08 AM",93hz44chb
21,4157058864,t4_1wr075c,,,[],t2_9mul5r230,1wr091f,re: Yale Researchers Looking to Learn More About Your Beliefs,,0,,t4_1wr075c,,False,unknown,"5

1",False,"<!-- SC_OFF --><div class=""md""><p>5</p>

<p>1</p>
</div><!-- SC_ON -->",t4_1wr091f,1688920873.0,1688920873.0,,,True,2023-10-13T04:50:37.811562,"Monday, July 10, 2023, at 12:41:13 AM",9mul5r230
22,4157056690,t4_1wr05gy,,,[],t2_m4nuz,1wr07ad,re: Yale Researchers Looking to Learn More About Your Beliefs,,0,,t4_1wr05gy,,False,unknown,"7   
1",False,"<!-- SC_OFF --><div class=""md""><p>7<br/>
1</p>
</div><!-- SC_ON -->",t4_1wr07ad,1688920825.0,1688920825.0,,,True,2023-10-13T04:50:37.811562,"Monday, July 10, 2023, at 12:40:25 AM",m4nuz
23,4120058941,t4_1w4z5tp,,,[],t2_299ay0or,1wnsu2n,re: Yale Researchers Looking to Learn More About Your Beliefs,,0,,t4_1w4z5tp,,False,unknown,"6
2
3
3",False,"<!-- SC_OFF --><div class=""md""><p>6
2
3
3</p>
</div><!-- SC_ON -->",t4_1wnsu2n,1688691881.0,1688691881.0,,,True,2023-10-13T04:50:37.819565,"Friday, July 07, 2023, at 09:04:41 AM",299ay0or
24,4120630446,t4_1w5besu,,,[],t2_8lyo9mds,1wiqjvl,re: Yale Researchers Looking to Learn More About Your Beliefs,,0,,t4_1w5besu,,False,unknown,I already did this with Harvard researchers.,False,"<!-- SC_OFF --><div class=""md""><p>I already did this with Harvard researchers.</p>
</div><!-- SC_ON -->",t4_1wiqjvl,1688346904.0,1688346904.0,,,True,2023-10-13T04:50:37.819565,"Monday, July 03, 2023, at 09:15:04 AM",8lyo9mds
25,4110384556,t4_1vz7t0s,,,[],t2_933e0ajy,1wh56y7,re: Yale Researchers Looking to Learn More About Your Beliefs,,0,,t4_1vz7t0s,,False,unknown,1 1 1 1 7,False,"<!-- SC_OFF --><div class=""md""><p>1 1 1 1 7</p>
</div><!-- SC_ON -->",t4_1wh56y7,1688236719.0,1688236719.0,,,True,2023-10-13T04:50:37.819565,"Sunday, July 02, 2023, at 02:38:39 AM",933e0ajy
26,4120462117,t4_1w57sx1,,,[],t2_7job6kcv,1wduxky,re: Yale Researchers Looking to Learn More About Your Beliefs,,0,,t4_1w57sx1,,False,unknown,"1) 7 very
2) 1
3) 4 somewhat
4) 7 very",False,"<!-- SC_OFF --><div class=""md""><p>1) 7 very
2) 1
3) 4 somewhat
4) 7 very</p>
</div><!-- SC_ON -->",t4_1wduxky,1688006453.0,1688006453.0,,,True,2023-10-13T04:50:37.819565,"Thursday, June 29, 2023, at 10:40:53 AM",7job6kcv
27,4122430326,t4_1w6dzli,,,[],t2_3hb8h,1wdpako,re: Yale Researchers Looking to Learn More About Your Beliefs,,0,,t4_1w6dzli,,False,unknown,"So ""Harvard"" is doing a social media study (scientific?) and spends not one single letter on identifying itself for credibility purposes?  Are yall for real?",False,"<!-- SC_OFF --><div class=""md""><p>So &quot;Harvard&quot; is doing a social media study (scientific?) and spends not one single letter on identifying itself for credibility purposes?  Are yall for real?</p>
</div><!-- SC_ON -->",t4_1wdpako,1687995486.0,1687995486.0,,,True,2023-10-13T04:50:37.819565,"Thursday, June 29, 2023, at 07:38:06 AM",3hb8h
28,4111127748,t4_1vznqh0,,,[],t2_6ewp4jrv,1wasdsi,re: Yale Researchers Looking to Learn More About Your Beliefs,,0,,t4_1vznqh0,,False,unknown,"After much reflection:

7

1

5

4",False,"<!-- SC_OFF --><div class=""md""><p>After much reflection:</p>

<p>7</p>

<p>1</p>

<p>5</p>

<p>4</p>
</div><!-- SC_ON -->",t4_1wasdsi,1687817719.0,1687817719.0,,,True,2023-10-13T04:50:37.819565,"Tuesday, June 27, 2023, at 06:15:19 AM",6ewp4jrv
29,4122445474,t4_1w6ebaa,,,[],t2_e7egm,1w8c8lt,re: Yale Researchers Looking to Learn More About Your Beliefs,,0,,t4_1w6ebaa,,False,unknown,"1
1
1
1",False,"<!-- SC_OFF --><div class=""md""><p>1
1
1
1</p>
</div><!-- SC_ON -->",t4_1w8c8lt,1687655043.0,1687655043.0,,,True,2023-10-13T04:50:37.819565,"Sunday, June 25, 2023, at 09:04:03 AM",e7egm
30,4119901875,t4_1w4vsmr,,,[],t2_1x4e6tif,1w86gmb,re: Yale Researchers Looking to Learn More About Your Beliefs,,0,,t4_1w4vsmr,,False,unknown,"I'm not sure what this is about and why you contacted me in 


1. How outraged did you feel on a 1-7 scale? (1 = not at all, 4 = somewhat, 7 = very) 

7


2. How happy did you feel on a 1-7 scale? (1 = not at all, 4 = somewhat, 7 = very) 


about the issue?

1


3. How outraged do you think your message will appear to others (1 = not at all, 4 = somewhat, 7 = very) 

Trumpies - 7

Others - 1


.4. RIGHT NOW how outraged are you about the topic you posted about (1 = not at all, 4 = somewhat, 7 = very) You can simply respond with one answer per line such as: 5 1 3 4 


7",False,"<!-- SC_OFF --><div class=""md""><p>I&#39;m not sure what this is about and why you contacted me in </p>

<ol>
<li>How outraged did you feel on a 1-7 scale? (1 = not at all, 4 = somewhat, 7 = very) </li>
</ol>

<p>7</p>

<ol>
<li>How happy did you feel on a 1-7 scale? (1 = not at all, 4 = somewhat, 7 = very) </li>
</ol>

<p>about the issue?</p>

<p>1</p>

<ol>
<li>How outraged do you think your message will appear to others (1 = not at all, 4 = somewhat, 7 = very) </li>
</ol>

<p>Trumpies - 7</p>

<p>Others - 1</p>

<p>.4. RIGHT NOW how outraged are you about the topic you posted about (1 = not at all, 4 = somewhat, 7 = very) You can simply respond with one answer per line such as: 5 1 3 4 </p>

<p>7</p>
</div><!-- SC_ON -->",t4_1w86gmb,1687643727.0,1687643727.0,,,True,2023-10-13T04:50:37.835568,"Sunday, June 25, 2023, at 05:55:27 AM",1x4e6tif
31,4122404633,t4_1w6dfrt,,,[],t2_ab8sv,1w7sjfa,re: Yale Researchers Looking to Learn More About Your Beliefs,,0,,t4_1w6dfrt,,False,unknown,"2
2
2
2",False,"<!-- SC_OFF --><div class=""md""><p>2
2
2
2</p>
</div><!-- SC_ON -->",t4_1w7sjfa,1687617572.0,1687617572.0,,,True,2023-10-13T04:50:37.835568,"Saturday, June 24, 2023, at 10:39:32 PM",ab8sv
32,4120450401,t4_1w57jvl,,,[],t2_12oic1,1w78c3t,re: Yale Researchers Looking to Learn More About Your Beliefs,,0,,t4_1w57jvl,,False,unknown,Lick my butthole.,False,"<!-- SC_OFF --><div class=""md""><p>Lick my butthole.</p>
</div><!-- SC_ON -->",t4_1w78c3t,1687572217.0,1687572217.0,,,True,2023-10-13T04:50:37.835568,"Saturday, June 24, 2023, at 10:03:37 AM",12oic1
33,4122430320,t4_1w6dzlc,,,[],t2_u0si4,1w6xzfs,re: Yale Researchers Looking to Learn More About Your Beliefs,,0,,t4_1w6dzlc,,False,unknown,"I reserve my outrage to those pushing for the genocide of trans kids. I do think the grammar of your questions might have been more pertinent to those posts, not the one you reached out over. My only goal in that post is to mock the inscrutable con artists whose allegiance is to the worst parts of political exploitation. I mock this insanity as it is the only agency I have against it, I don't apply any consideration on how others perceive it nor care how they respond.",False,"<!-- SC_OFF --><div class=""md""><p>I reserve my outrage to those pushing for the genocide of trans kids. I do think the grammar of your questions might have been more pertinent to those posts, not the one you reached out over. My only goal in that post is to mock the inscrutable con artists whose allegiance is to the worst parts of political exploitation. I mock this insanity as it is the only agency I have against it, I don&#39;t apply any consideration on how others perceive it nor care how they respond.</p>
</div><!-- SC_ON -->",t4_1w6xzfs,1687553127.0,1687553127.0,,,True,2023-10-13T04:50:37.835568,"Saturday, June 24, 2023, at 04:45:27 AM",u0si4
34,4122368366,t4_1w6cnse,,,[],t2_c2i4e,1w6xvey,re: Yale Researchers Looking to Learn More About Your Beliefs,,0,,t4_1w6cnse,,False,unknown,"Hello.  

I'd be happy to respond, but I'd like to know how you'll use your research. And do you simply want a number 1-7 or would you like reasons as well?",False,"<!-- SC_OFF --><div class=""md""><p>Hello.  </p>

<p>I&#39;d be happy to respond, but I&#39;d like to know how you&#39;ll use your research. And do you simply want a number 1-7 or would you like reasons as well?</p>
</div><!-- SC_ON -->",t4_1w6xvey,1687552894.0,1687552894.0,,,True,2023-10-13T04:50:37.843570,"Saturday, June 24, 2023, at 04:41:34 AM",c2i4e
35,4122445486,t4_1w6ebam,,,[],t2_asbf9,1w6wnrm,re: Yale Researchers Looking to Learn More About Your Beliefs,,0,,t4_1w6ebam,,False,unknown,"I don't suppose there's some way i can verify your legitimacy? I see that you've posted studies. Are they related to your work? Anyway,

For #2, i would just say just, the baseline levels of happiness i normally feel. The answers about outrage depend on one's definition of outrage. If you mean actual emotional feeling, i'd say
1
*
4
1

If it is meant, how intellectually upset i was, i would say maybe
5
*
6
5

It's upsetting that a racist gets elected in a Democracy. That particular story didn't make me more 'outraged'. It's upsetting that he is popular in Florida. He's less popular than he once was, but it's still upsetting that he ever was. I was raised to believe the world was different than this and it really feels like Santa Claus",False,"<!-- SC_OFF --><div class=""md""><p>I don&#39;t suppose there&#39;s some way i can verify your legitimacy? I see that you&#39;ve posted studies. Are they related to your work? Anyway,</p>

<p>For #2, i would just say just, the baseline levels of happiness i normally feel. The answers about outrage depend on one&#39;s definition of outrage. If you mean actual emotional feeling, i&#39;d say
1
*
4
1</p>

<p>If it is meant, how intellectually upset i was, i would say maybe
5
*
6
5</p>

<p>It&#39;s upsetting that a racist gets elected in a Democracy. That particular story didn&#39;t make me more &#39;outraged&#39;. It&#39;s upsetting that he is popular in Florida. He&#39;s less popular than he once was, but it&#39;s still upsetting that he ever was. I was raised to believe the world was different than this and it really feels like Santa Claus</p>
</div><!-- SC_ON -->",t4_1w6wnrm,1687550824.0,1687550824.0,,,True,2023-10-13T04:50:37.843570,"Saturday, June 24, 2023, at 04:07:04 AM",asbf9
36,4122394462,t4_1w6d7xa,,,[],t2_87h8kco3,1w6q2n6,re: Yale Researchers Looking to Learn More About Your Beliefs,,0,,t4_1w6d7xa,,False,unknown,"1
4
1
1",False,"<!-- SC_OFF --><div class=""md""><p>1
4
1
1</p>
</div><!-- SC_ON -->",t4_1w6q2n6,1687539857.0,1687539857.0,,,True,2023-10-13T04:50:37.843570,"Saturday, June 24, 2023, at 01:04:17 AM",87h8kco3
37,4122445524,t4_1w6ebbo,,,[],t2_wmxh,1w6okww,re: Yale Researchers Looking to Learn More About Your Beliefs,,0,,t4_1w6ebbo,,False,unknown,"1
1
4
1",False,"<!-- SC_OFF --><div class=""md""><p>1
1
4
1</p>
</div><!-- SC_ON -->",t4_1w6okww,1687537305.0,1687537305.0,,,True,2023-10-13T04:50:37.843570,"Saturday, June 24, 2023, at 12:21:45 AM",wmxh
38,4122430340,t4_1w6dzlw,,,[],t2_d5mquwod,1w6niqh,re: Yale Researchers Looking to Learn More About Your Beliefs,,0,,t4_1w6dzlw,,False,unknown,"5
1
5
5",False,"<!-- SC_OFF --><div class=""md""><p>5
1
5
5</p>
</div><!-- SC_ON -->",t4_1w6niqh,1687535466.0,1687535466.0,,,True,2023-10-13T04:50:37.851572,"Friday, June 23, 2023, at 11:51:06 PM",d5mquwod
39,4122379168,t4_1w6cw4g,,,[],t2_62wjx1m1,1w6mmug,re: Yale Researchers Looking to Learn More About Your Beliefs,,0,,t4_1w6cw4g,,False,unknown,"1
4
1
1",False,"<!-- SC_OFF --><div class=""md""><p>1
4
1
1</p>
</div><!-- SC_ON -->",t4_1w6mmug,1687533738.0,1687533738.0,,,True,2023-10-13T04:50:37.851572,"Friday, June 23, 2023, at 11:22:18 PM",62wjx1m1
40,4122394478,t4_1w6d7xq,,,[],t2_4stjn,1w6lvfy,re: Yale Researchers Looking to Learn More About Your Beliefs,,0,,t4_1w6d7xq,,False,unknown,"It's hopelessness, not outrage. Outrage burned out a long time ago. The language in your survey is incredibly biased and inflammatory. I assumed that Yale would have higher standards to be honest.",False,"<!-- SC_OFF --><div class=""md""><p>It&#39;s hopelessness, not outrage. Outrage burned out a long time ago. The language in your survey is incredibly biased and inflammatory. I assumed that Yale would have higher standards to be honest.</p>
</div><!-- SC_ON -->",t4_1w6lvfy,1687532394.0,1687532394.0,,,True,2023-10-13T04:50:37.851572,"Friday, June 23, 2023, at 10:59:54 PM",4stjn
41,4122430363,t4_1w6dzmj,,,[],t2_51mugzx0,1w6l8hn,re: Yale Researchers Looking to Learn More About Your Beliefs,,0,,t4_1w6dzmj,,False,unknown,"1. How outraged did you feel on a 1-7 scale?

1. Lying poorly and giving away their intent in an embarrassingly obvious manner is expected behavior. You can't really get outraged at expected behavior, it's like getting outraged at a dog for sniffing poop.

 How happy did you feel on a 1-7 scale? 

Not really applicable.

 How outraged do you think your message will appear to others 

I really dont care.

RIGHT NOW how outraged are you about the topic you posted about.

1.",False,"<!-- SC_OFF --><div class=""md""><ol>
<li><p>How outraged did you feel on a 1-7 scale?</p></li>
<li><p>Lying poorly and giving away their intent in an embarrassingly obvious manner is expected behavior. You can&#39;t really get outraged at expected behavior, it&#39;s like getting outraged at a dog for sniffing poop.</p>

<p>How happy did you feel on a 1-7 scale? </p></li>
</ol>

<p>Not really applicable.</p>

<p>How outraged do you think your message will appear to others </p>

<p>I really dont care.</p>

<p>RIGHT NOW how outraged are you about the topic you posted about.</p>

<p>1.</p>
</div><!-- SC_ON -->",t4_1w6l8hn,1687531257.0,1687531257.0,,,True,2023-10-13T04:50:37.859574,"Friday, June 23, 2023, at 10:40:57 PM",51mugzx0
42,4122440572,t4_1w6e7i4,,,[],t2_5fm45w7v,1w6l6im,re: Yale Researchers Looking to Learn More About Your Beliefs,,0,,t4_1w6e7i4,,False,unknown,2 1 1 2,False,"<!-- SC_OFF --><div class=""md""><p>2 1 1 2</p>
</div><!-- SC_ON -->",t4_1w6l6im,1687531120.0,1687531120.0,,,True,2023-10-13T04:50:37.859574,"Friday, June 23, 2023, at 10:38:40 PM",5fm45w7v
43,4122384264,t4_1w6d020,,,[],t2_13n0egw9,1w6kahx,re: Yale Researchers Looking to Learn More About Your Beliefs,,0,,t4_1w6d020,,False,unknown,"1 6 2 1 

ðŸ¥‚",False,"<!-- SC_OFF --><div class=""md""><p>1 6 2 1 </p>

<p>ðŸ¥‚</p>
</div><!-- SC_ON -->",t4_1w6kahx,1687529771.0,1687529771.0,,,True,2023-10-13T04:50:37.859574,"Friday, June 23, 2023, at 10:16:11 PM",13n0egw9
44,4122409585,t4_1w6djld,,,[],t2_i7xoa,1w6if5s,re: Yale Researchers Looking to Learn More About Your Beliefs,,0,,t4_1w6djld,,False,unknown,"5
5
3
2",False,"<!-- SC_OFF --><div class=""md""><p>5
5
3
2</p>
</div><!-- SC_ON -->",t4_1w6if5s,1687526174.0,1687526174.0,,,True,2023-10-13T04:50:37.867577,"Friday, June 23, 2023, at 09:16:14 PM",i7xoa
45,4122419814,t4_1w6drhi,,,[],t2_1nwyjg23,1w6idaz,re: Yale Researchers Looking to Learn More About Your Beliefs,,0,,t4_1w6drhi,,False,unknown,"2
3
3
2",False,"<!-- SC_OFF --><div class=""md""><p>2
3
3
2</p>
</div><!-- SC_ON -->",t4_1w6idaz,1687526099.0,1687526099.0,,,True,2023-10-13T04:50:37.867577,"Friday, June 23, 2023, at 09:14:59 PM",1nwyjg23
46,4122424948,t4_1w6dvg4,,,[],t2_i0j4n,1w6hh1z,re: Yale Researchers Looking to Learn More About Your Beliefs,,0,,t4_1w6dvg4,,False,unknown,"1
5
1
1",False,"<!-- SC_OFF --><div class=""md""><p>1
5
1
1</p>
</div><!-- SC_ON -->",t4_1w6hh1z,1687524116.0,1687524116.0,,,True,2023-10-13T04:50:37.867577,"Friday, June 23, 2023, at 08:41:56 PM",i0j4n
47,4122368380,t4_1w6cnss,,,[],t2_vlkj8g4,1w6hcs7,re: Yale Researchers Looking to Learn More About Your Beliefs,,0,,t4_1w6cnss,,False,unknown,"5

2

1

5",False,"<!-- SC_OFF --><div class=""md""><p>5</p>

<p>2</p>

<p>1</p>

<p>5</p>
</div><!-- SC_ON -->",t4_1w6hcs7,1687523889.0,1687523889.0,,,True,2023-10-13T04:50:37.867577,"Friday, June 23, 2023, at 08:38:09 PM",vlkj8g4
48,4122435358,t4_1w6e3ha,,,[],t2_vh7djoc1,1w6gy8z,re: Yale Researchers Looking to Learn More About Your Beliefs,,0,,t4_1w6e3ha,,False,unknown,"2
2
1
2",False,"<!-- SC_OFF --><div class=""md""><p>2
2
1
2</p>
</div><!-- SC_ON -->",t4_1w6gy8z,1687522945.0,1687522945.0,,,True,2023-10-13T04:50:37.875579,"Friday, June 23, 2023, at 08:22:25 PM",vh7djoc1
49,4122394480,t4_1w6d7xs,,,[],t2_11ccbu,1w6gtwf,re: Yale Researchers Looking to Learn More About Your Beliefs,,0,,t4_1w6d7xs,,False,unknown,I have no interest in you turning my response on a subjective and nuanced topic into falsely objective rage-o-meter. Do not contact me again and I prefer you block or ignore me.,False,"<!-- SC_OFF --><div class=""md""><p>I have no interest in you turning my response on a subjective and nuanced topic into falsely objective rage-o-meter. Do not contact me again and I prefer you block or ignore me.</p>
</div><!-- SC_ON -->",t4_1w6gtwf,1687522676.0,1687522676.0,,,True,2023-10-13T04:50:37.875579,"Friday, June 23, 2023, at 08:17:56 PM",11ccbu
50,4122404687,t4_1w6dftb,,,[],t2_3z5jj6vi,1w6fsdw,re: Yale Researchers Looking to Learn More About Your Beliefs,,0,,t4_1w6dftb,,False,unknown,"5
4
4
5",False,"<!-- SC_OFF --><div class=""md""><p>5
4
4
5</p>
</div><!-- SC_ON -->",t4_1w6fsdw,1687520208.0,1687520208.0,,,True,2023-10-13T04:50:37.891595,"Friday, June 23, 2023, at 07:36:48 PM",3z5jj6vi
51,4120550355,t4_1w59p03,,,[],t2_ap8d45l,1w6fobw,re: Yale Researchers Looking to Learn More About Your Beliefs,,0,,t4_1w59p03,,False,unknown,Iâ€™d love to sell you the data you seek for $49.,False,"<!-- SC_OFF --><div class=""md""><p>Iâ€™d love to sell you the data you seek for $49.</p>
</div><!-- SC_ON -->",t4_1w6fobw,1687519923.0,1687519923.0,,,True,2023-10-13T04:50:37.923603,"Friday, June 23, 2023, at 07:32:03 PM",ap8d45l
52,4122440562,t4_1w6e7hu,,,[],t2_3q6lk8ck,1w6fkki,re: Yale Researchers Looking to Learn More About Your Beliefs,,0,,t4_1w6e7hu,,False,unknown,6156,False,"<!-- SC_OFF --><div class=""md""><p>6156</p>
</div><!-- SC_ON -->",t4_1w6fkki,1687519684.0,1687519684.0,,,True,2023-10-13T04:50:37.923603,"Friday, June 23, 2023, at 07:28:04 PM",3q6lk8ck
53,4122424939,t4_1w6dvfv,,,[],t2_hzq9l1sq,1w6fk50,re: Yale Researchers Looking to Learn More About Your Beliefs,,0,,t4_1w6dvfv,,False,unknown,"6
6
4
5",False,"<!-- SC_OFF --><div class=""md""><p>6
6
4
5</p>
</div><!-- SC_ON -->",t4_1w6fk50,1687519617.0,1687519617.0,,,True,2023-10-13T04:50:37.931605,"Friday, June 23, 2023, at 07:26:57 PM",hzq9l1sq
54,4122435386,t4_1w6e3i2,,,[],t2_3i9nzyal,1w6fez5,re: Yale Researchers Looking to Learn More About Your Beliefs,,0,,t4_1w6e3i2,,False,unknown,"Good morning.

Your approach to research gives away the game. What you are saying without saying is: the intent of social media is to either create outrage or happiness, but mostly to create outrage.

I am not outraged by the DeSantis article. I am not happy with the DeSantis article.

I am simply pointing out an attempt from a publication to create outrage based off of benign comments. This was glaringly obvious to me, and I was successful in pointing this out to others. That was my intent.

Other comments delved beyond the surface of my observation to point out articles like this are created to ultimately influence voters by causing divides in opinions.

My intent with my comment was to prevent such divide from taking place by applying logic, and allowing for expansion from my point based on additional voices, which is important in amplifying a message.

Social media does not have to be outrageous or lighthearted. Social media can be used to diffuse outrage by providing logical observation and facts. 

Your bias is showing in this survey, and that is an example of a poorly executed research model.

Be better. 

Sincerely,
BMFB",False,"<!-- SC_OFF --><div class=""md""><p>Good morning.</p>

<p>Your approach to research gives away the game. What you are saying without saying is: the intent of social media is to either create outrage or happiness, but mostly to create outrage.</p>

<p>I am not outraged by the DeSantis article. I am not happy with the DeSantis article.</p>

<p>I am simply pointing out an attempt from a publication to create outrage based off of benign comments. This was glaringly obvious to me, and I was successful in pointing this out to others. That was my intent.</p>

<p>Other comments delved beyond the surface of my observation to point out articles like this are created to ultimately influence voters by causing divides in opinions.</p>

<p>My intent with my comment was to prevent such divide from taking place by applying logic, and allowing for expansion from my point based on additional voices, which is important in amplifying a message.</p>

<p>Social media does not have to be outrageous or lighthearted. Social media can be used to diffuse outrage by providing logical observation and facts. </p>

<p>Your bias is showing in this survey, and that is an example of a poorly executed research model.</p>

<p>Be better. </p>

<p>Sincerely,
BMFB</p>
</div><!-- SC_ON -->",t4_1w6fez5,1687519280.0,1687519280.0,,,True,2023-10-13T04:50:37.955610,"Friday, June 23, 2023, at 07:21:20 PM",3i9nzyal
55,4122389615,t4_1w6d46n,,,[],t2_8d3808n7,1w6fczc,re: Yale Researchers Looking to Learn More About Your Beliefs,,0,,t4_1w6d46n,,False,unknown,"1
3
1
1

I was just trying to be funny, honestly.",False,"<!-- SC_OFF --><div class=""md""><p>1
3
1
1</p>

<p>I was just trying to be funny, honestly.</p>
</div><!-- SC_ON -->",t4_1w6fczc,1687519188.0,1687519188.0,,,True,2023-10-13T04:50:37.955610,"Friday, June 23, 2023, at 07:19:48 PM",8d3808n7
56,4122414396,t4_1w6dnb0,,,[],t2_gqaui4om,1w6ev41,re: Yale Researchers Looking to Learn More About Your Beliefs,,0,,t4_1w6dnb0,,False,unknown,No thank you,False,"<!-- SC_OFF --><div class=""md""><p>No thank you</p>
</div><!-- SC_ON -->",t4_1w6ev41,1687518646.0,1687518646.0,,,True,2023-10-13T04:50:37.955610,"Friday, June 23, 2023, at 07:10:46 PM",gqaui4om
57,4122451004,t4_1w6efjw,,,[],t2_eewrlp3b,1w6eisd,re: Yale Researchers Looking to Learn More About Your Beliefs,,0,,t4_1w6efjw,,False,unknown,"2
4
4
2",False,"<!-- SC_OFF --><div class=""md""><p>2
4
4
2</p>
</div><!-- SC_ON -->",t4_1w6eisd,1687517889.0,1687517889.0,,,True,2023-10-13T04:50:37.955610,"Friday, June 23, 2023, at 06:58:09 PM",eewrlp3b
58,4122435432,t4_1w6e3jc,,,[],t2_jckbmbri,1w6eejj,re: Yale Researchers Looking to Learn More About Your Beliefs,,0,,t4_1w6e3jc,,False,unknown,"You can simply respond with one answer per line such as:
5
1
3
4

What convoluted system are you proposing? That I answer question 5 which doesn't exist in the first line, question two in the line that doesn't exist, question three in the third line and question 4 in the forth line?   

Look I'm all up for helping out political activist groups to gather statistics. But I literally can't/won't help you unless your ability to poll makes a lick of sense.",False,"<!-- SC_OFF --><div class=""md""><p>You can simply respond with one answer per line such as:
5
1
3
4</p>

<p>What convoluted system are you proposing? That I answer question 5 which doesn&#39;t exist in the first line, question two in the line that doesn&#39;t exist, question three in the third line and question 4 in the forth line?   </p>

<p>Look I&#39;m all up for helping out political activist groups to gather statistics. But I literally can&#39;t/won&#39;t help you unless your ability to poll makes a lick of sense.</p>
</div><!-- SC_ON -->",t4_1w6eejj,1687517556.0,1687517556.0,,,True,2023-10-13T04:50:37.963613,"Friday, June 23, 2023, at 06:52:36 PM",jckbmbri
59,4122399886,t4_1w6dc3y,,,[],t2_2qj1r9f,1w6dfvq,re: Yale Researchers Looking to Learn More About Your Beliefs,,0,,t4_1w6dc3y,,False,unknown,"5
4
5
5",False,"<!-- SC_OFF --><div class=""md""><p>5
4
5
5</p>
</div><!-- SC_ON -->",t4_1w6dfvq,1687515020.0,1687515020.0,,,True,2023-10-13T04:50:37.963613,"Friday, June 23, 2023, at 06:10:20 PM",2qj1r9f
60,4120550436,t4_1w59p2c,,,[],t2_2ac2tp5f,1w62qss,re: Yale Researchers Looking to Learn More About Your Beliefs,,0,,t4_1w59p2c,,False,unknown,"1
5
1
1
Keep in mind the post was a bipartisan topic both left and right agree on. Really no outrage from anyone.",False,"<!-- SC_OFF --><div class=""md""><p>1
5
1
1
Keep in mind the post was a bipartisan topic both left and right agree on. Really no outrage from anyone.</p>
</div><!-- SC_ON -->",t4_1w62qss,1687489838.0,1687489838.0,,,True,2023-10-13T04:50:37.963613,"Friday, June 23, 2023, at 11:10:38 AM",2ac2tp5f
61,4120550452,t4_1w59p2s,,,[],t2_a16dn0nx,1w5y0l8,re: Yale Researchers Looking to Learn More About Your Beliefs,,0,,t4_1w59p2s,,False,unknown,"1
4
1
7",False,"<!-- SC_OFF --><div class=""md""><p>1
4
1
7</p>
</div><!-- SC_ON -->",t4_1w5y0l8,1687480056.0,1687480056.0,,,True,2023-10-13T04:50:37.963613,"Friday, June 23, 2023, at 08:27:36 AM",a16dn0nx
62,4120595678,t4_1w5anz2,,,[],t2_eqa0uf18,1w5vymg,re: Yale Researchers Looking to Learn More About Your Beliefs,,0,,t4_1w5anz2,,False,unknown,"7
2
3
7

This topic has to do with age discrimination.",False,"<!-- SC_OFF --><div class=""md""><p>7
2
3
7</p>

<p>This topic has to do with age discrimination.</p>
</div><!-- SC_ON -->",t4_1w5vymg,1687476292.0,1687476292.0,,,True,2023-10-13T04:50:37.971615,"Friday, June 23, 2023, at 07:24:52 AM",eqa0uf18
63,4120083158,t4_1w4zoie,,,[],t2_12dsh2mz,1w5t6lh,re: Yale Researchers Looking to Learn More About Your Beliefs,,0,,t4_1w4zoie,,False,unknown,2 1 1 2,False,"<!-- SC_OFF --><div class=""md""><p>2 1 1 2</p>
</div><!-- SC_ON -->",t4_1w5t6lh,1687471349.0,1687471349.0,,,True,2023-10-13T04:50:37.971615,"Friday, June 23, 2023, at 06:02:29 AM",12dsh2mz
64,4118204974,t4_1w3vfam,,,[],t2_r559z,1w5sj3b,re: Yale Researchers Looking to Learn More About Your Beliefs,,0,,t4_1w3vfam,,False,unknown,"> https://www.reddit.com/r/politics/comments/14ercsn/desantis_antiimmigrant_law_sparks_mass_worker/jowcxv3/

1. 2
2. 1
3. 5
4. 3",False,"<!-- SC_OFF --><div class=""md""><blockquote>
<p><a href=""https://www.reddit.com/r/politics/comments/14ercsn/desantis_antiimmigrant_law_sparks_mass_worker/jowcxv3/"">https://www.reddit.com/r/politics/comments/14ercsn/desantis_antiimmigrant_law_sparks_mass_worker/jowcxv3/</a></p>
</blockquote>

<ol>
<li>2</li>
<li>1</li>
<li>5</li>
<li>3</li>
</ol>
</div><!-- SC_ON -->",t4_1w5sj3b,1687470313.0,1687470313.0,,,True,2023-10-13T04:50:37.971615,"Friday, June 23, 2023, at 05:45:13 AM",r559z
65,4120595700,t4_1w5anzo,,,[],t2_atljpou99,1w5s8eg,re: Yale Researchers Looking to Learn More About Your Beliefs,,0,,t4_1w5anzo,,False,unknown,"4
6
1
1",False,"<!-- SC_OFF --><div class=""md""><p>4
6
1
1</p>
</div><!-- SC_ON -->",t4_1w5s8eg,1687469781.0,1687469781.0,,,True,2023-10-13T04:50:37.971615,"Friday, June 23, 2023, at 05:36:21 AM",atljpou99
66,4119901780,t4_1w4vsk4,,,[],t2_9xuq7,1w5o5h3,re: Yale Researchers Looking to Learn More About Your Beliefs,,0,,t4_1w4vsk4,,False,unknown,"1.  1
2.  5
3.  5
4.  2",False,"<!-- SC_OFF --><div class=""md""><ol>
<li> 1</li>
<li> 5</li>
<li> 5</li>
<li> 2</li>
</ol>
</div><!-- SC_ON -->",t4_1w5o5h3,1687463181.0,1687463181.0,,,True,2023-10-13T04:50:37.971615,"Friday, June 23, 2023, at 03:46:21 AM",9xuq7
67,4119901803,t4_1w4vskr,,,[],t2_3dxcg,1w5nx7m,re: Yale Researchers Looking to Learn More About Your Beliefs,,0,,t4_1w4vskr,,False,unknown,"Modern Republicans are terrorists who are actively trying to gain power by overpowering or flat-out cheating elections. Theyâ€™re doing it because they know they are outvoted, and the younger generation doesnâ€™t believe any of their bullshit, so they HAVE to seize power now, so they can destroy our election process so they can try to stay in power forever.

Itâ€™s a full fascist takeover attempt. What is there to live for when they finally succeed? Theyâ€™ve gaslit everyone into thinking theyâ€™re not doing anything wrong, so itâ€™s looking a lot like theyâ€™re going to succeed.",False,"<!-- SC_OFF --><div class=""md""><p>Modern Republicans are terrorists who are actively trying to gain power by overpowering or flat-out cheating elections. Theyâ€™re doing it because they know they are outvoted, and the younger generation doesnâ€™t believe any of their bullshit, so they HAVE to seize power now, so they can destroy our election process so they can try to stay in power forever.</p>

<p>Itâ€™s a full fascist takeover attempt. What is there to live for when they finally succeed? Theyâ€™ve gaslit everyone into thinking theyâ€™re not doing anything wrong, so itâ€™s looking a lot like theyâ€™re going to succeed.</p>
</div><!-- SC_ON -->",t4_1w5nx7m,1687462815.0,1687462815.0,,,True,2023-10-13T04:50:37.971615,"Friday, June 23, 2023, at 03:40:15 AM",3dxcg
68,4120450399,t4_1w57jvj,,,[],t2_3ce9h,1w5ne5w,re: Yale Researchers Looking to Learn More About Your Beliefs,,0,,t4_1w57jvj,,False,unknown,How do I know this is a legit account?,False,"<!-- SC_OFF --><div class=""md""><p>How do I know this is a legit account?</p>
</div><!-- SC_ON -->",t4_1w5ne5w,1687461897.0,1687461897.0,,,True,2023-10-13T04:50:37.979621,"Friday, June 23, 2023, at 03:24:57 AM",3ce9h
69,4120100464,t4_1w501v4,,,[],t2_1akw2zla,1w5mt5i,re: Yale Researchers Looking to Learn More About Your Beliefs,,0,,t4_1w501v4,,False,unknown,"4
3
2
2",False,"<!-- SC_OFF --><div class=""md""><p>4
3
2
2</p>
</div><!-- SC_ON -->",t4_1w5mt5i,1687460837.0,1687460837.0,,,True,2023-10-13T04:50:37.983632,"Friday, June 23, 2023, at 03:07:17 AM",1akw2zla
70,4119909927,t4_1w4vyuf,,,[],t2_os4u6,1w5hyep,re: Yale Researchers Looking to Learn More About Your Beliefs,,0,,t4_1w4vyuf,,False,unknown,"1
3
2
1",False,"<!-- SC_OFF --><div class=""md""><p>1
3
2
1</p>
</div><!-- SC_ON -->",t4_1w5hyep,1687452603.0,1687452603.0,,,True,2023-10-13T04:50:37.983632,"Friday, June 23, 2023, at 12:50:03 AM",os4u6
71,4120609324,t4_1w5ayi4,,,[],t2_a51emd0d,1w5gurk,re: Yale Researchers Looking to Learn More About Your Beliefs,,0,,t4_1w5ayi4,,False,unknown,1 1 3 1,False,"<!-- SC_OFF --><div class=""md""><p>1 1 3 1</p>
</div><!-- SC_ON -->",t4_1w5gurk,1687450448.0,1687450448.0,,,True,2023-10-13T04:50:37.987641,"Friday, June 23, 2023, at 12:14:08 AM",a51emd0d
72,4120550160,t4_1w59ouo,,,[],t2_biry1,1w5esft,re: Yale Researchers Looking to Learn More About Your Beliefs,,0,,t4_1w59ouo,,False,unknown,"4
4
4
4

Side note: Youâ€™ve picked the wrong post to survey here if youâ€™re measuring outrage or emotional swings unless this is some sort of control group. Good luck to you.",False,"<!-- SC_OFF --><div class=""md""><p>4
4
4
4</p>

<p>Side note: Youâ€™ve picked the wrong post to survey here if youâ€™re measuring outrage or emotional swings unless this is some sort of control group. Good luck to you.</p>
</div><!-- SC_ON -->",t4_1w5esft,1687446981.0,1687446981.0,,,True,2023-10-13T04:50:37.987641,"Thursday, June 22, 2023, at 11:16:21 PM",biry1
73,4120065110,t4_1w4zal2,,,[],t2_4y37jqd0,1w5dddv,re: Yale Researchers Looking to Learn More About Your Beliefs,,0,,t4_1w4zal2,,False,unknown,"1
5
1
1

Why would there be rage? American politics has devolved to the point of a poorly scripted Sitcom. I prefer to enjoy the shitshow that it is, poke fun at the obvious lack of qualified people making it through the â€˜democratic processâ€™. No anger, just a tinge of sadness as a historic democracy spirals to it slow and painful demise.",False,"<!-- SC_OFF --><div class=""md""><p>1
5
1
1</p>

<p>Why would there be rage? American politics has devolved to the point of a poorly scripted Sitcom. I prefer to enjoy the shitshow that it is, poke fun at the obvious lack of qualified people making it through the â€˜democratic processâ€™. No anger, just a tinge of sadness as a historic democracy spirals to it slow and painful demise.</p>
</div><!-- SC_ON -->",t4_1w5dddv,1687444747.0,1687444747.0,,,True,2023-10-13T04:50:37.987641,"Thursday, June 22, 2023, at 10:39:07 PM",4y37jqd0
74,4120595653,t4_1w5anyd,,,[],t2_sb361fri,1w5bifp,re: Yale Researchers Looking to Learn More About Your Beliefs,,0,,t4_1w5anyd,,False,unknown,What is the purpose of this research?,False,"<!-- SC_OFF --><div class=""md""><p>What is the purpose of this research?</p>
</div><!-- SC_ON -->",t4_1w5bifp,1687441316.0,1687441316.0,,,True,2023-10-13T04:50:37.987641,"Thursday, June 22, 2023, at 09:41:56 PM",sb361fri
75,4120602303,t4_1w5at33,,,[],t2_zr0q9,1w5bbj7,re: Yale Researchers Looking to Learn More About Your Beliefs,,0,,t4_1w5at33,,False,unknown,"Sorry, I don't volunteer for studies. Do you offer renumeration for participation?",False,"<!-- SC_OFF --><div class=""md""><p>Sorry, I don&#39;t volunteer for studies. Do you offer renumeration for participation?</p>
</div><!-- SC_ON -->",t4_1w5bbj7,1687440979.0,1687440979.0,,,True,2023-10-13T04:50:37.987641,"Thursday, June 22, 2023, at 09:36:19 PM",zr0q9
76,4120594819,t4_1w5anb7,,,[],t2_en7tw,1w5b3v6,re: Yale Researchers Looking to Learn More About Your Beliefs,,0,,t4_1w5anb7,,False,unknown,"5
4
4
7",False,"<!-- SC_OFF --><div class=""md""><p>5
4
4
7</p>
</div><!-- SC_ON -->",t4_1w5b3v6,1687440588.0,1687440588.0,,,True,2023-10-13T04:50:37.995645,"Thursday, June 22, 2023, at 09:29:48 PM",en7tw
77,4120602339,t4_1w5at43,,,[],t2_syy0ts2k,1w5b3j5,re: Yale Researchers Looking to Learn More About Your Beliefs,,0,,t4_1w5at43,,False,unknown,No,False,"<!-- SC_OFF --><div class=""md""><p>No</p>
</div><!-- SC_ON -->",t4_1w5b3j5,1687440552.0,1687440552.0,,,True,2023-10-13T04:50:37.995645,"Thursday, June 22, 2023, at 09:29:12 PM",syy0ts2k
78,4119943321,t4_1w4wom1,,,[],t2_17efxo,1w5b271,re: Yale Researchers Looking to Learn More About Your Beliefs,,0,,t4_1w4wom1,,False,unknown,4 3 1 1,False,"<!-- SC_OFF --><div class=""md""><p>4 3 1 1</p>
</div><!-- SC_ON -->",t4_1w5b271,1687440422.0,1687440422.0,,,True,2023-10-13T04:50:37.995645,"Thursday, June 22, 2023, at 09:27:02 PM",17efxo
79,4120595695,t4_1w5anzj,,,[],t2_si3fv8tv,1w5aswq,re: Yale Researchers Looking to Learn More About Your Beliefs,,0,,t4_1w5anzj,,False,unknown,8 0 0 8,False,"<!-- SC_OFF --><div class=""md""><p>8 0 0 8</p>
</div><!-- SC_ON -->",t4_1w5aswq,1687439986.0,1687439986.0,,,True,2023-10-13T04:50:37.995645,"Thursday, June 22, 2023, at 09:19:46 PM",si3fv8tv
80,4120462093,t4_1w57swd,,,[],t2_54sus0o8,1w5asqj,re: Yale Researchers Looking to Learn More About Your Beliefs,,0,,t4_1w57swd,,False,unknown,Do you have informed consent forms? IRB approval?,False,"<!-- SC_OFF --><div class=""md""><p>Do you have informed consent forms? IRB approval?</p>
</div><!-- SC_ON -->",t4_1w5asqj,1687439966.0,1687439966.0,,,True,2023-10-13T04:50:37.995645,"Thursday, June 22, 2023, at 09:19:26 PM",54sus0o8
81,4120594783,t4_1w5ana7,,,[],t2_ciluo8kb,1w5as4r,re: Yale Researchers Looking to Learn More About Your Beliefs,,0,,t4_1w5ana7,,False,unknown,"3
4
2
4",False,"<!-- SC_OFF --><div class=""md""><p>3
4
2
4</p>
</div><!-- SC_ON -->",t4_1w5as4r,1687439899.0,1687439899.0,,,True,2023-10-13T04:50:38.003648,"Thursday, June 22, 2023, at 09:18:19 PM",ciluo8kb
82,4120595698,t4_1w5anzm,,,[],t2_16bwnt,1w5apdg,re: Yale Researchers Looking to Learn More About Your Beliefs,,0,,t4_1w5anzm,,False,unknown,"1

1

1

1",False,"<!-- SC_OFF --><div class=""md""><p>1</p>

<p>1</p>

<p>1</p>

<p>1</p>
</div><!-- SC_ON -->",t4_1w5apdg,1687439759.0,1687439759.0,,,True,2023-10-13T04:50:38.003648,"Thursday, June 22, 2023, at 09:15:59 PM",16bwnt
83,4120088878,t4_1w4zsxa,,,[],t2_janw1acd,1w5abfz,re: Yale Researchers Looking to Learn More About Your Beliefs,,0,,t4_1w4zsxa,,False,unknown,"3
7
2
1",False,"<!-- SC_OFF --><div class=""md""><p>3
7
2
1</p>
</div><!-- SC_ON -->",t4_1w5abfz,1687438917.0,1687438917.0,,,True,2023-10-13T04:50:38.003648,"Thursday, June 22, 2023, at 09:01:57 PM",janw1acd
84,4120550219,t4_1w59owb,,,[],t2_eqy4t3d2,1w5a2wi,re: Yale Researchers Looking to Learn More About Your Beliefs,,0,,t4_1w59owb,,False,unknown,"1

5

1

1

1",False,"<!-- SC_OFF --><div class=""md""><p>1</p>

<p>5</p>

<p>1</p>

<p>1</p>

<p>1</p>
</div><!-- SC_ON -->",t4_1w5a2wi,1687438534.0,1687438534.0,,,True,2023-10-13T04:50:38.003648,"Thursday, June 22, 2023, at 08:55:34 PM",eqy4t3d2
85,4120455915,t4_1w57o4r,,,[],t2_ov7i0ok4,1w59u28,re: Yale Researchers Looking to Learn More About Your Beliefs,,0,,t4_1w57o4r,,False,unknown,I do not wish to participate.   Have a good day.,False,"<!-- SC_OFF --><div class=""md""><p>I do not wish to participate.   Have a good day.</p>
</div><!-- SC_ON -->",t4_1w59u28,1687437983.0,1687437983.0,,,True,2023-10-13T04:50:38.003648,"Thursday, June 22, 2023, at 08:46:23 PM",ov7i0ok4
86,4119909939,t4_1w4vyur,,,[],t2_wnj20,1w59lvo,re: Yale Researchers Looking to Learn More About Your Beliefs,,0,,t4_1w4vyur,,False,unknown,"Well, first convince me you are a legit research project. Who is your PI? What other published research have they done? What institution is your host? What is the funding stream?",False,"<!-- SC_OFF --><div class=""md""><p>Well, first convince me you are a legit research project. Who is your PI? What other published research have they done? What institution is your host? What is the funding stream?</p>
</div><!-- SC_ON -->",t4_1w59lvo,1687437519.0,1687437519.0,,,True,2023-10-13T04:50:38.011649,"Thursday, June 22, 2023, at 08:38:39 PM",wnj20
87,4119943347,t4_1w4womr,,,[],t2_ad36ic7m,1w56nzf,re: Yale Researchers Looking to Learn More About Your Beliefs,,0,,t4_1w4womr,,False,unknown,"1
1
1
1",False,"<!-- SC_OFF --><div class=""md""><p>1
1
1
1</p>
</div><!-- SC_ON -->",t4_1w56nzf,1687431762.0,1687431762.0,,,True,2023-10-13T04:50:38.011649,"Thursday, June 22, 2023, at 07:02:42 PM",ad36ic7m
88,4120088930,t4_1w4zsyq,,,[],t2_9okho,1w565d2,re: Yale Researchers Looking to Learn More About Your Beliefs,,0,,t4_1w4zsyq,,False,unknown,"Hey, I'd be happy to help. I'd have to say politically I'm more moderate than how I appear online but I enjoy the Dark Brandon meme because it's nothing more than Trump sycophancy turned on it's head and dialed up to 11.

1 4 1 2",False,"<!-- SC_OFF --><div class=""md""><p>Hey, I&#39;d be happy to help. I&#39;d have to say politically I&#39;m more moderate than how I appear online but I enjoy the Dark Brandon meme because it&#39;s nothing more than Trump sycophancy turned on it&#39;s head and dialed up to 11.</p>

<p>1 4 1 2</p>
</div><!-- SC_ON -->",t4_1w565d2,1687430652.0,1687430652.0,,,True,2023-10-13T04:50:38.011649,"Thursday, June 22, 2023, at 06:44:12 PM",9okho
89,4120077242,t4_1w4zjy2,,,[],t2_14h7ep,1w55vk3,re: Yale Researchers Looking to Learn More About Your Beliefs,,0,,t4_1w4zjy2,,False,unknown,7477,False,"<!-- SC_OFF --><div class=""md""><p>7477</p>
</div><!-- SC_ON -->",t4_1w55vk3,1687429910.0,1687429910.0,,,True,2023-10-13T04:50:38.011649,"Thursday, June 22, 2023, at 06:31:50 PM",14h7ep
90,4119906199,t4_1w4vvyv,,,[],t2_so3lx0sp,1w55jmk,re: Yale Researchers Looking to Learn More About Your Beliefs,,0,,t4_1w4vvyv,,False,unknown,"1
4
1
1",False,"<!-- SC_OFF --><div class=""md""><p>1
4
1
1</p>
</div><!-- SC_ON -->",t4_1w55jmk,1687429098.0,1687429098.0,,,True,2023-10-13T04:50:38.011649,"Thursday, June 22, 2023, at 06:18:18 PM",so3lx0sp
91,4119909923,t4_1w4vyub,,,[],t2_3ag9fm7d,1w54zu6,re: Yale Researchers Looking to Learn More About Your Beliefs,,0,,t4_1w4vyub,,False,unknown,1 1,False,"<!-- SC_OFF --><div class=""md""><p>1 1</p>
</div><!-- SC_ON -->",t4_1w54zu6,1687427695.0,1687427695.0,,,True,2023-10-13T04:50:38.019651,"Thursday, June 22, 2023, at 05:54:55 PM",3ag9fm7d
92,4118850425,t4_1w499bt,,,[],t2_5zmi7,1w53de1,re: Yale Researchers Looking to Learn More About Your Beliefs,,0,,t4_1w499bt,,False,unknown,"1
4
1
1",False,"<!-- SC_OFF --><div class=""md""><p>1
4
1
1</p>
</div><!-- SC_ON -->",t4_1w53de1,1687423568.0,1687423568.0,,,True,2023-10-13T04:50:38.019651,"Thursday, June 22, 2023, at 04:46:08 PM",5zmi7
93,4120083191,t4_1w4zojb,,,[],t2_1cr18x05,1w52una,re: Yale Researchers Looking to Learn More About Your Beliefs,,0,,t4_1w4zojb,,False,unknown,1 3 2 1,False,"<!-- SC_OFF --><div class=""md""><p>1 3 2 1</p>
</div><!-- SC_ON -->",t4_1w52una,1687422213.0,1687422213.0,,,True,2023-10-13T04:50:38.019651,"Thursday, June 22, 2023, at 04:23:33 PM",1cr18x05
94,4120083212,t4_1w4zojw,,,[],t2_9qcd1ob,1w527kr,re: Yale Researchers Looking to Learn More About Your Beliefs,,0,,t4_1w4zojw,,False,unknown,"2,1,2,2",False,"<!-- SC_OFF --><div class=""md""><p>2,1,2,2</p>
</div><!-- SC_ON -->",t4_1w527kr,1687420703.0,1687420703.0,,,True,2023-10-13T04:50:38.019651,"Thursday, June 22, 2023, at 03:58:23 PM",9qcd1ob
95,4119909955,t4_1w4vyv7,,,[],t2_eptno,1w50zx4,re: Yale Researchers Looking to Learn More About Your Beliefs,,0,,t4_1w4vyv7,,False,unknown,"1
1
3
1",False,"<!-- SC_OFF --><div class=""md""><p>1
1
3
1</p>
</div><!-- SC_ON -->",t4_1w50zx4,1687417878.0,1687417878.0,,,True,2023-10-13T04:50:38.019651,"Thursday, June 22, 2023, at 03:11:18 PM",eptno
96,4119916360,t4_1w4w3t4,,,[],t2_o2mjj3qo,1w505a2,re: Yale Researchers Looking to Learn More About Your Beliefs,,0,,t4_1w4w3t4,,False,unknown,1 2 1 1,False,"<!-- SC_OFF --><div class=""md""><p>1 2 1 1</p>
</div><!-- SC_ON -->",t4_1w505a2,1687415823.0,1687415823.0,,,True,2023-10-13T04:50:38.027654,"Thursday, June 22, 2023, at 02:37:03 PM",o2mjj3qo
97,4120071131,t4_1w4zf8b,,,[],t2_9b9ii,1w4zwra,re: Yale Researchers Looking to Learn More About Your Beliefs,,0,,t4_1w4zf8b,,False,unknown,"1. 2
2. 2
3. 3
4. 2",False,"<!-- SC_OFF --><div class=""md""><ol>
<li>2</li>
<li>2</li>
<li>3</li>
<li>2</li>
</ol>
</div><!-- SC_ON -->",t4_1w4zwra,1687415297.0,1687415297.0,,,True,2023-10-13T04:50:38.027654,"Thursday, June 22, 2023, at 02:28:17 PM",9b9ii
98,4120058914,t4_1w4z5sy,,,[],t2_yvy7weh,1w4zjql,re: Yale Researchers Looking to Learn More About Your Beliefs,,0,,t4_1w4z5sy,,False,unknown,"I'm not outraged and was not outraged, so you can fill in one for all my answers.

I'm amused by the entire circus.",False,"<!-- SC_OFF --><div class=""md""><p>I&#39;m not outraged and was not outraged, so you can fill in one for all my answers.</p>

<p>I&#39;m amused by the entire circus.</p>
</div><!-- SC_ON -->",t4_1w4zjql,1687414465.0,1687414465.0,,,True,2023-10-13T04:50:38.027654,"Thursday, June 22, 2023, at 02:14:25 PM",yvy7weh
99,4119909890,t4_1w4vyte,,,[],t2_12ylsl,1w4wxgr,re: Yale Researchers Looking to Learn More About Your Beliefs,,0,,t4_1w4vyte,,False,unknown,"2
1
1
7",False,"<!-- SC_OFF --><div class=""md""><p>2
1
1
7</p>
</div><!-- SC_ON -->",t4_1w4wxgr,1687408676.0,1687408676.0,,,True,2023-10-13T04:50:38.027654,"Thursday, June 22, 2023, at 12:37:56 PM",12ylsl
100,4119906232,t4_1w4vvzs,,,[],t2_78cyc3ij,1w4w9si,re: Yale Researchers Looking to Learn More About Your Beliefs,,0,,t4_1w4vvzs,,False,unknown,"2
2
3
4",False,"<!-- SC_OFF --><div class=""md""><p>2
2
3
4</p>
</div><!-- SC_ON -->",t4_1w4w9si,1687407351.0,1687407351.0,,,True,2023-10-13T04:50:38.027654,"Thursday, June 22, 2023, at 12:15:51 PM",78cyc3ij
101,4118858872,t4_1w49fug,,,[],t2_a2wbvs1z,1w4nxp8,re: Yale Researchers Looking to Learn More About Your Beliefs,,0,,t4_1w49fug,,False,unknown,"1
1
3
1",False,"<!-- SC_OFF --><div class=""md""><p>1
1
3
1</p>
</div><!-- SC_ON -->",t4_1w4nxp8,1687391305.0,1687391305.0,,,True,2023-10-13T04:50:38.035655,"Thursday, June 22, 2023, at 07:48:25 AM",a2wbvs1z
102,4118850474,t4_1w499d6,,,[],t2_2vzjlxkd,1w4jaya,re: Yale Researchers Looking to Learn More About Your Beliefs,,0,,t4_1w499d6,,False,unknown,"For a fee, yes, I will complete your survey.",False,"<!-- SC_OFF --><div class=""md""><p>For a fee, yes, I will complete your survey.</p>
</div><!-- SC_ON -->",t4_1w4jaya,1687383528.0,1687383528.0,,,True,2023-10-13T04:50:38.035655,"Thursday, June 22, 2023, at 05:38:48 AM",2vzjlxkd
103,4118204939,t4_1w3vf9n,,,[],t2_q0goazy5,1w4j7u8,re: Yale Researchers Looking to Learn More About Your Beliefs,,0,,t4_1w3vf9n,,False,unknown,"1. 5
2. 3
3. 3
4. 5",False,"<!-- SC_OFF --><div class=""md""><ol>
<li>5</li>
<li>3</li>
<li>3</li>
<li>5</li>
</ol>
</div><!-- SC_ON -->",t4_1w4j7u8,1687383407.0,1687383407.0,,,True,2023-10-13T04:50:38.035655,"Thursday, June 22, 2023, at 05:36:47 AM",q0goazy5
104,4118167042,t4_1w3um0y,,,[],t2_5n8am,1w4h5eu,re: Yale Researchers Looking to Learn More About Your Beliefs,,0,,t4_1w3um0y,,False,unknown,"1
1
2
1",False,"<!-- SC_OFF --><div class=""md""><p>1
1
2
1</p>
</div><!-- SC_ON -->",t4_1w4h5eu,1687380277.0,1687380277.0,,,True,2023-10-13T04:50:38.035655,"Thursday, June 22, 2023, at 04:44:37 AM",5n8am
105,4118204982,t4_1w3vfau,,,[],t2_174cr0,1w4grub,re: Yale Researchers Looking to Learn More About Your Beliefs,,0,,t4_1w3vfau,,False,unknown,"1  
1  
(unknown)    
1",False,"<!-- SC_OFF --><div class=""md""><p>1<br/>
1<br/>
(unknown)<br/>
1</p>
</div><!-- SC_ON -->",t4_1w4grub,1687379630.0,1687379630.0,,,True,2023-10-13T04:50:38.043658,"Thursday, June 22, 2023, at 04:33:50 AM",174cr0
106,4118832815,t4_1w48vqn,,,[],t2_k5jr0gml,1w4eesz,re: Yale Researchers Looking to Learn More About Your Beliefs,,0,,t4_1w48vqn,,False,unknown,Huh? why would I be outraged?,False,"<!-- SC_OFF --><div class=""md""><p>Huh? why would I be outraged?</p>
</div><!-- SC_ON -->",t4_1w4eesz,1687375638.0,1687375638.0,,,True,2023-10-13T04:50:38.043658,"Thursday, June 22, 2023, at 03:27:18 AM",k5jr0gml
107,4118858828,t4_1w49ft8,,,[],t2_3wgvyq32,1w4e5ps,re: Yale Researchers Looking to Learn More About Your Beliefs,,0,,t4_1w49ft8,,False,unknown,"2
1
1
1",False,"<!-- SC_OFF --><div class=""md""><p>2
1
1
1</p>
</div><!-- SC_ON -->",t4_1w4e5ps,1687375281.0,1687375281.0,,,True,2023-10-13T04:50:38.043658,"Thursday, June 22, 2023, at 03:21:21 AM",3wgvyq32
108,4118822773,t4_1w48nzp,,,[],t2_8a7jpv12l,1w4dj13,re: Yale Researchers Looking to Learn More About Your Beliefs,,0,,t4_1w48nzp,,False,unknown,sweep your dorm room kid,False,"<!-- SC_OFF --><div class=""md""><p>sweep your dorm room kid</p>
</div><!-- SC_ON -->",t4_1w4dj13,1687374225.0,1687374225.0,,,True,2023-10-13T04:50:38.043658,"Thursday, June 22, 2023, at 03:03:45 AM",8a7jpv12l
109,4118833128,t4_1w48vzc,,,[],t2_voukg27l,1w4al86,re: Yale Researchers Looking to Learn More About Your Beliefs,,0,,t4_1w48vzc,,False,unknown,"I do not get upset when posting on the internet, nor do I care if what I say upsets peope. The world is on its ear with nonsense at the moment. Teaching queer sex beliefs in schools????? Give me a break.",False,"<!-- SC_OFF --><div class=""md""><p>I do not get upset when posting on the internet, nor do I care if what I say upsets peope. The world is on its ear with nonsense at the moment. Teaching queer sex beliefs in schools????? Give me a break.</p>
</div><!-- SC_ON -->",t4_1w4al86,1687369248.0,1687369248.0,,,True,2023-10-13T04:50:38.043658,"Thursday, June 22, 2023, at 01:40:48 AM",voukg27l
110,4118858811,t4_1w49fsr,,,[],t2_5nsyx9vep,1w4ca02,re: Yale Researchers Looking to Learn More About Your Beliefs,,0,,t4_1w49fsr,,False,unknown,"> Once-Upon-A-Hill,
> 
> My research group is interested in how people express themselves on social
> media. Would you like to answer a few questions to help us with our
> research? Your response will remain anonymous. 
> 
> You posted the following message on Wednesday, June 21, 2023, at 10:36:52 PM in the r/Conservative subreddit:
> 
> And you are the dummy who is operating from misinformation in their minds.
1
5
2
1",False,"<!-- SC_OFF --><div class=""md""><blockquote>
<p>Once-Upon-A-Hill,</p>

<p>My research group is interested in how people express themselves on social
media. Would you like to answer a few questions to help us with our
research? Your response will remain anonymous. </p>

<p>You posted the following message on Wednesday, June 21, 2023, at 10:36:52 PM in the <a href=""/r/Conservative"">r/Conservative</a> subreddit:</p>

<p>And you are the dummy who is operating from misinformation in their minds.
1
5
2
1</p>
</blockquote>
</div><!-- SC_ON -->",t4_1w4ca02,1687372042.0,1687372042.0,,,True,2023-10-13T04:50:38.051658,"Thursday, June 22, 2023, at 02:27:22 AM",5nsyx9vep
111,4118867339,t4_1w49mdn,,,[],t2_5nsyx9vep,1w4c58i,re: Yale Researchers Looking to Learn More About Your Beliefs,,0,,t4_1w49mdn,,False,unknown,"> How outraged did you feel on a 1-7 scale? (1 = not at all, 4 = somewhat, 7 = very)
> 2. How happy did you feel on a 1-7 scale? (1 = not at all, 4 = somewhat, 7 = very)
> 3. How outraged do you think your message will appear to others (1 = not at all, 4 = somewhat, 7 = very)
> 4. RIGHT NOW how outraged are you ab
1
5
2
1",False,"<!-- SC_OFF --><div class=""md""><blockquote>
<p>How outraged did you feel on a 1-7 scale? (1 = not at all, 4 = somewhat, 7 = very)
2. How happy did you feel on a 1-7 scale? (1 = not at all, 4 = somewhat, 7 = very)
3. How outraged do you think your message will appear to others (1 = not at all, 4 = somewhat, 7 = very)
4. RIGHT NOW how outraged are you ab
1
5
2
1</p>
</blockquote>
</div><!-- SC_ON -->",t4_1w4c58i,1687371860.0,1687371860.0,,,True,2023-10-13T04:50:38.051658,"Thursday, June 22, 2023, at 02:24:20 AM",5nsyx9vep
112,4118199578,t4_1w3vb4q,,,[],t2_3yy823la,1w4bkzf,re: Yale Researchers Looking to Learn More About Your Beliefs,,0,,t4_1w3vb4q,,False,unknown,"2
?
2
6",False,"<!-- SC_OFF --><div class=""md""><p>2
?
2
6</p>
</div><!-- SC_ON -->",t4_1w4bkzf,1687370872.0,1687370872.0,,,True,2023-10-13T04:50:38.051658,"Thursday, June 22, 2023, at 02:07:52 AM",3yy823la
113,4118833020,t4_1w48vwc,,,[],t2_f51p5ox7,1w4arl7,re: Yale Researchers Looking to Learn More About Your Beliefs,,0,,t4_1w48vwc,,False,unknown,i think Yale is full of libtards with priviliged up bringings and nepo babies with no actual life experience that just are good at memorizing shit out of textbooks at most :),False,"<!-- SC_OFF --><div class=""md""><p>i think Yale is full of libtards with priviliged up bringings and nepo babies with no actual life experience that just are good at memorizing shit out of textbooks at most :)</p>
</div><!-- SC_ON -->",t4_1w4arl7,1687369556.0,1687369556.0,,,True,2023-10-13T04:50:38.051658,"Thursday, June 22, 2023, at 01:45:56 AM",f51p5ox7
114,4118850445,t4_1w499cd,,,[],t2_6xr8e8up,1w4apcw,re: Yale Researchers Looking to Learn More About Your Beliefs,,0,,t4_1w499cd,,False,unknown,"4
4
2
4",False,"<!-- SC_OFF --><div class=""md""><p>4
4
2
4</p>
</div><!-- SC_ON -->",t4_1w4apcw,1687369403.0,1687369403.0,,,True,2023-10-13T04:50:38.051658,"Thursday, June 22, 2023, at 01:43:23 AM",6xr8e8up
115,4118840700,t4_1w491to,,,[],t2_2v4sncb0,1w4al6x,re: Yale Researchers Looking to Learn More About Your Beliefs,,0,,t4_1w491to,,False,unknown,Not interested.,False,"<!-- SC_OFF --><div class=""md""><p>Not interested.</p>
</div><!-- SC_ON -->",t4_1w4al6x,1687369247.0,1687369247.0,,,True,2023-10-13T04:50:38.059661,"Thursday, June 22, 2023, at 01:40:47 AM",2v4sncb0
116,4118850422,t4_1w499bq,,,[],t2_2nyvrax3,1w4aji7,re: Yale Researchers Looking to Learn More About Your Beliefs,,0,,t4_1w499bq,,False,unknown,"Well, this is a first...

My message was meant ironically. I truly think that the people of r/conservative have very little grasp of how fascistic they act. The replies I've been getting only aggrandize that feeling within me so my numbers might be weird for your scale. 

So, again, not sure if you are looking at messages where the people are just trolling but here are my responses:

4
7
1
5",False,"<!-- SC_OFF --><div class=""md""><p>Well, this is a first...</p>

<p>My message was meant ironically. I truly think that the people of <a href=""/r/conservative"">r/conservative</a> have very little grasp of how fascistic they act. The replies I&#39;ve been getting only aggrandize that feeling within me so my numbers might be weird for your scale. </p>

<p>So, again, not sure if you are looking at messages where the people are just trolling but here are my responses:</p>

<p>4
7
1
5</p>
</div><!-- SC_ON -->",t4_1w4aji7,1687369138.0,1687369138.0,,,True,2023-10-13T04:50:38.059661,"Thursday, June 22, 2023, at 01:38:58 AM",2nyvrax3
117,4118822756,t4_1w48nz8,,,[],t2_3xpxgnz5,1w4ajhe,re: Yale Researchers Looking to Learn More About Your Beliefs,,0,,t4_1w48nz8,,False,unknown,"1
5
1
1",False,"<!-- SC_OFF --><div class=""md""><p>1
5
1
1</p>
</div><!-- SC_ON -->",t4_1w4ajhe,1687369136.0,1687369136.0,,,True,2023-10-13T04:50:38.059661,"Thursday, June 22, 2023, at 01:38:56 AM",3xpxgnz5
118,4118824031,t4_1w48oyn,,,[],t2_9mtjy0zzf,1w4a50q,re: Yale Researchers Looking to Learn More About Your Beliefs,,0,,t4_1w48oyn,,False,unknown,Fuck off,False,"<!-- SC_OFF --><div class=""md""><p>Fuck off</p>
</div><!-- SC_ON -->",t4_1w4a50q,1687368514.0,1687368514.0,,,True,2023-10-13T04:50:38.059661,"Thursday, June 22, 2023, at 01:28:34 AM",9mtjy0zzf
119,4118867353,t4_1w49me1,,,[],t2_3cr2mqeq,1w49w50,re: Yale Researchers Looking to Learn More About Your Beliefs,,0,,t4_1w49me1,,False,unknown,1311,False,"<!-- SC_OFF --><div class=""md""><p>1311</p>
</div><!-- SC_ON -->",t4_1w49w50,1687368109.0,1687368109.0,,,True,2023-10-13T04:50:38.059661,"Thursday, June 22, 2023, at 01:21:49 AM",3cr2mqeq
120,4118858896,t4_1w49fv4,,,[],t2_d8tcn,1w49tm1,re: Yale Researchers Looking to Learn More About Your Beliefs,,0,,t4_1w49fv4,,False,unknown,"1
4
1
1",False,"<!-- SC_OFF --><div class=""md""><p>1
4
1
1</p>
</div><!-- SC_ON -->",t4_1w49tm1,1687368044.0,1687368044.0,,,True,2023-10-13T04:50:38.067663,"Thursday, June 22, 2023, at 01:20:44 AM",d8tcn
121,4118822763,t4_1w48nzf,,,[],t2_kxo6z,1w49nwg,re: Yale Researchers Looking to Learn More About Your Beliefs,,0,,t4_1w48nzf,,False,unknown,"3
1
2
3",False,"<!-- SC_OFF --><div class=""md""><p>3
1
2
3</p>
</div><!-- SC_ON -->",t4_1w49nwg,1687367764.0,1687367764.0,,,True,2023-10-13T04:50:38.067663,"Thursday, June 22, 2023, at 01:16:04 AM",kxo6z
122,4118832958,t4_1w48vum,,,[],t2_eqewj,1w48ypz,re: Yale Researchers Looking to Learn More About Your Beliefs,,0,,t4_1w48vum,,False,unknown,"2

2

3

1",False,"<!-- SC_OFF --><div class=""md""><p>2</p>

<p>2</p>

<p>3</p>

<p>1</p>
</div><!-- SC_ON -->",t4_1w48ypz,1687366613.0,1687366613.0,,,True,2023-10-13T04:50:38.067663,"Thursday, June 22, 2023, at 12:56:53 AM",eqewj
123,4118824082,t4_1w48p02,,,[],t2_ebqowmvu,1w48wwe,re: Yale Researchers Looking to Learn More About Your Beliefs,,0,,t4_1w48p02,,False,unknown,"> feel

1
1
1
1",False,"<!-- SC_OFF --><div class=""md""><blockquote>
<p>feel</p>
</blockquote>

<p>1
1
1
1</p>
</div><!-- SC_ON -->",t4_1w48wwe,1687366566.0,1687366566.0,,,True,2023-10-13T04:50:38.067663,"Thursday, June 22, 2023, at 12:56:06 AM",ebqowmvu
124,4118199602,t4_1w3vb5e,,,[],t2_vkgr2yra,1w47s2z,re: Yale Researchers Looking to Learn More About Your Beliefs,,0,,t4_1w3vb5e,,False,unknown,"1
4
2
1",False,"<!-- SC_OFF --><div class=""md""><p>1
4
2
1</p>
</div><!-- SC_ON -->",t4_1w47s2z,1687364593.0,1687364593.0,,,True,2023-10-13T04:50:38.067663,"Thursday, June 22, 2023, at 12:23:13 AM",vkgr2yra
125,4118184174,t4_1w3uz8u,,,[],t2_ppwoobv,1w43tne,re: Yale Researchers Looking to Learn More About Your Beliefs,,0,,t4_1w3uz8u,,False,unknown,"4
1
4
4",False,"<!-- SC_OFF --><div class=""md""><p>4
1
4
4</p>
</div><!-- SC_ON -->",t4_1w43tne,1687357970.0,1687357970.0,,,True,2023-10-13T04:50:38.075665,"Wednesday, June 21, 2023, at 10:32:50 PM",ppwoobv
126,4118184190,t4_1w3uz9a,,,[],t2_2j286ui5,1w43ji2,re: Yale Researchers Looking to Learn More About Your Beliefs,,0,,t4_1w3uz9a,,False,unknown,"1

1

1

1",False,"<!-- SC_OFF --><div class=""md""><p>1</p>

<p>1</p>

<p>1</p>

<p>1</p>
</div><!-- SC_ON -->",t4_1w43ji2,1687357669.0,1687357669.0,,,True,2023-10-13T04:50:38.075665,"Wednesday, June 21, 2023, at 10:27:49 PM",2j286ui5
127,4118179231,t4_1w3uvfj,,,[],t2_rdnb27j9,1w43ics,re: Yale Researchers Looking to Learn More About Your Beliefs,,0,,t4_1w3uvfj,,False,unknown,"5
2
2
5

If it's not obvious: the outrage here is at Newsweek pushing the false right-wing narrative that Democrats are *only now* calling for Jared Kushner to be investigated, *because* Hunter Biden was charged, in some petty, tribal, tit-for-tat way.",False,"<!-- SC_OFF --><div class=""md""><p>5
2
2
5</p>

<p>If it&#39;s not obvious: the outrage here is at Newsweek pushing the false right-wing narrative that Democrats are <em>only now</em> calling for Jared Kushner to be investigated, <em>because</em> Hunter Biden was charged, in some petty, tribal, tit-for-tat way.</p>
</div><!-- SC_ON -->",t4_1w43ics,1687357608.0,1687357608.0,,,True,2023-10-13T04:50:38.075665,"Wednesday, June 21, 2023, at 10:26:48 PM",rdnb27j9
128,4118168819,t4_1w3uneb,,,[],t2_8mdy72b6p,1w43edy,re: Yale Researchers Looking to Learn More About Your Beliefs,,0,,t4_1w3uneb,,False,unknown,"1

4

2

1",False,"<!-- SC_OFF --><div class=""md""><p>1</p>

<p>4</p>

<p>2</p>

<p>1</p>
</div><!-- SC_ON -->",t4_1w43edy,1687357445.0,1687357445.0,,,True,2023-10-13T04:50:38.075665,"Wednesday, June 21, 2023, at 10:24:05 PM",8mdy72b6p
129,4118189119,t4_1w3v327,,,[],t2_n5mq33f,1w40ael,re: Yale Researchers Looking to Learn More About Your Beliefs,,0,,t4_1w3v327,,False,unknown,"1
3
1
1",False,"<!-- SC_OFF --><div class=""md""><p>1
3
1
1</p>
</div><!-- SC_ON -->",t4_1w40ael,1687351563.0,1687351563.0,,,True,2023-10-13T04:50:38.075665,"Wednesday, June 21, 2023, at 08:46:03 PM",n5mq33f
130,4118179222,t4_1w3uvfa,,,[],t2_4xrc6,1w3znho,re: Yale Researchers Looking to Learn More About Your Beliefs,,0,,t4_1w3uvfa,,False,unknown,3 2 5 1,False,"<!-- SC_OFF --><div class=""md""><p>3 2 5 1</p>
</div><!-- SC_ON -->",t4_1w3znho,1687350262.0,1687350262.0,,,True,2023-10-13T04:50:38.075665,"Wednesday, June 21, 2023, at 08:24:22 PM",4xrc6
131,4118168909,t4_1w3ungt,,,[],t2_e026r,1w3ynzn,re: Yale Researchers Looking to Learn More About Your Beliefs,,0,,t4_1w3ungt,,False,unknown,"4

3

1

3",False,"<!-- SC_OFF --><div class=""md""><p>4</p>

<p>3</p>

<p>1</p>

<p>3</p>
</div><!-- SC_ON -->",t4_1w3ynzn,1687347983.0,1687347983.0,,,True,2023-10-13T04:50:38.083674,"Wednesday, June 21, 2023, at 07:46:23 PM",e026r
132,4118204953,t4_1w3vfa1,,,[],t2_itbx9,1w3vi3k,re: Yale Researchers Looking to Learn More About Your Beliefs,,0,,t4_1w3vfa1,,False,unknown,"2
5
4
2",False,"<!-- SC_OFF --><div class=""md""><p>2
5
4
2</p>
</div><!-- SC_ON -->",t4_1w3vi3k,1687340807.0,1687340807.0,,,True,2023-10-13T04:50:38.083674,"Wednesday, June 21, 2023, at 05:46:47 PM",itbx9
133,4111126640,t4_1vznpm8,,,[],t2_ffvepm99,1w38ty4,re: Yale Researchers Looking to Learn More About Your Beliefs,,0,,t4_1vznpm8,,False,unknown,"

I would oppose reddit banning r/conservative as I view it as relatively harmless compared to less moderated conservative spaces and view puritanical and muscular progressivism as a threat to an open society. However I do not view the discourse on r/conservative as particularly valuable nor do I think in the grand scheme of things reddit banning r/conservative would make a vast amount of difference in the political landscape. I would put my outrage level at 2.5 and happiness level at 3.  My motivation in participating in r/conservative besides entertainment which would be primary is to do my very small part to win intra-partisan disputes on issues like Ukraine (who I support) or industralism vs libertarianism (to which I support the former) or occasionally environmentalism (which I support). I view inter-partisan fights as largely pointless online as you are either speaking to the choir or just giving the other side an excuse to circle the wagons. The point in participating in these exchanges is to build credibility within the sub and evade bans for heterodox positions. Thats not to say my views are always or entirely disingenuous when posting on inter-partisan disputes. At first they tended to be but overtime I've come to exaggerate my position on issues which I somewhat agree on in a performative way. This is useful in maintaining my conservative flair and evading suspicion of insufficient conservatism granting greater ""political capital"" in intra-party debates. I would add further motivation for this. 

There is a difference between a political and factual truth. I view r/conservative imminent ban as unlikely although possible so in some ways you could view this as deliberate misinformation but that ignores the political truth which is that I do think in the long run that reddit will slowly suffocate right leaning subs for both financial and political reasons. ESG has become a political short-hand for those pressures that will perhaps incomplete or exaggerated is broadly accurate. 

Given that I view puritanical progressivism as a long-term but somewhat existential threat to an open society I view the cultivation of resolve against progressive censorship as a secondary good on this sub. Growing authoritarianism on the left works because it moves slowly and individuals lose little by conformity at each successive stage even if their will to resist would be much greater if taken in their totality. Cultivating resolve in the face of censorship earlier and political mobilization earlier via some degree of threat inflation is useful in cultivating political pressure and countervailing power. You would likely disagree arguing that political radicalization is the bigger threat. I would counter that while political radicalization at its extreme is a negative consequence to such an approach  political mobilization is necessary to combat authoritarianism and a passive right would not be an effective countervailing power. More importantly however I view some degree of political radicalization inevitable from participating in the sub and I view as something of a civic duty to direct political energy away from both delusional targets that waste political capital like stop the steal and away from punching down at other Americans like the poor or gay people and towards targets that are both more politically effective and would lead to a more democratic and moral society like breaking the power of Wall Street so I would place the answer to question 3 at a 5. 

A progressive researcher like yourselves would likely counter that the real threat of authoritarianism is from the right but the reality is that Republicans are both too incompetent and their basic policy positions too delusional to represent a real threat to liberty. The DeSantian ""Counter-Reformation"" may have a limited degree of success in conservative states and that while often distasteful is useful to some extent in preventing political hegemony from arising by the creation of a solid Republican base that will counter progressive drift from education. However there is little national long term threat of conservative consolidation due to their more unpopular regressive social policies and the unpopularity of libertarianism especially in the face of coming automation. The real threat is that when the somewhat inevitable collapse of the Republican Party comes the left could gain power unbounded by democratic pressures. Thus the long-term preservation of society requires introducing ideas for a functional right now. I'm not delusional and don't believe I personally have much impact in that but every man has to do their small duty to achieve an optimal world. 



In the face of a long-term threat earlier mobilization is preferable as it allows the earlier organization of actors and possibly greater time for policy-makers to prepare a response. Furthermore I view the cultivation of resolve against censorship as important for the long term survival of an open society. 







 As to whether I believe that Reddit will ban r/conservative I would probably say yes 

3,3,5, 2 - Seems less likely to occur now than it did a week ago",False,"<!-- SC_OFF --><div class=""md""><p>I would oppose reddit banning <a href=""/r/conservative"">r/conservative</a> as I view it as relatively harmless compared to less moderated conservative spaces and view puritanical and muscular progressivism as a threat to an open society. However I do not view the discourse on <a href=""/r/conservative"">r/conservative</a> as particularly valuable nor do I think in the grand scheme of things reddit banning <a href=""/r/conservative"">r/conservative</a> would make a vast amount of difference in the political landscape. I would put my outrage level at 2.5 and happiness level at 3.  My motivation in participating in <a href=""/r/conservative"">r/conservative</a> besides entertainment which would be primary is to do my very small part to win intra-partisan disputes on issues like Ukraine (who I support) or industralism vs libertarianism (to which I support the former) or occasionally environmentalism (which I support). I view inter-partisan fights as largely pointless online as you are either speaking to the choir or just giving the other side an excuse to circle the wagons. The point in participating in these exchanges is to build credibility within the sub and evade bans for heterodox positions. Thats not to say my views are always or entirely disingenuous when posting on inter-partisan disputes. At first they tended to be but overtime I&#39;ve come to exaggerate my position on issues which I somewhat agree on in a performative way. This is useful in maintaining my conservative flair and evading suspicion of insufficient conservatism granting greater &quot;political capital&quot; in intra-party debates. I would add further motivation for this. </p>

<p>There is a difference between a political and factual truth. I view <a href=""/r/conservative"">r/conservative</a> imminent ban as unlikely although possible so in some ways you could view this as deliberate misinformation but that ignores the political truth which is that I do think in the long run that reddit will slowly suffocate right leaning subs for both financial and political reasons. ESG has become a political short-hand for those pressures that will perhaps incomplete or exaggerated is broadly accurate. </p>

<p>Given that I view puritanical progressivism as a long-term but somewhat existential threat to an open society I view the cultivation of resolve against progressive censorship as a secondary good on this sub. Growing authoritarianism on the left works because it moves slowly and individuals lose little by conformity at each successive stage even if their will to resist would be much greater if taken in their totality. Cultivating resolve in the face of censorship earlier and political mobilization earlier via some degree of threat inflation is useful in cultivating political pressure and countervailing power. You would likely disagree arguing that political radicalization is the bigger threat. I would counter that while political radicalization at its extreme is a negative consequence to such an approach  political mobilization is necessary to combat authoritarianism and a passive right would not be an effective countervailing power. More importantly however I view some degree of political radicalization inevitable from participating in the sub and I view as something of a civic duty to direct political energy away from both delusional targets that waste political capital like stop the steal and away from punching down at other Americans like the poor or gay people and towards targets that are both more politically effective and would lead to a more democratic and moral society like breaking the power of Wall Street so I would place the answer to question 3 at a 5. </p>

<p>A progressive researcher like yourselves would likely counter that the real threat of authoritarianism is from the right but the reality is that Republicans are both too incompetent and their basic policy positions too delusional to represent a real threat to liberty. The DeSantian &quot;Counter-Reformation&quot; may have a limited degree of success in conservative states and that while often distasteful is useful to some extent in preventing political hegemony from arising by the creation of a solid Republican base that will counter progressive drift from education. However there is little national long term threat of conservative consolidation due to their more unpopular regressive social policies and the unpopularity of libertarianism especially in the face of coming automation. The real threat is that when the somewhat inevitable collapse of the Republican Party comes the left could gain power unbounded by democratic pressures. Thus the long-term preservation of society requires introducing ideas for a functional right now. I&#39;m not delusional and don&#39;t believe I personally have much impact in that but every man has to do their small duty to achieve an optimal world. </p>

<p>In the face of a long-term threat earlier mobilization is preferable as it allows the earlier organization of actors and possibly greater time for policy-makers to prepare a response. Furthermore I view the cultivation of resolve against censorship as important for the long term survival of an open society. </p>

<p>As to whether I believe that Reddit will ban <a href=""/r/conservative"">r/conservative</a> I would probably say yes </p>

<p>3,3,5, 2 - Seems less likely to occur now than it did a week ago</p>
</div><!-- SC_ON -->",t4_1w38ty4,1687295453.0,1687295453.0,,,True,2023-10-13T04:50:38.083674,"Wednesday, June 21, 2023, at 05:10:53 AM",ffvepm99
134,4111134739,t4_1vznvv7,,,[],t2_4w3ga65ow,1w10xso,re: Yale Researchers Looking to Learn More About Your Beliefs,,0,,t4_1vznvv7,,False,unknown,"2 

4

4

6",False,"<!-- SC_OFF --><div class=""md""><p>2 </p>

<p>4</p>

<p>4</p>

<p>6</p>
</div><!-- SC_ON -->",t4_1w10xso,1687146403.0,1687146403.0,,,True,2023-10-13T04:50:38.083674,"Monday, June 19, 2023, at 11:46:43 AM",4w3ga65ow
135,4110409664,t4_1vz8ce8,,,[],t2_a8qebebds,1w0s1mf,re: Yale Researchers Looking to Learn More About Your Beliefs,,0,,t4_1vz8ce8,,False,unknown,"1
2
1
1



Outrage does not describe my feeling at the time, more disdain. I also think most are too desensitised to be outraged. Mild disgust perhaps, not rage. I was happy that the problem is exposed to the public, but only slightly.",False,"<!-- SC_OFF --><div class=""md""><p>1
2
1
1</p>

<p>Outrage does not describe my feeling at the time, more disdain. I also think most are too desensitised to be outraged. Mild disgust perhaps, not rage. I was happy that the problem is exposed to the public, but only slightly.</p>
</div><!-- SC_ON -->",t4_1w0s1mf,1687129410.0,1687129410.0,,,True,2023-10-13T04:50:38.091680,"Monday, June 19, 2023, at 07:03:30 AM",a8qebebds
136,4111126655,t4_1vznpmn,,,[],t2_cvr41wawf,1vzph35,re: Yale Researchers Looking to Learn More About Your Beliefs,,0,,t4_1vznpmn,,False,unknown,"1. 4
2. 5
3. 2
4. 3",False,"<!-- SC_OFF --><div class=""md""><ol>
<li>4</li>
<li>5</li>
<li>2</li>
<li>3</li>
</ol>
</div><!-- SC_ON -->",t4_1vzph35,1687052214.0,1687052214.0,,,True,2023-10-13T04:50:38.091680,"Sunday, June 18, 2023, at 09:36:54 AM",cvr41wawf
137,4111492809,t4_1vzvk5l,,,[],t2_9w60dcsx,1w05apg,re: Yale Researchers Looking to Learn More About Your Beliefs,,0,,t4_1vzvk5l,,False,unknown,"2
1
1
1",False,"<!-- SC_OFF --><div class=""md""><p>2
1
1
1</p>
</div><!-- SC_ON -->",t4_1w05apg,1687088639.0,1687088639.0,,,True,2023-10-13T04:50:38.091680,"Sunday, June 18, 2023, at 07:43:59 PM",9w60dcsx
138,4110393761,t4_1vz804h,,,[],t2_gf7yw,1w04lz8,re: Yale Researchers Looking to Learn More About Your Beliefs,,0,,t4_1vz804h,,False,unknown,"1.     1
2.     1
3.     1
4.     1",False,"<!-- SC_OFF --><div class=""md""><ol>
<li>    1</li>
<li>    1</li>
<li>    1</li>
<li>    1</li>
</ol>
</div><!-- SC_ON -->",t4_1w04lz8,1687087809.0,1687087809.0,,,True,2023-10-13T04:50:38.091680,"Sunday, June 18, 2023, at 07:30:09 PM",gf7yw
139,4111127766,t4_1vznqhi,,,[],t2_cy35u0kt,1w02b6j,re: Yale Researchers Looking to Learn More About Your Beliefs,,0,,t4_1vznqhi,,False,unknown,4411,False,"<!-- SC_OFF --><div class=""md""><p>4411</p>
</div><!-- SC_ON -->",t4_1w02b6j,1687081816.0,1687081816.0,,,True,2023-10-13T04:50:38.091680,"Sunday, June 18, 2023, at 05:50:16 PM",cy35u0kt
140,4111492770,t4_1vzvk4i,,,[],t2_hsl7g,1vzvtqz,re: Yale Researchers Looking to Learn More About Your Beliefs,,0,,t4_1vzvk4i,,False,unknown,1 1 1 1,False,"<!-- SC_OFF --><div class=""md""><p>1 1 1 1</p>
</div><!-- SC_ON -->",t4_1vzvtqz,1687066104.0,1687066104.0,,,True,2023-10-13T04:50:38.091680,"Sunday, June 18, 2023, at 01:28:24 PM",hsl7g
141,4111126613,t4_1vznplh,,,[],t2_9ex6xqvq,1vzrmhm,re: Yale Researchers Looking to Learn More About Your Beliefs,,0,,t4_1vznplh,,False,unknown,"4
1
4
3",False,"<!-- SC_OFF --><div class=""md""><p>4
1
4
3</p>
</div><!-- SC_ON -->",t4_1vzrmhm,1687056862.0,1687056862.0,,,True,2023-10-13T04:50:38.091680,"Sunday, June 18, 2023, at 10:54:22 AM",9ex6xqvq
142,4111126630,t4_1vznply,,,[],t2_r5jnrhlm,1vzp8ix,re: Yale Researchers Looking to Learn More About Your Beliefs,,0,,t4_1vznply,,False,unknown,STOP harrasing me,False,"<!-- SC_OFF --><div class=""md""><p>STOP harrasing me</p>
</div><!-- SC_ON -->",t4_1vzp8ix,1687051757.0,1687051757.0,,,True,2023-10-13T04:50:38.099681,"Sunday, June 18, 2023, at 09:29:17 AM",r5jnrhlm
143,4111126660,t4_1vznpms,,,[],t2_64xoc9f02,1vzoxt6,re: Yale Researchers Looking to Learn More About Your Beliefs,,0,,t4_1vznpms,,False,unknown,Go fuck yourself. Add that to your research.,False,"<!-- SC_OFF --><div class=""md""><p>Go fuck yourself. Add that to your research.</p>
</div><!-- SC_ON -->",t4_1vzoxt6,1687051188.0,1687051188.0,,,True,2023-10-13T04:50:38.099681,"Sunday, June 18, 2023, at 09:19:48 AM",64xoc9f02
144,4111127684,t4_1vznqf8,,,[],t2_w8h3uwws,1vzohx3,re: Yale Researchers Looking to Learn More About Your Beliefs,,0,,t4_1vznqf8,,False,unknown,"2
1
4
2",False,"<!-- SC_OFF --><div class=""md""><p>2
1
4
2</p>
</div><!-- SC_ON -->",t4_1vzohx3,1687050251.0,1687050251.0,,,True,2023-10-13T04:50:38.107683,"Sunday, June 18, 2023, at 09:04:11 AM",w8h3uwws
145,4111134757,t4_1vznvvp,,,[],t2_veowt,1vzohup,re: Yale Researchers Looking to Learn More About Your Beliefs,,0,,t4_1vznvvp,,False,unknown,"2, 4, 3, 2",False,"<!-- SC_OFF --><div class=""md""><p>2, 4, 3, 2</p>
</div><!-- SC_ON -->",t4_1vzohup,1687050241.0,1687050241.0,,,True,2023-10-13T04:50:38.107683,"Sunday, June 18, 2023, at 09:04:01 AM",veowt
146,4110417224,t4_1vz8i88,,,[],t2_849ko,1vzamx7,re: Yale Researchers Looking to Learn More About Your Beliefs,,0,,t4_1vz8i88,,False,unknown,Sus.,False,"<!-- SC_OFF --><div class=""md""><p>Sus.</p>
</div><!-- SC_ON -->",t4_1vzamx7,1687024821.0,1687024821.0,,,True,2023-10-13T04:50:38.107683,"Sunday, June 18, 2023, at 02:00:21 AM",849ko
147,4110409584,t4_1vz8cc0,,,[],t2_7iyv2,1vz8i8g,re: Yale Researchers Looking to Learn More About Your Beliefs,,0,,t4_1vz8cc0,,False,unknown,"1

3

2

1",False,"<!-- SC_OFF --><div class=""md""><p>1</p>

<p>3</p>

<p>2</p>

<p>1</p>
</div><!-- SC_ON -->",t4_1vz8i8g,1687021202.0,1687021202.0,,,True,2023-10-13T04:50:38.107683,"Sunday, June 18, 2023, at 01:00:02 AM",7iyv2
148,4110393689,t4_1vz802h,,,[],t2_2df5mjev,1vz85do,re: Yale Researchers Looking to Learn More About Your Beliefs,,0,,t4_1vz802h,,False,unknown,"1
2
3
1",False,"<!-- SC_OFF --><div class=""md""><p>1
2
3
1</p>
</div><!-- SC_ON -->",t4_1vz85do,1687020521.0,1687020521.0,,,True,2023-10-13T04:50:38.107683,"Sunday, June 18, 2023, at 12:48:41 AM",2df5mjev
149,4101325855,t4_1vttna7,,,[],t2_tawjsr4s,1vv9z62,re: Yale Researchers Looking to Learn More About Your Beliefs,,0,,t4_1vttna7,,False,unknown,1 on all points,False,"<!-- SC_OFF --><div class=""md""><p>1 on all points</p>
</div><!-- SC_ON -->",t4_1vv9z62,1686754617.0,1686754617.0,,,True,2023-10-13T04:50:38.115685,"Wednesday, June 14, 2023, at 10:56:57 PM",tawjsr4s
150,4102683324,t4_1vumqpo,,,[],t2_odgoy8oa,1vun4zx,re: Yale Researchers Looking to Learn More About Your Beliefs,,0,,t4_1vumqpo,,False,unknown,Define woman.,False,"<!-- SC_OFF --><div class=""md""><p>Define woman.</p>
</div><!-- SC_ON -->",t4_1vun4zx,1686710054.0,1686710054.0,,,True,2023-10-13T04:50:38.115685,"Wednesday, June 14, 2023, at 10:34:14 AM",odgoy8oa
151,4102680976,t4_1vumowg,,,[],t2_r3yd8hvi,1vumvph,re: Yale Researchers Looking to Learn More About Your Beliefs,,0,,t4_1vumowg,,False,unknown,fuuuuuuck no,False,"<!-- SC_OFF --><div class=""md""><p>fuuuuuuck no</p>
</div><!-- SC_ON -->",t4_1vumvph,1686709737.0,1686709737.0,,,True,2023-10-13T04:50:38.131687,"Wednesday, June 14, 2023, at 10:28:57 AM",r3yd8hvi
152,4102680976,t4_1vumowg,,,[],t2_r3yd8hvi,1vumvph,re: Yale Researchers Looking to Learn More About Your Beliefs,,0,,t4_1vumowg,,False,unknown,fuuuuuuck no,False,"<!-- SC_OFF --><div class=""md""><p>fuuuuuuck no</p>
</div><!-- SC_ON -->",t4_1vumvph,1686709737.0,1686709737.0,,,True,2023-10-13T04:50:38.187721,"Wednesday, June 14, 2023, at 10:28:57 AM",r3yd8hvi
153,4068455667,t4_1va94hf,,,[],t2_19p2zmg1,1vu02xj,re: Yale Researchers Looking to Learn More About Your Beliefs,,0,,t4_1va94hf,,False,unknown,"2
4
5
1",False,"<!-- SC_OFF --><div class=""md""><p>2
4
5
1</p>
</div><!-- SC_ON -->",t4_1vu02xj,1686673657.0,1686673657.0,,,True,2023-10-13T04:50:38.243738,"Wednesday, June 14, 2023, at 12:27:37 AM",19p2zmg1
154,4101325851,t4_1vttna3,,,[],t2_crbby,1vtwnb3,re: Yale Researchers Looking to Learn More About Your Beliefs,,0,,t4_1vttna3,,False,unknown,"2
4
4-5
5",False,"<!-- SC_OFF --><div class=""md""><p>2
4
4-5
5</p>
</div><!-- SC_ON -->",t4_1vtwnb3,1686668517.0,1686668517.0,,,True,2023-10-13T04:50:38.251739,"Tuesday, June 13, 2023, at 11:01:57 PM",crbby
155,4101325880,t4_1vttnaw,,,[],t2_3si0e,1vtuv8b,re: Yale Researchers Looking to Learn More About Your Beliefs,,0,,t4_1vttnaw,,False,unknown,"3

2

2

3",False,"<!-- SC_OFF --><div class=""md""><p>3</p>

<p>2</p>

<p>2</p>

<p>3</p>
</div><!-- SC_ON -->",t4_1vtuv8b,1686665952.0,1686665952.0,,,True,2023-10-13T04:50:38.323769,"Tuesday, June 13, 2023, at 10:19:12 PM",3si0e
156,4101325919,t4_1vttnbz,,,[],t2_s8laneoe,1vttrqv,re: Yale Researchers Looking to Learn More About Your Beliefs,,0,,t4_1vttnbz,,False,unknown,"1. 8
2. 9
3. 10
4.11
5.12",False,"<!-- SC_OFF --><div class=""md""><ol>
<li>8</li>
<li>9</li>
<li>10
4.11
5.12</li>
</ol>
</div><!-- SC_ON -->",t4_1vttrqv,1686664031.0,1686664031.0,,,True,2023-10-13T04:50:38.443822,"Tuesday, June 13, 2023, at 09:47:11 PM",s8laneoe
157,4101004810,t4_1vtmrka,,,[],t2_la5mn,1vttngi,re: Yale Researchers Looking to Learn More About Your Beliefs,,0,,t4_1vtmrka,,False,unknown,"5

4

6

5",False,"<!-- SC_OFF --><div class=""md""><p>5</p>

<p>4</p>

<p>6</p>

<p>5</p>
</div><!-- SC_ON -->",t4_1vttngi,1686663915.0,1686663915.0,,,True,2023-10-13T04:50:38.547860,"Tuesday, June 13, 2023, at 09:45:15 PM",la5mn
158,4101017217,t4_1vtn14x,,,[],t2_la5mn,1vttn7u,re: Yale Researchers Looking to Learn More About Your Beliefs,,0,,t4_1vtn14x,,False,unknown,"5
4
6
5",False,"<!-- SC_OFF --><div class=""md""><p>5
4
6
5</p>
</div><!-- SC_ON -->",t4_1vttn7u,1686663894.0,1686663894.0,,,True,2023-10-13T04:50:38.571867,"Tuesday, June 13, 2023, at 09:44:54 PM",la5mn
159,4101017366,t4_1vtn192,,,[],t2_3hvrm,1vtqi3i,re: Yale Researchers Looking to Learn More About Your Beliefs,,0,,t4_1vtn192,,False,unknown,Stop sending me this spam.,False,"<!-- SC_OFF --><div class=""md""><p>Stop sending me this spam.</p>
</div><!-- SC_ON -->",t4_1vtqi3i,1686658082.0,1686658082.0,,,True,2023-10-13T04:50:38.579873,"Tuesday, June 13, 2023, at 08:08:02 PM",3hvrm
160,4100737787,t4_1vth1iz,,,[],t2_a05hpgi0x,1vthhs1,re: Yale Researchers Looking to Learn More About Your Beliefs,,0,,t4_1vth1iz,,False,unknown,3 3 4 2,False,"<!-- SC_OFF --><div class=""md""><p>3 3 4 2</p>
</div><!-- SC_ON -->",t4_1vthhs1,1686638439.0,1686638439.0,,,True,2023-10-13T04:50:38.583883,"Tuesday, June 13, 2023, at 02:40:39 PM",a05hpgi0x
161,4100738250,t4_1vth1vu,,,[],t2_3ad4y,1vth6hc,re: Yale Researchers Looking to Learn More About Your Beliefs,,0,,t4_1vth1vu,,False,unknown,"1
4
1
1",False,"<!-- SC_OFF --><div class=""md""><p>1
4
1
1</p>
</div><!-- SC_ON -->",t4_1vth6hc,1686637702.0,1686637702.0,,,True,2023-10-13T04:50:38.583883,"Tuesday, June 13, 2023, at 02:28:22 PM",3ad4y
162,4100738218,t4_1vth1uy,,,[],t2_vhhsogwe,1vth678,re: Yale Researchers Looking to Learn More About Your Beliefs,,0,,t4_1vth1uy,,False,unknown,"1
1
1
1",False,"<!-- SC_OFF --><div class=""md""><p>1
1
1
1</p>
</div><!-- SC_ON -->",t4_1vth678,1686637661.0,1686637661.0,,,True,2023-10-13T04:50:38.587891,"Tuesday, June 13, 2023, at 02:27:41 PM",vhhsogwe
163,4068456186,t4_1va94vu,,,[],t2_9szpc2c,1vdmi84,re: Yale Researchers Looking to Learn More About Your Beliefs,,0,,t4_1va94vu,,False,unknown,"2 
4 
4 
2",False,"<!-- SC_OFF --><div class=""md""><p>2 
4 
4 
2</p>
</div><!-- SC_ON -->",t4_1vdmi84,1685575305.0,1685575305.0,,,True,2023-10-13T04:50:38.587891,"Thursday, June 01, 2023, at 07:21:45 AM",9szpc2c
164,4067159349,t4_1v9hc8l,,,[],t2_sth2z,1v9y62o,re: Test Author DM Subject Line,,0,,t4_1v9hc8l,,False,unknown,"1
1
1
1",False,"<!-- SC_OFF --><div class=""md""><p>1
1
1
1</p>
</div><!-- SC_ON -->",t4_1v9y62o,1685308805.0,1685308805.0,,,True,2023-10-13T04:50:38.587891,"Monday, May 29, 2023, at 05:20:05 AM",sth2z
165,4067275238,t4_1v9jtnq,,,[],t2_mt5ognfh,1v9m242,re: Test Author DM Subject Line,,0,,t4_1v9jtnq,,False,unknown,1:  5. 2:  1.  3:  5. 4:  5,False,"<!-- SC_OFF --><div class=""md""><p>1:  5. 2:  1.  3:  5. 4:  5</p>
</div><!-- SC_ON -->",t4_1v9m242,1685286751.0,1685286751.0,,,True,2023-10-13T04:50:38.627904,"Sunday, May 28, 2023, at 11:12:31 PM",mt5ognfh
166,4067268899,t4_1v9jorn,,,[],t2_m2f4dtrv,1v9l53i,re: Test Author DM Subject Line,,0,,t4_1v9jorn,,False,unknown,7 3 2 7,False,"<!-- SC_OFF --><div class=""md""><p>7 3 2 7</p>
</div><!-- SC_ON -->",t4_1v9l53i,1685285024.0,1685285024.0,,,True,2023-10-13T04:50:38.627904,"Sunday, May 28, 2023, at 10:43:44 PM",m2f4dtrv
167,4067275267,t4_1v9jtoj,,,[],t2_m2f4dtrv,1v9kvzq,re: Test Author DM Subject Line,,0,,t4_1v9jtoj,,False,unknown,7,False,"<!-- SC_OFF --><div class=""md""><p>7</p>
</div><!-- SC_ON -->",t4_1v9kvzq,1685284766.0,1685284766.0,,,True,2023-10-13T04:50:38.627904,"Sunday, May 28, 2023, at 10:39:26 PM",m2f4dtrv
