comment_id,user_id
k4hczir,a3qzf1ve2
k4hczir,ih4nh
k4hczir,9mjen
k4hczir,sk85xg4
k4hczir,844w0
k4hczir,ben61
k4hczir,b8r0aos8
k4hczir,3sw08
k4hczir,chvdmnvbh
k4hczir,aazr7
k4hczir,3jw3q
k4hczir,kooid811q
k4hczir,1697ia
k4hczir,116363
k4hczir,4mscfg77
k4hczir,hdxtsbtwq
k4hczir,pc06w246
k4hczir,ugeqg5xq
k4hczir,gby4e
k4hczir,vzx7e638
k4hczir,pofrq
k4hczir,vuwg3
k4hczir,7p6gj8xs
k4hczir,28411
k4hczir,1rpk8qjd
k4hczir,4qsgvok5
k4hczir,60d62
k4hczir,8gveco3a
k4hczir,a15oglip
k4hczir,4msckyo1
k4rhhnb,dbfhcy05
k4rhhnb,11eu8p
k4rhhnb,laf32muyz
k4rhhnb,2cbj4o9v
k4rhhnb,9p927zha
k4rhhnb,7grn4
k4rhhnb,7eurdu85
k4rhhnb,gg0u6v8c
k4rhhnb,fm2ly
k4rhhnb,129svd
k4rhhnb,8rwwo
k4rhhnb,32ecf
k4rhhnb,642d4fb9
k4rhhnb,1wvpqozk
k4rhhnb,f0cjw
k4rhhnb,ditdk
k4rhhnb,4giq6
k4rhhnb,iuz9znn9
k4rhhnb,41511791
k4rhhnb,qd85s647
k4rhhnb,6lcbe2dp
k4rhhnb,f3jb6
k4rhhnb,b8rlf
k4rhhnb,8zauq
k4rhhnb,3yijxuwq
k4rhhnb,163q54
k4rhhnb,7j1xozn7w
k4rhhnb,88thf3qx
k4rhhnb,2s4dzi9g
k4rhhnb,2oosld0u
k4tagli,531yf4yh
k4tagli,7v4oc
k4tagli,29o94bql
k4tagli,g54af6m2p
k4tagli,320wq
k4tagli,156ixj
k4tagli,2gfdxct
k4tagli,53z6y
k4tagli,591f8
k4tagli,4ydxp
k4tagli,fjvdo
k4tagli,72noj
k4tagli,bjuvtzcq3
k4tagli,buje8
k4tagli,14b6kc5k
k4tagli,6e3d52nv
k4tagli,57t88kmz
k4tagli,w42g1
k4tagli,fqz48akve
k4tagli,asr5zpwa
k4tagli,4oycol7g
k4tagli,j0bdt6z3
k4tagli,hyn6766y
k4tagli,izefl
k4tagli,h01hk
k4tagli,fbdqd
k4tagli,cbgjssxn
k4tagli,12alru
k4tagli,arscw
k4tagli,55qb1dgr
jywi7xv,13nb5m
jywi7xv,12gj58
jywi7xv,o8pqk
jywi7xv,8a90k0
jywi7xv,ivbpx
jywi7xv,b8v3v
jywi7xv,m5wk5phf
jywi7xv,acjwq1zjl
jywi7xv,tuxx9yuy
jywi7xv,4dpnvm9d
jywi7xv,fy1yf
jywi7xv,83sjfnng
jywi7xv,2hygwgm2
jywi7xv,nt3ri
jywi7xv,uf0ovc98
jywi7xv,diyt9
jywi7xv,idrbd
jywi7xv,14s5x2
jywi7xv,qnr5ntvs
jywi7xv,i60za
jywi7xv,8jqdeajk
jywi7xv,d0ep4
jywi7xv,mcm6j3z
jywi7xv,4zoreizx
jywi7xv,3jwrn
jywi7xv,nbfhmfn
jywi7xv,4f47oybj
jywi7xv,1b5z7xpf
jywi7xv,153rj3
jywi7xv,doajh
k4pr4js,2v3xhooj
k4pr4js,12rj7j
k4pr4js,9or2a
k4pr4js,vin4i
k4pr4js,3fert0ml
k4pr4js,124a2e
k4pr4js,ins4x4wg
k4pr4js,n7xti
k4pr4js,pl9c1
k4pr4js,9bvzo
k4pr4js,clc82
k4pr4js,kpr8czj9n
k4pr4js,dhit5u4f
k4pr4js,d61ixh4
k4pr4js,dqh7pt5h
k4pr4js,s4a3a
k4pr4js,9yjc84zj
k4pr4js,7z5x4hvi
k4pr4js,la6ow1wsr
k4pr4js,rh2h0z4z
k4pr4js,g2haoxk2
k4pr4js,bjwj6
k4pr4js,ohpxyvi5
k4pr4js,h7vfoh2j
k4pr4js,b3byu1p
k4pr4js,c4fwiq7v0
k4pr4js,c8j3cv8do
k4pr4js,b6vgv7cv
k4pr4js,zd24g
k4pr4js,11o9dmbn
k4no5lb,17b7ko
k4no5lb,acm6v
k4no5lb,de1n8xs0w
k4no5lb,7bs38lji
k4no5lb,35na1
k4no5lb,3h2ge
k4no5lb,7ymhcm7n
k4no5lb,8mfsi
k4no5lb,gjaie
k4no5lb,3dg76
k4no5lb,c0h07
k4no5lb,nkk56
k4no5lb,4v4yy
k4no5lb,2tdnrysd
k4no5lb,11dj8d
k4no5lb,cijdh
k4no5lb,4zvs3y6l
k4no5lb,v88wnuj7
k4no5lb,hqjmgpftt
k4no5lb,id2i8zmfe
k4no5lb,5r9kn
k4no5lb,3esm2n83
k4no5lb,j7c5i
k4no5lb,bm4ou80p
k4no5lb,5twveutw
k4no5lb,9t2ci
k4no5lb,k9fny
k4no5lb,9i8z0cvg
k4no5lb,kqky5
k4no5lb,4fyyeatu
k4rreig,4l2zq5d1
k4rreig,5ho2l
k4rreig,5emz0mw64
k4rreig,ugvk76im
k4rreig,epx6a5xg
k4rreig,fm45j
k4rreig,5xdp7
k4rreig,oc9y4
k4rreig,1hqr9iah
k4rreig,1d7rdjb9
k4rreig,8tgx5
k4rreig,31hg20vn
k4rreig,v3vc58mv
k4rreig,emhvf
k4rreig,g71c4u70
k4rreig,13ikt8
k4rreig,xlhiu
k4rreig,we10i
k4rreig,3sxer
k4rreig,b554zftn
k4rreig,bxy3t
k4rreig,9otwpegz
k4rreig,kbxymmj4d
k4rreig,8irq1
k4rreig,16o6pz
k4rreig,oiey8
k4rreig,he7k9vorx
k4rreig,y9rb5
k4rreig,5ayfmf31
k4rreig,aoae0
k4rj98g,12gpg3
k4rj98g,eq86q
k4rj98g,btt77aih
k4rj98g,41azs
k4rj98g,hdn3vaf
k4rj98g,967ap
k4rj98g,2nzcwyu3
k4rj98g,eoqqy
k4rj98g,nsaxa
k4rj98g,5knmwlnx
k4rj98g,hc2cl
k4rj98g,10130r93
k4rj98g,2ql4eynv
k4rj98g,d4iia
k4rj98g,8mcua
k4rj98g,ky84ghgzu
k4rj98g,y26kt
k4rj98g,1mhckv9n
k4rj98g,w8eje9wn
k4rj98g,7uxkru5f
k4rj98g,4cl88
k4rj98g,3ovn2ytp
k4rj98g,qhlxk5sn
k4rj98g,vctvgyw9
k4rj98g,una1wc52
k4rj98g,8tvgzq6r
k4rj98g,12nldh
k4rj98g,63fp85xv
k4rj98g,6854yww2
k4rj98g,8x9dthaa
k4r2u0h,56xjljx3
k4r2u0h,inab4
k4r2u0h,q0aavdzd
k4r2u0h,3hg7m
k4r2u0h,pywux
k4r2u0h,3dnq5
k4r2u0h,hirpk
k4r2u0h,or1j54vo
k4r2u0h,3by8h
k4r2u0h,4f4yq38l
k4r2u0h,5zzbc
k4r2u0h,3kuwr6tg
k4r2u0h,gc3ih
k4r2u0h,8quymbcr
k4r2u0h,gn9aef6
k4r2u0h,brxfa
k4r2u0h,856s0gn2
k4r2u0h,7n0skduq
k4r2u0h,mfrxc
k4r2u0h,d5c37cwtc
k4r2u0h,pad0pu8
k4r2u0h,27q1wtp8
k4r2u0h,qmt2f
k4r2u0h,kfdve
k4r2u0h,93h75
k4r2u0h,99l894jj
k4r2u0h,p2ztx1uu
k4r2u0h,6lpb2h6o
k4r2u0h,8het7
k4r2u0h,11lkw6
k4n1zgx,6scsu1m3v
k4n1zgx,c79l2
k4n1zgx,dw6vy
k4n1zgx,8o6yp
k4n1zgx,55rir
k4n1zgx,a6zlf
k4n1zgx,aha5e
k4n1zgx,f7dps
k4n1zgx,640pfb72
k4n1zgx,ddm6i
k4n1zgx,gmk42
k4n1zgx,p4nu1
k4n1zgx,4qps8
k4n1zgx,80vem13q
k4n1zgx,16zq84
k4n1zgx,capkzi6q
k4n1zgx,b5py3
k4n1zgx,3l78q
k4n1zgx,6im2cl8t
k4n1zgx,x5nns
k4n1zgx,ybzni
k4n1zgx,8ynjebdqm
k4n1zgx,vv12p
k4n1zgx,k5w5r2td9
k4n1zgx,heg73
k4n1zgx,3bj64k54
k4n1zgx,socwwjjq
k4n1zgx,tep1e23
k4n1zgx,158w8m
k4n1zgx,fbvj0a4b6
k4n45up,2yxxdr85
k4n45up,ipg5o
k4n45up,3uftkyla
k4n45up,jlc0ip
k4n45up,oysw5
k4n45up,bpmso
k4n45up,3mujg
k4n45up,1473xj
k4n45up,1i634mlc
k4n45up,16hmwu
k4n45up,zw0o4
k4n45up,gmsnsisd
k4n45up,xgvtv
k4n45up,gaedfuij0
k4n45up,tqugl
k4n45up,g7iim222
k4n45up,46qxy
k4n45up,iz9b00uuk
k4n45up,fqjty
k4n45up,3m2hpv9l
k4n45up,5n29mlqh
k4n45up,4frh9gve
k4n45up,2wqoavr0
k4n45up,efbzs
k4n45up,ysiho
k4n45up,imxd0r6zl
k4n45up,jmf31
k4n45up,1yj71e3
k4n45up,57k8dfze
k4n45up,hj7zjq623
fiy1w4k,57670
fiy1w4k,92824
fiy1w4k,14ro1x
fiy1w4k,1ncnzcs5
fiy1w4k,e8wnlkbs
fiy1w4k,96a2f
fiy1w4k,850nwxc8w
fiy1w4k,wi1r2
fiy1w4k,578c6hbj
fiy1w4k,2smahot8
fiy1w4k,fbpgn
fiy1w4k,al2zm
fiy1w4k,9biae11kc
fiy1w4k,56jkold9
fiy1w4k,7ztfier3
fiy1w4k,bod1l8g8
fiy1w4k,7io96wppu
fiy1w4k,b8tqa
fiy1w4k,9lmmc54
fiy1w4k,62jspx06
fiy1w4k,134zi9
fiy1w4k,4y23h
fiy1w4k,6tofo
fiy1w4k,8a8e5
fiy1w4k,3zer4
fiy1w4k,2f360ts0
fiy1w4k,9kd4lomdo
fiy1w4k,lv0k3oog
fiy1w4k,ba65fmt
fiy1w4k,qgga9
gbgr15r,4e55zgmi
gbgr15r,117vh1
gbgr15r,bj72t83
gbgr15r,ez86ao763
gbgr15r,qo8dj
gbgr15r,nj2rl
gbgr15r,7ld8k
gbgr15r,ezbrf
gbgr15r,35iy0
gbgr15r,bh1qp
gbgr15r,gsgnx
gbgr15r,dbdupsb7
gbgr15r,5gf35xct
gbgr15r,71y93
gbgr15r,kxbmjb39m
gbgr15r,btxkkcio
gbgr15r,og6m2xdr
gbgr15r,8qqdkz7l
gbgr15r,fbf67smjy
gbgr15r,bm1g3luej
gbgr15r,4va26c8l
gbgr15r,92ztl
gbgr15r,87a9h
gbgr15r,d6wwf
gbgr15r,5ff7o
gbgr15r,16fwvp
gbgr15r,2ht9ylr5
gbgr15r,xem0h
gbgr15r,7xl9gnic
gbgr15r,gncc9jx3
k4myv7l,hmoieqha
k4myv7l,vd9os0a1
k4myv7l,oevki
k4myv7l,8gexk1ycq
k4myv7l,6btd81hsg
k4myv7l,d5iqo
k4myv7l,101bia
k4myv7l,191ay6h
k4myv7l,nr6bh4v
k4myv7l,2s2ujt3i
k4myv7l,a81g8
k4myv7l,gmtwa
k4myv7l,dbrlp
k4myv7l,s1x0gw1r
k4myv7l,7t90b0no
k4myv7l,e2229
k4myv7l,ea8hkn6
k4myv7l,a37m8a5z
k4myv7l,6qh8n
k4myv7l,15x5yd
k4myv7l,w4vrhgf3
k4myv7l,d19iq
k4myv7l,12o96l
k4myv7l,137g8k1p
k4myv7l,7ttlsrwx
k4myv7l,ddnp5xidm
k4myv7l,e77jxy3a
k4myv7l,150d48
k4myv7l,pkxzuin
k4myv7l,hwgxnpam
k4nmdf9,6nkcg
k4nmdf9,4eows
k4nmdf9,7hwd1cxf
k4nmdf9,c6mo6lgo
k4nmdf9,5p2vf
k4nmdf9,8wd99
k4nmdf9,h73kowpca
k4nmdf9,12jel3
k4nmdf9,c4scq
k4nmdf9,5ddnq
k4nmdf9,6kku4bf
k4nmdf9,i8arh
k4nmdf9,2i80we1j
k4nmdf9,uoaz6hpj
k4nmdf9,8nhi59wu
k4nmdf9,i2i1qf
k4nmdf9,6lbhlxoi
k4nmdf9,e8n196r5
k4nmdf9,13265n
k4nmdf9,j6y0vwvuy
k4nmdf9,35vxskr
k4nmdf9,156kui
k4nmdf9,4iioh
k4nmdf9,6utsx
k4nmdf9,13l387
k4nmdf9,tb3le0m4
k4nmdf9,g972b
k4nmdf9,dv66f7wz
k4nmdf9,1bs5dr2s
k4nmdf9,rwkwyku3
ceywrgh,mkofz
ceywrgh,11ox7g
ceywrgh,557ckvvh
ceywrgh,jsjyvsz7x
ceywrgh,bs4w3
ceywrgh,4hmuy
ceywrgh,lvrsyqk
ceywrgh,bhn5vk1ls
ceywrgh,fsnl3lnbe
ceywrgh,foxmz
ceywrgh,84bg6
ceywrgh,7qqqcwwh
ceywrgh,50rgqh1q
ceywrgh,6vb4r
ceywrgh,b07xjofk
ceywrgh,12gwci
ceywrgh,dedpa
ceywrgh,1lmlo6
ceywrgh,85ysdoga
ceywrgh,7e20uvct
ceywrgh,12zzhz
ceywrgh,1o5skavf
ceywrgh,2kurfu
ceywrgh,7kdtp
ceywrgh,ku24i1t
ceywrgh,eltj1
ceywrgh,90bsi
ceywrgh,jtbaje0ct
ceywrgh,9erql07k
ceywrgh,10250x
k4h7y3u,a1w9a
k4h7y3u,m2cjm
k4h7y3u,78he7s4g
k4h7y3u,4e0c6
k4h7y3u,k8b1y
k4h7y3u,7bhxi
k4h7y3u,gjv56
k4h7y3u,bqiku
k4h7y3u,dv4xroij
k4h7y3u,7wali1y9
k4h7y3u,lj2bv
k4h7y3u,ut1wxxxa
k4h7y3u,mwz4m
k4h7y3u,2yx8prp9
k4h7y3u,11t60c
k4h7y3u,gvj6uhohs
k4h7y3u,ahotpvv4a
k4h7y3u,vz31b60
k4h7y3u,okh9pc9x
k4h7y3u,57lm2fcx
k4h7y3u,gz7uxk57z
k4h7y3u,38vbg
k4h7y3u,1318rs
k4h7y3u,b3j0e
k4h7y3u,1exe5oa
k4h7y3u,8o8h9rtpo
k4h7y3u,tioj7dk4
k4h7y3u,unxxi
k4h7y3u,oteugos6
k4h7y3u,c8pd4slm
k10bcwt,qye03
k10bcwt,1a80ql4
k10bcwt,cc3r6kv
k10bcwt,e4o8j
k10bcwt,9zbwxktx
k10bcwt,4y6d1
k10bcwt,9osv3
k10bcwt,geqbc
k10bcwt,4fof3n9m
k10bcwt,1yyhuojq
k10bcwt,5fcv7
k10bcwt,4n53wqh
k10bcwt,f719l2
k10bcwt,i0zwg
k10bcwt,15wb62
k10bcwt,2310wkhr
k10bcwt,ekvnstgej
k10bcwt,do5cxusq
k10bcwt,p9mz1daw
k10bcwt,3pjhlqx1
k10bcwt,6prnp2j2
k10bcwt,11xn68
k10bcwt,3g8r5
k10bcwt,33x4a
k10bcwt,jgnqmlvc
k10bcwt,4icrjrj29
k10bcwt,kv3e14u0
k10bcwt,eu7w5469
k10bcwt,w8myv34a
k10bcwt,pmyqs
k4hmz7r,1tggwrv2
k4hmz7r,xg1igo2
k4hmz7r,kh6gm
k4hmz7r,10c1zi
k4hmz7r,lfc4u6z2
k4hmz7r,4rhvq
k4hmz7r,12zbis
k4hmz7r,tb8ym90b
k4hmz7r,qiybw5pz
k4hmz7r,4ponn4kv
k4hmz7r,dbpom
k4hmz7r,47yzj9fe
k4hmz7r,62upp
k4hmz7r,11khpb
k4hmz7r,eg8kq0y
k4hmz7r,5sfq9kb0
k4hmz7r,ey9xvgie8
k4hmz7r,6bvb1wec
k4hmz7r,272r68tx
k4hmz7r,7x0h8q5v
k4hmz7r,dfrnn
k4hmz7r,6l9bm
k4hmz7r,1yff2yk
k4hmz7r,8gq8o
k4hmz7r,2wi24f4y
k4hmz7r,jukl
k4hmz7r,8c5issap
k4hmz7r,b6nkx00h
k4hmz7r,40nn2tp
k4hmz7r,y5trb22
k4n0bwn,50usqu0b
k4n0bwn,a1e7bjrx
k4n0bwn,fu98fap
k4n0bwn,foabv
k4n0bwn,l2agysr4
k4n0bwn,340ae
k4n0bwn,38k9a
k4n0bwn,4u0of7ev
k4n0bwn,i2b3l3ux8
k4n0bwn,1272re
k4n0bwn,fg8y6
k4n0bwn,ofkusjep
k4n0bwn,9x3dymuy8
k4n0bwn,lazc1
k4n0bwn,c3mjq66gw
k4n0bwn,2ne62enq
k4n0bwn,4ejyyuud
k4n0bwn,7t6h1zg8
k4n0bwn,ktvc3k01a
k4n0bwn,smk5dw2b
k4n0bwn,ke1k1
k4n0bwn,cvnsq
k4n0bwn,48cg1
k4n0bwn,7j5r0
k4n0bwn,rcjkogxx
k4n0bwn,4y1mct04
k4n0bwn,cf1bw
k4n0bwn,dxlnp6gi
k4n0bwn,2sstgyz4
k4n0bwn,39c5ssa5
gbgtpj2,f4vrj
gbgtpj2,5i3no
gbgtpj2,1gdgabxe
gbgtpj2,zsszw
gbgtpj2,d7yrc86r
gbgtpj2,b2ifk
gbgtpj2,ba9ny
gbgtpj2,d6f5u6q
gbgtpj2,8jdjzk8y
gbgtpj2,10zxdr
gbgtpj2,dosxl
gbgtpj2,32dzf8yx
gbgtpj2,cyybj
gbgtpj2,6dkri
gbgtpj2,e0dh5qkoa
gbgtpj2,a2493gs4
gbgtpj2,ebb1fk74x
gbgtpj2,1air6td
gbgtpj2,11nt99zj
gbgtpj2,knny2cggb
gbgtpj2,5xtxfa4b
gbgtpj2,mg105omo
gbgtpj2,gy0540hx
gbgtpj2,4b6s2
gbgtpj2,7v2llpvx
gbgtpj2,bsjs4
gbgtpj2,jnqhj
gbgtpj2,59lqfrll
gbgtpj2,ft6mc
gbgtpj2,gsunx21m
k4gvbfh,6nkhzub7
k4gvbfh,3m81s
k4gvbfh,ofltcb3s
k4gvbfh,8tw5k
k4gvbfh,oxa6qjv
k4gvbfh,9atf0
k4gvbfh,cy3pu
k4gvbfh,hom3d
k4gvbfh,dpl2c
k4gvbfh,665qj
k4gvbfh,7cugk
k4gvbfh,72vgy
k4gvbfh,hmecw
k4gvbfh,157enx
k4gvbfh,v7c3zccr
k4gvbfh,8bhde
k4gvbfh,u4st3
k4gvbfh,3hqgr0a
k4gvbfh,11jv0fqy
k4gvbfh,ra41g
k4gvbfh,dfyk5
k4gvbfh,4jdn11c6
k4gvbfh,3lwg6
k4gvbfh,d8h4imomn
k4gvbfh,7gb77
k4gvbfh,890cu
k4gvbfh,p2133j7l
k4gvbfh,12uasg
k4gvbfh,5v29v
k4gvbfh,3msdckio
fixcvan,dgg93762
fixcvan,d2mfv
fixcvan,3gh303af
fixcvan,93n10
fixcvan,dfskq2by
fixcvan,4h22g
fixcvan,5qy6ne7w
fixcvan,5yv3bok6
fixcvan,1ul4q55v
fixcvan,4llym
fixcvan,ddwhg
fixcvan,bp541i60
fixcvan,s07xwz67
fixcvan,eiscr
fixcvan,82gny
fixcvan,12sfc4
fixcvan,bha0pwi1c
fixcvan,v08zc8km
fixcvan,spf1nutu
fixcvan,4jytr
fixcvan,8aje6590
fixcvan,impgmn63
fixcvan,q3bf62i
fixcvan,reyrt9t7
fixcvan,6blgz
fixcvan,blxf2
fixcvan,5urzrr0j
fixcvan,z8v55
fixcvan,9legjef2
fixcvan,4ot8o
k4ne0bg,42gun7d2
k4ne0bg,13poi5
k4ne0bg,vf0j2
k4ne0bg,b05oj
k4ne0bg,9uavo
k4ne0bg,9pmkd
k4ne0bg,6d1pc
k4ne0bg,1564iu
k4ne0bg,9814gpp9o
k4ne0bg,zffi6
k4ne0bg,4jqttvvd
k4ne0bg,zct36
k4ne0bg,g8522g5z4
k4ne0bg,e791cq8t
k4ne0bg,4y6vmyen
k4ne0bg,2hqbes0c
k4ne0bg,9lssh
k4ne0bg,a7clyw6t
k4ne0bg,gqj6uk4z0
k4ne0bg,izw78ahpd
k4ne0bg,e8v2q
k4ne0bg,pfizo
k4ne0bg,57mhk
k4ne0bg,htnfp
k4ne0bg,h3gge
k4ne0bg,ism7i
k4ne0bg,83rahlas
k4ne0bg,vne5n8he
k4ne0bg,unkqpprl
k4ne0bg,3hjgd
k4r2ezs,feyyt
k4r2ezs,mklivrb
k4r2ezs,83pie
k4r2ezs,qmmct
k4r2ezs,ijw5jksh8
k4r2ezs,38xgl
k4r2ezs,aw97kxuu
k4r2ezs,ss9rv88
k4r2ezs,4a4q2
k4r2ezs,4ad9c
k4r2ezs,d052p
k4r2ezs,dq6exam2
k4r2ezs,6kldkqy
k4r2ezs,1jq45nys
k4r2ezs,1327sq
k4r2ezs,x2aeo
k4r2ezs,3ffzwrsj
k4r2ezs,spiwp346
k4r2ezs,hpq3ncm
k4r2ezs,3bopv69v
k4r2ezs,4r99yhxt
k4r2ezs,151vf9
k4r2ezs,x95la6u
k4r2ezs,hqjhu
k4r2ezs,hl7pk
k4r2ezs,xz9wq
k4r2ezs,c9ezph1j
k4r2ezs,2q1i48d1
k4r2ezs,54tflw5e
k4r2ezs,5voak
g2x7an4,4k1zc
g2x7an4,mu8avary
g2x7an4,s8ocpnsh
g2x7an4,50yyr
g2x7an4,10jgia
g2x7an4,34ik8
g2x7an4,aokzuca4
g2x7an4,cehza
g2x7an4,45fs4c5i
g2x7an4,9qczx
g2x7an4,grmf6
g2x7an4,i6tiskmr0
g2x7an4,2500euuu
g2x7an4,4p6wyve5
g2x7an4,9nwg3acn
g2x7an4,4kbigkui
g2x7an4,brgq7
g2x7an4,a3oejp6x
g2x7an4,dxrdj
g2x7an4,jcn72fo9
g2x7an4,fifcv
g2x7an4,7q5re
g2x7an4,5slg9x8f
g2x7an4,n0wf4rl
g2x7an4,8hltr
g2x7an4,4q129
g2x7an4,75nksekr
g2x7an4,4d7s8bqq
g2x7an4,9kk5zj58
g2x7an4,13qq76
c7p7olj,a3cjhws
c7p7olj,160cr30p
c7p7olj,fp9oa
c7p7olj,a26o5
c7p7olj,z6i0u
c7p7olj,8aia9
c7p7olj,81xua
c7p7olj,xt8g680
c7p7olj,zjrdu
c7p7olj,v9n5q
c7p7olj,9d3jf
c7p7olj,71nbf
c7p7olj,qyggp
c7p7olj,2veypz70
c7p7olj,a12z9wbn
c7p7olj,dzlc61n5
c7p7olj,ctrplrmlp
c7p7olj,si7kbd7
c7p7olj,15gqk6
c7p7olj,dixet4yfi
c7p7olj,7utxoeyi
c7p7olj,r3xju
c7p7olj,dd54oaqe9
c7p7olj,qskzjl5q
c7p7olj,52708
c7p7olj,7z1wq
c7p7olj,gwoqfjnf1
c7p7olj,rru565o8
c7p7olj,6libafh8
c7p7olj,8h2dye1f
k4gl4cc,6ga6j0g
k4gl4cc,cuvm2
k4gl4cc,qekvbdl4
k4gl4cc,7spqj4fi
k4gl4cc,davmhq6b
k4gl4cc,6xvzj
k4gl4cc,6xayo
k4gl4cc,9tsox
k4gl4cc,h4qtr
k4gl4cc,14q2ju
k4gl4cc,hoq0h
k4gl4cc,cvruj5anh
k4gl4cc,ynkdm
k4gl4cc,cbui3kq3y
k4gl4cc,u2rjbsbp
k4gl4cc,ttk4yn8f
k4gl4cc,s44wi
k4gl4cc,7sgptr
k4gl4cc,n166ky74
k4gl4cc,c9iqb
k4gl4cc,c2bxu4baj
k4gl4cc,8d1by6pl
k4gl4cc,dv6hwu6r
k4gl4cc,wriwm
k4gl4cc,lhpsl
k4gl4cc,w5330
k4gl4cc,8auta
k4gl4cc,14v4ba
k4gl4cc,ddl4g
k4gl4cc,iuth2
dec2sf4,13dyuc
dec2sf4,ew65c5pb
dec2sf4,3pfkwvg
dec2sf4,nlpe6cj
dec2sf4,u8c9kgnh
dec2sf4,4ea5a
dec2sf4,funa7
dec2sf4,a85lijxg
dec2sf4,9jbq61ay
dec2sf4,a4afc
dec2sf4,3zin5ats
dec2sf4,3hj3b
dec2sf4,ffffo
dec2sf4,n8ktn
dec2sf4,y6sal
dec2sf4,2xlyl33u
dec2sf4,bzvo5
dec2sf4,ad096uqc
dec2sf4,mhgs9bec
dec2sf4,roau0
dec2sf4,8i2pd
dec2sf4,3kta9
dec2sf4,2xfoaa3a
dec2sf4,3sjpvq99
dec2sf4,cens6wr7
dec2sf4,2n0q3i9w
dec2sf4,6xl9v
dec2sf4,lo6gj
dec2sf4,2bmnxr3
dec2sf4,66ty1o7
gbgs4oc,7jlup3mm
gbgs4oc,3k3jauck
gbgs4oc,5op2r
gbgs4oc,eyzew97
gbgs4oc,cee2e
gbgs4oc,b8w7u
gbgs4oc,ul0lnxp2
gbgs4oc,kaxhd
gbgs4oc,ezyvp
gbgs4oc,diwgm
gbgs4oc,55mf3mdq
gbgs4oc,5oniyj7p
gbgs4oc,g69zw
gbgs4oc,146kj3
gbgs4oc,6cf62
gbgs4oc,1yzwpsil
gbgs4oc,eqfv0
gbgs4oc,r9ww9ekr
gbgs4oc,49esy
gbgs4oc,crpqxse6
gbgs4oc,6sw9w
gbgs4oc,32hg7ycc
gbgs4oc,btbopp8
gbgs4oc,7jy0v
gbgs4oc,6bgwt
gbgs4oc,11odsc
gbgs4oc,yl9xm83
gbgs4oc,jcypxjtz
gbgs4oc,58uvy
gbgs4oc,71fuxls5
fiy1j3t,9oi3lrs8
fiy1j3t,nza6t
fiy1j3t,my02x1j
fiy1j3t,4deup33z
fiy1j3t,7221oyoi
fiy1j3t,by6lx
fiy1j3t,31a9q2o8
fiy1j3t,qtq2q
fiy1j3t,89u9t
fiy1j3t,x5837
fiy1j3t,owzgr
fiy1j3t,6k46r2je
fiy1j3t,etbo3
fiy1j3t,ak68s
fiy1j3t,iy5su0hs
fiy1j3t,9auxf9le
fiy1j3t,2fsic1wk
fiy1j3t,bh93mev9
fiy1j3t,8pj2p
fiy1j3t,y6k04
fiy1j3t,mmuda
fiy1j3t,ij0wi4c2p
fiy1j3t,c02ac
fiy1j3t,6zvf9
fiy1j3t,33k8w
fiy1j3t,5odrds2h
fiy1j3t,60nkgywp
fiy1j3t,aeugi
fiy1j3t,a048ft8j
fiy1j3t,1181fx
d9po52k,zb4gv
d9po52k,8c6us0ru
d9po52k,fnicm
d9po52k,16bsq1
d9po52k,8w95p
d9po52k,10ysy
d9po52k,6zsenw
d9po52k,i5ikbqcz
d9po52k,1tzxwcvl
d9po52k,4bvil
d9po52k,ztrrk
d9po52k,9c3wg
d9po52k,61hvkrc1
d9po52k,gdtcy
d9po52k,ifeq76ta
d9po52k,7jrzodmm
d9po52k,1uil9gmt
d9po52k,coq6lnnm8
d9po52k,tcw08k5u
d9po52k,ifq6mju2
d9po52k,5iukp
d9po52k,suhts7ne
d9po52k,xe5i6
d9po52k,37f6m
d9po52k,3eli5yip
d9po52k,g5091
d9po52k,tgukjqsb
d9po52k,6vnin
d9po52k,91aye
d9po52k,12rjtg
gbgs11m,f8mae
gbgs11m,jkhl2
gbgs11m,yyx8j
gbgs11m,2l5wm5m6
gbgs11m,eskjopt
gbgs11m,2p921
gbgs11m,4136b4my
gbgs11m,xa6ef
gbgs11m,36kv3lzm
gbgs11m,1tdqd2c
gbgs11m,5kzr88v8
gbgs11m,8igi7gin
gbgs11m,9s5c4ock
gbgs11m,uawez7bo
gbgs11m,puqig39k
gbgs11m,316itxab
gbgs11m,ej8riljkd
gbgs11m,vrfpd
gbgs11m,405s9
gbgs11m,gng71hia
gbgs11m,hupm77z
gbgs11m,6ht5h
gbgs11m,3vvgewqd
gbgs11m,agbsp
gbgs11m,2wfqkru3
gbgs11m,i4e0k
gbgs11m,ix36pf76
gbgs11m,kwyk19d7k
gbgs11m,1yz7viu
gbgs11m,3tmgm2z
k319e2j,4p2g8k3f
k319e2j,tltlc8me
k319e2j,kj5t6nbs
k319e2j,7x73s
k319e2j,gxnnaoz0
k319e2j,55a8n
k319e2j,ogrfuylm
k319e2j,dljnaqjk
k319e2j,poqpr
k319e2j,8qe3i
k319e2j,15j3kg
k319e2j,abr0qauw
k319e2j,ksssw
k319e2j,ta9oeqa9
k319e2j,cmi28
k319e2j,15cbm7
k319e2j,jsosf71vw
k319e2j,88k1g
k319e2j,euppjicrl
k319e2j,5k72c8t
k319e2j,1p8z9xgw
k319e2j,3h31no00
k319e2j,4aiva
k319e2j,ckhh2
k319e2j,vf9mon98
k319e2j,kfyuobd9
k319e2j,al9ras5e8
k319e2j,iw4rw
k319e2j,4bc6o
k319e2j,3i09w
k4qjcj5,4qy617c8
k4qjcj5,4l70rk38
k4qjcj5,4vpj1xo3
k4qjcj5,g5gfv9t9
k4qjcj5,a48iv
k4qjcj5,3trmj
k4qjcj5,7ww2v
k4qjcj5,15oq4i
k4qjcj5,837fuyl0
k4qjcj5,eeemm
k4qjcj5,8kwt43i3
k4qjcj5,1qbe9v30
k4qjcj5,a0udsmgt
k4qjcj5,nq59x58w
k4qjcj5,r561r
k4qjcj5,q3z9c
k4qjcj5,vk4bxv74
k4qjcj5,5g7m6
k4qjcj5,1ahe8hgn
k4qjcj5,5fmb6b76
k4qjcj5,k6jtd
k4qjcj5,35xos
k4qjcj5,4y6wp
k4qjcj5,7alec
k4qjcj5,5cser
k4qjcj5,gdxj3
k4qjcj5,kmxou
k4qjcj5,4adrs
k4qjcj5,7dlqy0rl
k4qjcj5,6fyndutb
k4tvvz0,3n63g
k4tvvz0,hp93n
k4tvvz0,yqvq6
k4tvvz0,7ne42
k4tvvz0,7iiumhwk
k4tvvz0,3565s
k4tvvz0,e4n5y
k4tvvz0,ube39go
k4tvvz0,9syspykn
k4tvvz0,7r0vp
k4tvvz0,5nrgw
k4tvvz0,3oz66c3q
k4tvvz0,87h2lobb5
k4tvvz0,35o89
k4tvvz0,ck4jm
k4tvvz0,5bsht
k4tvvz0,h1zvo
k4tvvz0,gja2zcyg
k4tvvz0,ctcee
k4tvvz0,4kqwjqgk
k4tvvz0,bpo6v
k4tvvz0,d7z40
k4tvvz0,2qmwhl15
k4tvvz0,2xtarza4
k4tvvz0,qppbtqa
k4tvvz0,eq7z6
k4tvvz0,ifhpzivw
k4tvvz0,4p8zd6cr
k4tvvz0,qm1mg
k4tvvz0,d9uil
gbgqonb,d0h9m
gbgqonb,3xkwq
gbgqonb,4q3y1qub
gbgqonb,epqn9
gbgqonb,4u3ou
gbgqonb,5iq9wx6f
gbgqonb,509x74ki
gbgqonb,hxire
gbgqonb,uf8uo
gbgqonb,3q84wuxh
gbgqonb,9vfqglnr
gbgqonb,9v1wd
gbgqonb,o24wbrz3
gbgqonb,hh2qtsd6
gbgqonb,ajhwh
gbgqonb,a1siupk7
gbgqonb,3r7zoqk2
gbgqonb,i8yuafe7
gbgqonb,173oyi
gbgqonb,thp4y
gbgqonb,lhwittt
gbgqonb,kekgw3hnu
gbgqonb,yk99m
gbgqonb,5e4uhcuvq
gbgqonb,cvqx4
gbgqonb,di7gt903
gbgqonb,a5vfzz2v
gbgqonb,3yg4hvad
gbgqonb,xoqkz
gbgqonb,1832a847
k4r09qh,12ya9j
k4r09qh,33qa1
k4r09qh,41amebdt
k4r09qh,7zyu7
k4r09qh,ch9i78r4
k4r09qh,3v43v
k4r09qh,pc56m
k4r09qh,11tw0d
k4r09qh,748a1gbor
k4r09qh,15f0yn
k4r09qh,f8k2v1ne
k4r09qh,rn0gb0br
k4r09qh,60jbz
k4r09qh,7yb8mnob
k4r09qh,dq8fz
k4r09qh,fkwmtzy32
k4r09qh,7f23ubd5
k4r09qh,sbqeuskn
k4r09qh,aoahulgn
k4r09qh,7qhz66n7
k4r09qh,85j6s
k4r09qh,htieb
k4r09qh,wnx7k
k4r09qh,mq1kjte
k4r09qh,f69g76tp
k4r09qh,eaqri
k4r09qh,5hver
k4r09qh,eqli9
k4r09qh,8ojykfss
k4r09qh,hf922
gbh0bxa,l47l1
gbh0bxa,htwkjkuo
gbh0bxa,fv6eo3
gbh0bxa,fp7dgyyc
gbh0bxa,6mgbd
gbh0bxa,6q4d0
gbh0bxa,5ld3l
gbh0bxa,80blm4ef
gbh0bxa,epy1b21c
gbh0bxa,nwqbd
gbh0bxa,nq2qw
gbh0bxa,qhl5m
gbh0bxa,cx82mfdk
gbh0bxa,h2pvj
gbh0bxa,4wta4
gbh0bxa,9xvngkut
gbh0bxa,jzl3bvscs
gbh0bxa,91td4oeo0
gbh0bxa,1r8d
gbh0bxa,vqk73y9q
gbh0bxa,65mmn9wr
gbh0bxa,7qg26
gbh0bxa,7sf05ms7
gbh0bxa,lj2b
gbh0bxa,1bjo56iy
gbh0bxa,al4iz
gbh0bxa,8yu8mhdb
gbh0bxa,3drklche
gbh0bxa,13rdxv
gbh0bxa,a65x75we
gbh5a12,wf3sp
gbh5a12,51fag
gbh5a12,7kisk
gbh5a12,3vrf94mjy
gbh5a12,4ziir
gbh5a12,81fgn
gbh5a12,324l8
gbh5a12,4erqf7
gbh5a12,duh9afxu
gbh5a12,1223b1
gbh5a12,xxsww
gbh5a12,3mnjcvp4
gbh5a12,daqlijt5
gbh5a12,mui43
gbh5a12,14nr4u
gbh5a12,ndnmz
gbh5a12,mocw1ank
gbh5a12,7upgi1h5
gbh5a12,cftg3zl
gbh5a12,5nahga0s
gbh5a12,p1l6y5s
gbh5a12,4kogks0d
gbh5a12,4qc6d49y
gbh5a12,z1qvh
gbh5a12,b7jbao0b
gbh5a12,bi8nc9rw
gbh5a12,3h29f
gbh5a12,m80uqo3z
gbh5a12,k8owxp64s
gbh5a12,16hkdb
gbgrco5,6keps
gbgrco5,4x2u99yf
gbgrco5,9xb5j
gbgrco5,oauvn
gbgrco5,127r1w
gbgrco5,b6vls
gbgrco5,4xb1b
gbgrco5,e9etk
gbgrco5,7x55p
gbgrco5,cmybtalh
gbgrco5,nbheu
gbgrco5,7ndrj
gbgrco5,shfr5rhd
gbgrco5,4r8rj
gbgrco5,u2qwc
gbgrco5,64esjklw
gbgrco5,4rrqt7z8
gbgrco5,qih4a
gbgrco5,niail
gbgrco5,81e33
gbgrco5,exhs158p8
gbgrco5,27vhko0i
gbgrco5,123gy8
gbgrco5,4bdcpjvn
gbgrco5,kxig0nsi
gbgrco5,sbskvs51
gbgrco5,w4pmcsb8
gbgrco5,5jmpxqm3
gbgrco5,5b4p3693
gbgrco5,3sj4d
k4rw0te,lmrh3
k4rw0te,3fie7tb0
k4rw0te,6354sdm5
k4rw0te,cwtyz
k4rw0te,smh1cgg8
k4rw0te,6bxdn
k4rw0te,15354z
k4rw0te,eyulm485n
k4rw0te,hglpc
k4rw0te,ptjb5
k4rw0te,2pkbpymj
k4rw0te,14zpxe
k4rw0te,40siewft
k4rw0te,778cq1w6
k4rw0te,pi9n2
k4rw0te,qgll6b84
k4rw0te,hcr9ubuay
k4rw0te,2djk5hlm
k4rw0te,g2r1l
k4rw0te,a1c13meyo
k4rw0te,5bl65qhc
k4rw0te,5apgy
k4rw0te,2vljf0kr
k4rw0te,3ynu6if9
k4rw0te,163vvj
k4rw0te,9i28r
k4rw0te,engb1nx1
k4rw0te,7y248ixo
k4rw0te,a7yd3v3v1
k4rw0te,311hn
k4n5w7x,6pgh8hv3
k4n5w7x,ahjwe
k4n5w7x,a7d2xbq0
k4n5w7x,48e9tws8
k4n5w7x,5k9bz
k4n5w7x,37mtc
k4n5w7x,8n8x2r9b
k4n5w7x,10l8qg
k4n5w7x,d94ua2vy
k4n5w7x,3rkuq7r7
k4n5w7x,v1pc0d6
k4n5w7x,4p8w7zbt
k4n5w7x,gru2lj770
k4n5w7x,dhz2p3lf
k4n5w7x,4i16xha8
k4n5w7x,f0f0i5hx
k4n5w7x,4ewgo9ht
k4n5w7x,6cbzcrzgw
k4n5w7x,94801sea9
k4n5w7x,i2spv
k4n5w7x,603cr
k4n5w7x,qphlg
k4n5w7x,egm0v3b6
k4n5w7x,aoq312en
k4n5w7x,44yt0twd
k4n5w7x,8pxx1nah
k4n5w7x,fqm7n
k4n5w7x,810ii
k4n5w7x,79xi7omj
k4n5w7x,117dj8
k4rhpmk,3eshd37r
k4rhpmk,oewbzyst
k4rhpmk,5dnuenel
k4rhpmk,122oj2
k4rhpmk,eugfrda7
k4rhpmk,8yd8j
k4rhpmk,bjsaegbi9
k4rhpmk,14jz09
k4rhpmk,botx2lqv
k4rhpmk,175c9x
k4rhpmk,1j0ujej
k4rhpmk,un6yv
k4rhpmk,7n7na
k4rhpmk,7h6hk6qlt
k4rhpmk,jrv9jrxw
k4rhpmk,cthuk
k4rhpmk,vhw4hqr9
k4rhpmk,1hpz8bfl
k4rhpmk,d096wcui
k4rhpmk,agl8ptzy9
k4rhpmk,5vum3rcz
k4rhpmk,mjolv1l7
k4rhpmk,6xnkv
k4rhpmk,4ao38
k4rhpmk,e3mlhval
k4rhpmk,8ohcy
k4rhpmk,c5xslou97
k4rhpmk,916oc
k4rhpmk,9btrpni
k4rhpmk,u51u5kzc
k4no57w,13ekel
k4no57w,43xbkd06
k4no57w,354q7c37
k4no57w,czojpfkto
k4no57w,igi83
k4no57w,6soil
k4no57w,cbcw8
k4no57w,2witiohj
k4no57w,ncbuxvpg
k4no57w,djoju
k4no57w,44p1a
k4no57w,ntat6
k4no57w,pt6m7l75
k4no57w,fy3e7
k4no57w,dika6
k4no57w,pxogu18t
k4no57w,x2l8bma
k4no57w,azkkejv1
k4no57w,n8q3u
k4no57w,6wjgmrgj
k4no57w,iijb3rep
k4no57w,5auciiec
k4no57w,vcpfr
k4no57w,bphom
k4no57w,12v8m0
k4no57w,9r72icv6
k4no57w,v0on6het
k4no57w,k1i9pz40w
k4no57w,8wdfo
k4no57w,3io7ncqt
k4tdjn4,4mxhecyf
k4tdjn4,7b0yc
k4tdjn4,5z9wcle8
k4tdjn4,ttkln
k4tdjn4,d3ffbzt9
k4tdjn4,91ogk
k4tdjn4,3a199hdf
k4tdjn4,9piaeu1q
k4tdjn4,13doas
k4tdjn4,h9zte
k4tdjn4,dzh21
k4tdjn4,13duli
k4tdjn4,phmko
k4tdjn4,3wxpzyh4
k4tdjn4,3l5rpkj8
k4tdjn4,12iask
k4tdjn4,3hbm0u6d
k4tdjn4,4vcv2p5u
k4tdjn4,8akiw
k4tdjn4,31249ax2
k4tdjn4,kd1jmt5f
k4tdjn4,8nm4wgq4
k4tdjn4,77kahdo0
k4tdjn4,alwe0
k4tdjn4,4sjkq
k4tdjn4,17e421
k4tdjn4,i5d6g
k4tdjn4,ncjje
k4tdjn4,w8zoo5si
k4tdjn4,5rhid
k4n4p5x,5nhg3tf6
k4n4p5x,qy4xo
k4n4p5x,clqq1eop
k4n4p5x,9qp0zpj5t
k4n4p5x,eabgp
k4n4p5x,78rsc
k4n4p5x,9vqhe8ro
k4n4p5x,erg6r
k4n4p5x,16woyn
k4n4p5x,dwbob
k4n4p5x,3q6m35ux
k4n4p5x,c6ygzez4
k4n4p5x,2ela9ltt
k4n4p5x,57xmup7d
k4n4p5x,3ci9p
k4n4p5x,bqgzq
k4n4p5x,8p2xc9fsx
k4n4p5x,15fq7u
k4n4p5x,43mxg8d36
k4n4p5x,4xx9n4pk
k4n4p5x,3aap99wd
k4n4p5x,qq1mf80h
k4n4p5x,a3roe
k4n4p5x,49jdhrjb
k4n4p5x,5knzirg4
k4n4p5x,15g07k
k4n4p5x,biphj
k4n4p5x,f4ogz
k4n4p5x,47k59ywq
k4n4p5x,5933k2fw
k4rtwsx,ucpgf
k4rtwsx,klp0m
k4rtwsx,p8k7t
k4rtwsx,4821u
k4rtwsx,8q3twogb
k4rtwsx,4w4k4
k4rtwsx,12smx2
k4rtwsx,4g4pa5uf
k4rtwsx,yposq
k4rtwsx,3cmzi
k4rtwsx,11web5
k4rtwsx,hh0milvf1
k4rtwsx,bmcyi
k4rtwsx,4h2zp
k4rtwsx,1dnbiv38
k4rtwsx,12ju5r
k4rtwsx,5nnnh
k4rtwsx,o57vf
k4rtwsx,hfajaivb
k4rtwsx,5dpmk
k4rtwsx,kqil5
k4rtwsx,2mz19882
k4rtwsx,85ebe
k4rtwsx,ksbqog7
k4rtwsx,41abs
k4rtwsx,1zzcd1ng
k4rtwsx,ai2bt
k4rtwsx,9v713hq6
k4rtwsx,1zqltato
k4rtwsx,tgibhvgs
k4mdeoc,19bvw4bp
k4mdeoc,4x7nxqxx
k4mdeoc,csf1xxnvw
k4mdeoc,87ah
k4mdeoc,qpnyr
k4mdeoc,9pp7lxxx
k4mdeoc,f8v6n0zj
k4mdeoc,l2iv5
k4mdeoc,12i54u
k4mdeoc,b69dl
k4mdeoc,5fi8xuem
k4mdeoc,q55sh
k4mdeoc,16ht7c
k4mdeoc,exszx
k4mdeoc,5nw3jeas
k4mdeoc,t01h8
k4mdeoc,460qdx9x
k4mdeoc,8ev4svd4
k4mdeoc,vzlp3lpo
k4mdeoc,6f7reo
k4mdeoc,a7as3nf
k4mdeoc,b83s9ivi
k4mdeoc,dmal85z9
k4mdeoc,526pxrmy
k4mdeoc,7709j
k4mdeoc,cg4gu
k4mdeoc,f1wauipmz
k4mdeoc,9i8aorwb0
k4mdeoc,g5g86
k4mdeoc,16a4lx
dxuw50u,7nd1h
dxuw50u,4b1d4
dxuw50u,1dkkl0n
dxuw50u,eerbeagq
dxuw50u,23j1tdkd
dxuw50u,4onb7
dxuw50u,3hkd14e7
dxuw50u,opup4juc
dxuw50u,j6c8q
dxuw50u,dfcgi
dxuw50u,5e66bkiq
dxuw50u,6buk1
dxuw50u,btfo2
dxuw50u,5fw1ays8
dxuw50u,ch0ir
dxuw50u,2s4hqrtz
dxuw50u,oenwfau
dxuw50u,120v9rkc
dxuw50u,70jo7ctf
dxuw50u,11vuwl
dxuw50u,izb2t6l4
dxuw50u,6qjkt
dxuw50u,6ia9878f
dxuw50u,i6cz1
dxuw50u,ie1cmu9
dxuw50u,grih44evh
dxuw50u,nv5h9
dxuw50u,rg6ueegc
dxuw50u,14nelq
dxuw50u,8qtdif0w
ic1itnr,4bcts
ic1itnr,95ndg
ic1itnr,5knyg
ic1itnr,3yyo5
ic1itnr,gfepk
ic1itnr,7hc61
ic1itnr,3nce9rei
ic1itnr,ig4j9
ic1itnr,2kvp5we9
ic1itnr,8xoez
ic1itnr,imusy
ic1itnr,9ljyx5e7g
ic1itnr,7bn7m
ic1itnr,qeu6k
ic1itnr,1715ly
ic1itnr,sf3cfb6i
ic1itnr,mjqb8
ic1itnr,6wz07p2r
ic1itnr,5v2i38xd
ic1itnr,bfxdpdsui
ic1itnr,j103taxg
ic1itnr,7zccu
ic1itnr,teo8xs9r
ic1itnr,16dn77
ic1itnr,cnelbyui
ic1itnr,muezqb9c
ic1itnr,bcxp1ha2
ic1itnr,srmo0
ic1itnr,azrh7
ic1itnr,h25lt9fl9
dia6l2z,78vw4
dia6l2z,1o4mq9ao
dia6l2z,f8vnu
dia6l2z,fle37jdxu
dia6l2z,7pei04
dia6l2z,4xy7s
dia6l2z,cn75mf0y
dia6l2z,pbogf1m0
dia6l2z,mqty9
dia6l2z,8h1sj
dia6l2z,brm8q
dia6l2z,4y244xx0
dia6l2z,13ec5u
dia6l2z,9cl0t
dia6l2z,51jet
dia6l2z,gtrkj1rr
dia6l2z,rcti9
dia6l2z,16ipdg
dia6l2z,2ereiwmk
dia6l2z,e49q7
dia6l2z,gjo8f
dia6l2z,15h7vw
dia6l2z,kudnql6m
dia6l2z,128gr3
dia6l2z,h1ay8
dia6l2z,ge1lacsb1
dia6l2z,968xb
dia6l2z,kj6xhmnz
dia6l2z,4c5b2za9
dia6l2z,h1rfd
k2xlekj,44qvtkey
k2xlekj,7tf94
k2xlekj,ivpok
k2xlekj,5o99ncse
k2xlekj,9np80an7
k2xlekj,4i2j1
k2xlekj,do0q0ouo
k2xlekj,136wv4
k2xlekj,mddgj
k2xlekj,h7cvz
k2xlekj,phhnz
k2xlekj,3fp9elbh
k2xlekj,f01u8son
k2xlekj,h3hitkbi
k2xlekj,ib3k40ms
k2xlekj,4ip1z
k2xlekj,3whtedctp
k2xlekj,awjdk
k2xlekj,wx5aq
k2xlekj,jpk6i
k2xlekj,2vlhl9na
k2xlekj,5pguz
k2xlekj,q5qq1e8x
k2xlekj,vtarujy
k2xlekj,88dx1yen
k2xlekj,l9xj4
k2xlekj,tvwpo
k2xlekj,ljulfd2o
k2xlekj,nj45d
k2xlekj,aciaav1g
k4r60jy,5x46zoo
k4r60jy,9shtx
k4r60jy,gdiung11m
k4r60jy,4k8g2atd
k4r60jy,ldpaj
k4r60jy,968pj
k4r60jy,mw3w1q1i
k4r60jy,euk7j
k4r60jy,hh0kw
k4r60jy,65rze
k4r60jy,3ivp29ai
k4r60jy,6zz0q
k4r60jy,2zqzxm0k
k4r60jy,2p495g5x
k4r60jy,76tyte2x
k4r60jy,4jaf8oac
k4r60jy,96dgf
k4r60jy,bjrz8q4o
k4r60jy,5jj5ax2w
k4r60jy,82zq8yhr
k4r60jy,aefylae2
k4r60jy,3ceug4z9
k4r60jy,sb12mj62
k4r60jy,5kjw0
k4r60jy,53q54
k4r60jy,90rgab0e
k4r60jy,13upmz
k4r60jy,5lotqhw8
k4r60jy,nzzco
k4r60jy,e1k0zous
k4s6ejq,b1fco
k4s6ejq,3fmiv
k4s6ejq,cqx8r
k4s6ejq,v6x2x0yn
k4s6ejq,ijiaw
k4s6ejq,adlet
k4s6ejq,omx045ys
k4s6ejq,7sh3z1mz
k4s6ejq,481yo5bp
k4s6ejq,h760i
k4s6ejq,bhvvm
k4s6ejq,iy468
k4s6ejq,286o63gx
k4s6ejq,6v7r8
k4s6ejq,5pizxgnx
k4s6ejq,5hj1d372
k4s6ejq,cv3wna22
k4s6ejq,ascn5327
k4s6ejq,14ja6d
k4s6ejq,q5k4f33c
k4s6ejq,6y2oj
k4s6ejq,6mnc4xbq
k4s6ejq,9znggln2
k4s6ejq,1081g7
k4s6ejq,7u4e8
k4s6ejq,bodyo
k4s6ejq,vfwshgqe
k4s6ejq,uqul2y9l
k4s6ejq,udo3a64
k4s6ejq,9qj4bx3l
k4ti1c5,6n5xjiy6
k4ti1c5,14rqd
k4ti1c5,39k0eu1j
k4ti1c5,9dv0wvoc
k4ti1c5,3sqclm8w
k4ti1c5,ardhx
k4ti1c5,cfhw3
k4ti1c5,25nn9
k4ti1c5,ij8m39vc
k4ti1c5,gbdy7
k4ti1c5,3n1o4vwp
k4ti1c5,6nm4ghh8
k4ti1c5,8apc6
k4ti1c5,bixo69di
k4ti1c5,1ggseqe5
k4ti1c5,7876y6xx
k4ti1c5,s7by73vy
k4ti1c5,7153y020d
k4ti1c5,10h1mj
k4ti1c5,96n0ql1a
k4ti1c5,1feg125h
k4ti1c5,scc3it3s
k4ti1c5,jzzn8o6rw
k4ti1c5,6guy8
k4ti1c5,hpkikk2p
k4ti1c5,cp3qskw9b
k4ti1c5,l3wz06s7e
k4ti1c5,5n80uh5r
k4ti1c5,lvw7r
k4ti1c5,hunqfg9q9
k4q9air,4i72e
k4q9air,7ocf4
k4q9air,5q7fk
k4q9air,a0q54
k4q9air,6jtzms5i
k4q9air,3300z
k4q9air,8jggayloh
k4q9air,1s2fo8s
k4q9air,5cseuzxi
k4q9air,829w8
k4q9air,a0r39
k4q9air,3wb3b4gnw
k4q9air,14nhbe
k4q9air,1myt46w1
k4q9air,itk7l
k4q9air,h4baqceuo
k4q9air,1eeyiije
k4q9air,a9ks5237
k4q9air,kjfl6
k4q9air,h6h1rbn0r
k4q9air,11zw8v
k4q9air,2oibfomz
k4q9air,89ryl
k4q9air,59nwd
k4q9air,3l6cgn5p
k4q9air,gsb9xn7sa
k4q9air,4007umw9
k4q9air,1kdulo8
k4q9air,b9aae
k4q9air,bfm99
gbgr90o,35rtf4kq
gbgr90o,bq5jqdah8
gbgr90o,7uvppyhw
gbgr90o,gdf9p4z6z
gbgr90o,5za3r
gbgr90o,bb3rw
gbgr90o,1751wwfk
gbgr90o,3qcxhzo4
gbgr90o,5vddiza8
gbgr90o,3nwo2
gbgr90o,boaub828
gbgr90o,4q1o7
gbgr90o,o2dic
gbgr90o,8gguw6ni
gbgr90o,3au5kc0j
gbgr90o,ckn490bd
gbgr90o,djm29
gbgr90o,twx52
gbgr90o,yus5t24
gbgr90o,2nwwowtv
gbgr90o,55pgw
gbgr90o,4m8duwos
gbgr90o,3f3k7bb4
gbgr90o,4ldy9
gbgr90o,3bcr6
gbgr90o,5bzqc
gbgr90o,ddl9y
gbgr90o,lpr2t1c8
gbgr90o,ipoir
gbgr90o,e30ak
k4rd67r,16230d
k4rd67r,bf6rh
k4rd67r,eqx6whr8
k4rd67r,7kalekwf
k4rd67r,8ctmeh15
k4rd67r,q0avb
k4rd67r,148jhc
k4rd67r,79z6uvs
k4rd67r,4e3xjlq1
k4rd67r,dq4fkjhi
k4rd67r,1zkz87vu
k4rd67r,5vco6
k4rd67r,3whwazni
k4rd67r,k5p9pao7
k4rd67r,2x99f6v9
k4rd67r,4jzxf9f7
k4rd67r,5e1y7l8h
k4rd67r,uoj91m95
k4rd67r,ugvqy
k4rd67r,7t6g1
k4rd67r,9njbcv5g
k4rd67r,12mn85
k4rd67r,10atjr
k4rd67r,4b0me
k4rd67r,hrsut
k4rd67r,sdgnexoi
k4rd67r,3g86m
k4rd67r,l9x7gly5o
k4rd67r,9pt1hmqs
k4rd67r,lpoh8
k11nrnf,5ca91ood
k11nrnf,aum3h
k11nrnf,dm5epoc6
k11nrnf,d5pq3nqch
k11nrnf,6dm2t6aq
k11nrnf,10a0aj
k11nrnf,8pesu
k11nrnf,drvkt2rez
k11nrnf,y4stq
k11nrnf,3sgyx
k11nrnf,gea0y2k3x
k11nrnf,5vpml
k11nrnf,3l9jml0i
k11nrnf,ohjf7
k11nrnf,bazlbmao
k11nrnf,8kqgqrkv
k11nrnf,ggriz
k11nrnf,jkcka
k11nrnf,4d8efp0d
k11nrnf,a6q0ojzu8
k11nrnf,5u0kjwtv
k11nrnf,6k3vzqkt
k11nrnf,lomrdd12
k11nrnf,fnlqs
k11nrnf,zsq98
k11nrnf,4yhpkgcn
k11nrnf,vkux9luu
k11nrnf,4xajnxt1c
k11nrnf,rgc75
k11nrnf,1wh3g5fg
k4r4txt,g0utr
k4r4txt,6y8fh
k4r4txt,4dfvb
k4r4txt,zr4j4
k4r4txt,5orzo
k4r4txt,32div9ya
k4r4txt,265va
k4r4txt,gmrf6
k4r4txt,ox4td
k4r4txt,46lxm
k4r4txt,70mtm
k4r4txt,ew9ma4ksh
k4r4txt,zrg2m
k4r4txt,4mrnr46dd
k4r4txt,ielrf
k4r4txt,rqjmc
k4r4txt,7v8tiydb
k4r4txt,k0psphx
k4r4txt,69vaob84
k4r4txt,13ct6qbd
k4r4txt,b0sxi
k4r4txt,i7j8ie83
k4r4txt,bd28v42c
k4r4txt,vr38myps
k4r4txt,7aarj0gp
k4r4txt,840gq
k4r4txt,759z0
k4r4txt,2njdftrp
k4r4txt,1pmt5aii
k4r4txt,12izxy
k4r1no2,91789
k4r1no2,987o0
k4r1no2,bf8vco3
k4r1no2,ftpsl
k4r1no2,ngxlon0
k4r1no2,37nzdp4s
k4r1no2,5fu1r
k4r1no2,9li3z
k4r1no2,ke9qghkq
k4r1no2,h5gr8
k4r1no2,effeq
k4r1no2,mkrh7
k4r1no2,148xic
k4r1no2,1pa78gi4
k4r1no2,l5bkqx5ji
k4r1no2,avex3bbq
k4r1no2,cyiln
k4r1no2,mhhav8rw
k4r1no2,8y4vs
k4r1no2,e52bg7w
k4r1no2,1rh06y5n
k4r1no2,tofr1yu9
k4r1no2,v13ebbro
k4r1no2,1pdob98i
k4r1no2,4tmifily
k4r1no2,55ozyodm
k4r1no2,ld39v4roh
k4r1no2,q2tms
k4r1no2,9f9o0d2
k4r1no2,d03ns
k4r0xex,11rwwj
k4r0xex,3rpo7l4h
k4r0xex,k5lsetpx
k4r0xex,13jde7
k4r0xex,bowbr
k4r0xex,cml17
k4r0xex,11fmj1
k4r0xex,aneo4
k4r0xex,46fm8m3o
k4r0xex,gq0vr
k4r0xex,obsvi
k4r0xex,d9met
k4r0xex,y3udh
k4r0xex,q3ox
k4r0xex,i0cgjkix
k4r0xex,8lx9l
k4r0xex,50ef2fxe
k4r0xex,15x17clv
k4r0xex,2fypltx1
k4r0xex,i9o8amma2
k4r0xex,j9yyp
k4r0xex,7963loab
k4r0xex,7h6h9
k4r0xex,86q4m
k4r0xex,5hd7b
k4r0xex,4ay6p727
k4r0xex,1612zc
k4r0xex,ng072dqs
k4r0xex,4nerv824
k4r0xex,cbcl3
k4snsek,fz6qp
k4snsek,8mt1h
k4snsek,6xlax1cz
k4snsek,clzkc
k4snsek,b3f93
k4snsek,3zgva9at
k4snsek,hd1pizoel
k4snsek,rckqn
k4snsek,1izyl7wi
k4snsek,8bfw4
k4snsek,7x9yh1ps
k4snsek,2kasz22j
k4snsek,6hxeqe3r
k4snsek,859z7bcps
k4snsek,b25t056
k4snsek,p6778uhu
k4snsek,e25q73z8r
k4snsek,8sz4cjkr
k4snsek,ayj2o
k4snsek,8s5qg
k4snsek,1l16273k
k4snsek,1rokcbw2
k4snsek,k61obrv
k4snsek,zmdzc
k4snsek,21zog805
k4snsek,t1ga6fcr
k4snsek,f40sw2t8
k4snsek,70o8t9gs
k4snsek,d377bxtf
k4snsek,bw66p
diadtyk,jzgpq
diadtyk,79s2v
diadtyk,67ud0l7z
diadtyk,5t913l7i
diadtyk,vfq8b
diadtyk,hoev02e5p
diadtyk,a696h
diadtyk,gou1e
diadtyk,t10di
diadtyk,dnxsr
diadtyk,6ksbs
diadtyk,153v6v
diadtyk,o65xd
diadtyk,hzb9wvep9
diadtyk,z1j04
diadtyk,69iwju9k
diadtyk,7v3rnsd2j
diadtyk,e1qd6
diadtyk,i6wqhuzy
diadtyk,fssymtvt6
diadtyk,bgfl6
diadtyk,69v7f
diadtyk,av25y
diadtyk,3tpag
diadtyk,ktbw0
diadtyk,um3hg
diadtyk,cn03mglrg
diadtyk,mwu7o
diadtyk,glhf3
diadtyk,7l13e
k4ruvqv,7bastcmn
k4ruvqv,16qbo4jl
k4ruvqv,8apkr
k4ruvqv,i2xjou9m2
k4ruvqv,rmto1
k4ruvqv,5xyrdccu
k4ruvqv,5u2vu
k4ruvqv,dx537nx
k4ruvqv,x276p
k4ruvqv,gzo3d
k4ruvqv,7z0kv
k4ruvqv,33pm1qre
k4ruvqv,97cs02my
k4ruvqv,9rx954nb
k4ruvqv,a5byu
k4ruvqv,h62rn0thn
k4ruvqv,runw24j8
k4ruvqv,1ylpt5d
k4ruvqv,e5u8g3sqo
k4ruvqv,87bymvup
k4ruvqv,4e932
k4ruvqv,4er7g
k4ruvqv,oapeu
k4ruvqv,gsru2
k4ruvqv,8nlqr
k4ruvqv,34ppc4cl
k4ruvqv,9sfi8
k4ruvqv,i2jrn
k4ruvqv,5g57pxe5
k4ruvqv,121pmo
debv9hl,4jjl95ah
debv9hl,61lexyw
debv9hl,12wxas39
debv9hl,26q1wt7d
debv9hl,2jowg5s5
debv9hl,7nw7j
debv9hl,550lu
debv9hl,62spl
debv9hl,33miwpe5
debv9hl,fyzeo
debv9hl,pctbl
debv9hl,embeq
debv9hl,50vvs
debv9hl,xx8ej
debv9hl,8k5smvks
debv9hl,5dn3nzc2
debv9hl,ov0x1w93
debv9hl,h3wrgmpts
debv9hl,21xz9qg0
debv9hl,i62891yb
debv9hl,md6j0rjo
debv9hl,7dvqkea
debv9hl,3bu0sx0
debv9hl,e0gbi
debv9hl,1y9du38y
debv9hl,cd38r
debv9hl,ykq3e
debv9hl,7l3p9i35
debv9hl,o4uqw
debv9hl,7onxi
k4lpihu,hnfvv
k4lpihu,k8dvq19x
k4lpihu,ervu1wcgw
k4lpihu,5tx39
k4lpihu,3o1uu
k4lpihu,8fxqzyzt
k4lpihu,ev88m
k4lpihu,32o34
k4lpihu,oi8qk
k4lpihu,5f4t8
k4lpihu,hz40r
k4lpihu,jrdyu
k4lpihu,13yzbz
k4lpihu,4gpy3pe3
k4lpihu,2nftnx4p
k4lpihu,1uj32pg4
k4lpihu,jsezj9b9n
k4lpihu,4384udce
k4lpihu,izf4p
k4lpihu,3ltj1
k4lpihu,rotoabdw
k4lpihu,4b6tq
k4lpihu,16zn3q
k4lpihu,c35it
k4lpihu,6ochz
k4lpihu,d1vjrfqp
k4lpihu,9mianyb5
k4lpihu,awtaf
k4lpihu,fcudq
k4lpihu,71ewu99q
k4snaxf,j28yx
k4snaxf,6kxmb
k4snaxf,5h930nx2
k4snaxf,b1b2r
k4snaxf,51yxa
k4snaxf,6k1b12r
k4snaxf,x5crh
k4snaxf,o6hha
k4snaxf,1038hn
k4snaxf,92wm9
k4snaxf,3te16jea
k4snaxf,5gv00htx
k4snaxf,dv9skqo1c
k4snaxf,ffjxmja
k4snaxf,2uw0le02
k4snaxf,ozsvu5np
k4snaxf,55z5a7ca
k4snaxf,81f1qna0
k4snaxf,djdin8sh
k4snaxf,aqxzuch
k4snaxf,6ew09
k4snaxf,nudq5
k4snaxf,4x4lz
k4snaxf,3s7a8
k4snaxf,9me2l
k4snaxf,lz32l2f3
k4snaxf,2s5g4r9f
k4snaxf,7rv1xhdy
k4snaxf,i1o2i
k4snaxf,ei49b4ls
k4rhrhq,b9qed
k4rhrhq,7fbfv
k4rhrhq,2xwpvcts
k4rhrhq,fc3wb476a
k4rhrhq,35qvq5qf
k4rhrhq,fk2fe
k4rhrhq,7k1xj
k4rhrhq,8z3fylop
k4rhrhq,fwbbn
k4rhrhq,fc6mz
k4rhrhq,emne8
k4rhrhq,4oqyo
k4rhrhq,1pba7h
k4rhrhq,rnk25
k4rhrhq,ipv04
k4rhrhq,l84ev
k4rhrhq,2h28w76n
k4rhrhq,aegpd9ir
k4rhrhq,7x88cjwo
k4rhrhq,10t8ic
k4rhrhq,3l73660e
k4rhrhq,eumqf60v
k4rhrhq,l5rjn
k4rhrhq,564byanu
k4rhrhq,1kdlod
k4rhrhq,w27qmdi7
k4rhrhq,gfcc1em30
k4rhrhq,cuaj930p
k4rhrhq,b9rc0
k4rhrhq,kbcxvehv
k4qqd9e,h8fk0ntw
k4qqd9e,vod40zrq
k4qqd9e,sbuzx
k4qqd9e,u25c4b0s
k4qqd9e,4sha0
k4qqd9e,dyurrvci
k4qqd9e,ce8ko
k4qqd9e,135wao
k4qqd9e,von3w6y2
k4qqd9e,ew6wp
k4qqd9e,em0r0igs
k4qqd9e,e8q69
k4qqd9e,10szoh
k4qqd9e,160nch
k4qqd9e,mldf8x9m
k4qqd9e,zxe2p
k4qqd9e,qr9mw36k
k4qqd9e,8faq087m
k4qqd9e,49yrsc8g
k4qqd9e,c4lsq
k4qqd9e,jsslo
k4qqd9e,8slma
k4qqd9e,nwux0wd
k4qqd9e,bnl81xr
k4qqd9e,w82cb99
k4qqd9e,112jzr
k4qqd9e,172suj
k4qqd9e,sbkqtyb8
k4qqd9e,1p2i4k32
k4qqd9e,t86ywwe
k4ndomw,8rmls
k4ndomw,7t66h
k4ndomw,3sapdky8
k4ndomw,4mh73
k4ndomw,527haopj
k4ndomw,ud3skgp
k4ndomw,7j0lq
k4ndomw,tw70p
k4ndomw,7cyq8
k4ndomw,dglbs
k4ndomw,aeqld
k4ndomw,mf0dx
k4ndomw,2pn3jz7m
k4ndomw,hsdr4
k4ndomw,3ivw41ae
k4ndomw,kuyfbvfpm
k4ndomw,frxbupd1m
k4ndomw,pzbob87c
k4ndomw,8x7rrmb3
k4ndomw,1bhhcv7x
k4ndomw,5nmbn
k4ndomw,i6ibg
k4ndomw,gno35zev
k4ndomw,uryd5efk
k4ndomw,n0oiy
k4ndomw,qzhrf33n
k4ndomw,hxvj4
k4ndomw,w2qjf
k4ndomw,ig6bwjd1
k4ndomw,3wqskvul
k4qc277,5wzjcpv5
k4qc277,dfpocwzy
k4qc277,5wgw4rzg
k4qc277,dteiy48r
k4qc277,h22xa
k4qc277,y5iwbf8
k4qc277,dvgmt
k4qc277,csj8fedl
k4qc277,8zfauefh
k4qc277,ebbko
k4qc277,ci0hf
k4qc277,iy9vm
k4qc277,efj27
k4qc277,2jca362c
k4qc277,514vs
k4qc277,isot7
k4qc277,f1ldixae
k4qc277,efz5qbl0
k4qc277,7xpfcq3hc
k4qc277,8n8gwef5t
k4qc277,d8re1
k4qc277,37dvi
k4qc277,c8m6v
k4qc277,5nj9y
k4qc277,6xz07
k4qc277,46uhanzr
k4qc277,1oknw
k4qc277,baz8b
k4qc277,ztew1
k4qc277,9284t
k4mrpsz,11e7ai
k4mrpsz,2i4mv
k4mrpsz,6m3a4
k4mrpsz,bdofe70h
k4mrpsz,tt0ie8b9
k4mrpsz,as2tb2i
k4mrpsz,ewpxr
k4mrpsz,q71ud
k4mrpsz,38kbj
k4mrpsz,17gus
k4mrpsz,4fxgpgur
k4mrpsz,5qydo24n
k4mrpsz,aql90
k4mrpsz,85lpsh5s
k4mrpsz,cn8vk
k4mrpsz,kx9ln
k4mrpsz,11ifzx
k4mrpsz,69b2m2wl
k4mrpsz,hq1vzwrvk
k4mrpsz,a3bm942e
k4mrpsz,7j6mn41x
k4mrpsz,afi47
k4mrpsz,12alfy
k4mrpsz,e0pk6
k4mrpsz,jab23842
k4mrpsz,96bzmmh8
k4mrpsz,4gwi4rmo
k4mrpsz,1adk7g
k4mrpsz,851oscvr
k4mrpsz,34r5rqj2
k4rk94y,15479k
k4rk94y,8hcj3g2b
k4rk94y,8eyo2
k4rk94y,d1iad
k4rk94y,b2j1c
k4rk94y,rghr3
k4rk94y,48mqld
k4rk94y,32yzg
k4rk94y,29studxk
k4rk94y,742h6
k4rk94y,mlkevu5h
k4rk94y,5t5j2
k4rk94y,16gldv
k4rk94y,7453o
k4rk94y,3gzga
k4rk94y,8myyt58v
k4rk94y,7bi9oh2qz
k4rk94y,10w8xj
k4rk94y,3qu7x6kp
k4rk94y,883vh
k4rk94y,3b1ctiyk
k4rk94y,31fxrpz8
k4rk94y,unurw
k4rk94y,948mi
k4rk94y,5jprwaqm
k4rk94y,5rw9zgjw
k4rk94y,46npe
k4rk94y,s69fvmsh
k4rk94y,epn1vhtc
k4rk94y,4q7f9ylq
k4sgbpk,7us6j
k4sgbpk,3zbfgn3f
k4sgbpk,372tg
k4sgbpk,a5bcqv65
k4sgbpk,vnwsxsrb
k4sgbpk,jgraue6u
k4sgbpk,102i6d
k4sgbpk,96qmy86dn
k4sgbpk,sg5v2ix5
k4sgbpk,fvv23
k4sgbpk,11y02l
k4sgbpk,fchak
k4sgbpk,950t8
k4sgbpk,3myvyeja
k4sgbpk,2ghwk6c
k4sgbpk,4zbqn
k4sgbpk,gdued
k4sgbpk,k44jt5g
k4sgbpk,5zfwaf38
k4sgbpk,j6qxf
k4sgbpk,xdper
k4sgbpk,ho58u
k4sgbpk,1p4vmpbf
k4sgbpk,csz7s
k4sgbpk,142g0b
k4sgbpk,uev4f1jw
k4sgbpk,lrn8mbz
k4sgbpk,9985l57wv
k4sgbpk,1mpobkx4
k4sgbpk,ihyyoxhg
k4re2r0,htuug
k4re2r0,4cmt491w
k4re2r0,7z6b5t42
k4re2r0,b4mtl
k4re2r0,bt6r3gae
k4re2r0,4nisg
k4re2r0,5jcv0
k4re2r0,9rleo
k4re2r0,6fx7m7zz
k4re2r0,4v4vh
k4re2r0,67epy
k4re2r0,8oga6hcn
k4re2r0,12f8kq6w
k4re2r0,3nu7ifb7
k4re2r0,duavq
k4re2r0,3aqize2u
k4re2r0,4x1its3n
k4re2r0,fm8tgvo6l
k4re2r0,mj989
k4re2r0,wq606nq
k4re2r0,78wjf
k4re2r0,3cixl
k4re2r0,51fu1
k4re2r0,5t7aq
k4re2r0,w76vyoq9
k4re2r0,8vv3q
k4re2r0,8esz213s
k4re2r0,1z03zunb
k4re2r0,egiic
k4re2r0,21fekvcu
k4qnpzv,fyk4m
k4qnpzv,91eex5zx
k4qnpzv,79g38
k4qnpzv,jffrx5j
k4qnpzv,j41bofu7
k4qnpzv,2okhkn7
k4qnpzv,90qzj
k4qnpzv,7eh3n
k4qnpzv,85lus1sg
k4qnpzv,4wrqf
k4qnpzv,14mkb5
k4qnpzv,pt6pq
k4qnpzv,x5vuz
k4qnpzv,l1vwa
k4qnpzv,g3n2ulrw
k4qnpzv,igi9m4wf
k4qnpzv,c8rr9
k4qnpzv,pvb3x3re
k4qnpzv,smq7l3od
k4qnpzv,m7ogk
k4qnpzv,8tpjnn6
k4qnpzv,33mjo
k4qnpzv,1iaqcql4
k4qnpzv,my3c9ot
k4qnpzv,5zsf6
k4qnpzv,iix1oaaq
k4qnpzv,6p3vfte7
k4qnpzv,pn67n
k4qnpzv,7grss
k4qnpzv,3hk8vj0o
k4r90d3,4ghfb
k4r90d3,xlsqq
k4r90d3,brsv6jl7k
k4r90d3,2lw75a6
k4r90d3,xxs2n
k4r90d3,b4tzt
k4r90d3,5ia3i
k4r90d3,ioy9g
k4r90d3,137lvar7
k4r90d3,h158l
k4r90d3,12yi3t
k4r90d3,7brgktpy
k4r90d3,g9av9
k4r90d3,db70bgcp
k4r90d3,k750gq9k
k4r90d3,livccopk
k4r90d3,gpdvryuyy
k4r90d3,4lo6v9zq
k4r90d3,j0o8gywt
k4r90d3,4m10t16h
k4r90d3,yinzl
k4r90d3,lgcpf
k4r90d3,c85ij
k4r90d3,lhto82g1
k4r90d3,79fh3
k4r90d3,a20vxxqh
k4r90d3,c66wrw7x
k4r90d3,16tpp4
k4r90d3,wn7xyt3
k4r90d3,fyesd
k4qynw6,9a6nx
k4qynw6,4q3yg
k4qynw6,3wvl3
k4qynw6,lgsun
k4qynw6,3fzy5
k4qynw6,lorbpnod
k4qynw6,43qi2lpvc
k4qynw6,3n9tq
k4qynw6,gdoxm
k4qynw6,4ae0h
k4qynw6,ki2qky9g
k4qynw6,8twbl
k4qynw6,151m34
k4qynw6,4ffrq
k4qynw6,vbx5nzh0
k4qynw6,denga3qx
k4qynw6,ub7bb
k4qynw6,hcm5q
k4qynw6,95j4f9ur
k4qynw6,8m4r37sa
k4qynw6,i9w2yfy30
k4qynw6,8blry
k4qynw6,5orbcaekg
k4qynw6,6zvsk
k4qynw6,j754i
k4qynw6,g17uj
k4qynw6,y96a6i
k4qynw6,faby8iig
k4qynw6,9khvjbbyk
k4qynw6,6dk0s
k4rsg45,10yyfv
k4rsg45,1cxo26w
k4rsg45,3ohvy
k4rsg45,3kgm5kv4
k4rsg45,hsy6kd2c
k4rsg45,2a55h
k4rsg45,ai9lv
k4rsg45,kwvw7kea
k4rsg45,2205h9v6
k4rsg45,ebw05
k4rsg45,18d58mtt
k4rsg45,ddl7a61
k4rsg45,563plor6
k4rsg45,36c3fbtb
k4rsg45,92uj5
k4rsg45,czkxkimvj
k4rsg45,kyzxx59hn
k4rsg45,40h3djmd
k4rsg45,85x7hn70s
k4rsg45,862xn42o
k4rsg45,ba52scrd
k4rsg45,c89tp
k4rsg45,2hnbcpf7
k4rsg45,tm84nq70
k4rsg45,55o3u
k4rsg45,8vqd8lf
k4rsg45,4ikxh
k4rsg45,91fq4bb3
k4rsg45,ngr6f
k4rsg45,4h78srq0
gbgwakf,7eo9i
gbgwakf,4xfdt
gbgwakf,73zu39wlu
gbgwakf,14ssjz
gbgwakf,agnzr
gbgwakf,runbu
gbgwakf,44wns
gbgwakf,3sn64
gbgwakf,o4jwv
gbgwakf,c49s0
gbgwakf,ouwa3
gbgwakf,13moyp
gbgwakf,awuh2
gbgwakf,e1i7l
gbgwakf,bmdp9auo
gbgwakf,2swklp1q
gbgwakf,12ay4to
gbgwakf,p5fke
gbgwakf,2g0lew56
gbgwakf,3yoa6jxu
gbgwakf,74vq3
gbgwakf,jhba0
gbgwakf,137fro
gbgwakf,aggqo
gbgwakf,4gp9kyxi
gbgwakf,x8klq
gbgwakf,bmbbz
gbgwakf,bdd391aga
gbgwakf,iraia
gbgwakf,byjds
fixvpll,di92i
fixvpll,gfjob
fixvpll,97wdn
fixvpll,5bgow26
fixvpll,6yrif
fixvpll,3zpl0
fixvpll,3977v
fixvpll,apeo4
fixvpll,12czjz
fixvpll,3rrff
fixvpll,b47oy
fixvpll,7lrzr
fixvpll,ao7bi
fixvpll,c599w
fixvpll,1fq4bpzg
fixvpll,391mk
fixvpll,2suo5ama
fixvpll,qyoji
fixvpll,sxd96
fixvpll,3xajdao3
fixvpll,34h8xsy6
fixvpll,xibi6
fixvpll,pgwrqqi
fixvpll,3ue2hdm2
fixvpll,14i19o
fixvpll,6yhcu88r4
fixvpll,5d4ok
fixvpll,4e9qh
fixvpll,t0q9cdgd
fixvpll,6zpl9
k4rrc5p,p38g5
k4rrc5p,26ay6cqz
k4rrc5p,j8io5yuv
k4rrc5p,50g7a
k4rrc5p,eqs3o
k4rrc5p,3sueg5hw
k4rrc5p,37ejw
k4rrc5p,v5wvu
k4rrc5p,pic8r
k4rrc5p,7b5m0
k4rrc5p,37ys0pzv
k4rrc5p,2kfpyjpi
k4rrc5p,faszfa4
k4rrc5p,85a79vq5
k4rrc5p,2wl822hv
k4rrc5p,gjwdb
k4rrc5p,jezjymbr
k4rrc5p,7c1yofrn
k4rrc5p,aiucso4i
k4rrc5p,1csiaq54
k4rrc5p,6exlko7w
k4rrc5p,4ng80vta
k4rrc5p,zustp
k4rrc5p,4q23p8q7
k4rrc5p,4dava3n2
k4rrc5p,ane1wfh
k4rrc5p,6tno4
k4rrc5p,aylopscv
k4rrc5p,116uz8
k4rrc5p,17ekhl
k4shw2o,fols4
k4shw2o,ik7i6
k4shw2o,txj8ohs6
k4shw2o,b1fxzjn0
k4shw2o,kts42
k4shw2o,6ejsg5j6
k4shw2o,3qt2h
k4shw2o,ve59
k4shw2o,6w0i2
k4shw2o,4yk7n
k4shw2o,10cszt6p
k4shw2o,8701m1bh
k4shw2o,3ttbp
k4shw2o,eixes4i0w
k4shw2o,2ymhqlzf
k4shw2o,3de8jrm
k4shw2o,h2onycsa5
k4shw2o,ga7q5z5m
k4shw2o,1hx8dvs
k4shw2o,eneisnd
k4shw2o,6rzir
k4shw2o,4rxl8
k4shw2o,odykq8j0
k4shw2o,3iutlson
k4shw2o,mjxqtl0
k4shw2o,wv10b
k4shw2o,1i1rta5
k4shw2o,hym05
k4shw2o,5zcx88cl
k4shw2o,obolg
fixct2t,f08vk
fixct2t,908mbfy0
fixct2t,70gzwj2x
fixct2t,9dg0ylud
fixct2t,ag7v9
fixct2t,60bvu982
fixct2t,95ob9
fixct2t,4k7de
fixct2t,74ozv
fixct2t,6wz7z
fixct2t,qlq8gira
fixct2t,gmw1e
fixct2t,ulsyeiiz
fixct2t,5v4pg
fixct2t,8rxcr
fixct2t,fin1zcoc
fixct2t,dhn96a4c
fixct2t,rvnyq5py
fixct2t,m5zkm8rw
fixct2t,ltjrfh3f
fixct2t,4kviw
fixct2t,3ysaf
fixct2t,5im73
fixct2t,vgz903rc
fixct2t,9tdh3kcr
fixct2t,86fsrxmd
fixct2t,l0cymxgln
fixct2t,t31xf1q
fixct2t,4gxgr
fixct2t,9lc27ryu
k4o3qbi,47jyy
k4o3qbi,ni706zp
k4o3qbi,6an2l5be
k4o3qbi,uhr1muz9
k4o3qbi,kx3sq
k4o3qbi,4etc2vr6
k4o3qbi,48rom
k4o3qbi,2e87gjw5
k4o3qbi,71g26rk
k4o3qbi,erisj
k4o3qbi,n2j8orz
k4o3qbi,1fztvjcl
k4o3qbi,tx4hf30e
k4o3qbi,38eey
k4o3qbi,5mcztqov
k4o3qbi,ctc5y6828
k4o3qbi,kbmjwj13g
k4o3qbi,ronru85z
k4o3qbi,dm18upq3
k4o3qbi,kn7xctob
k4o3qbi,p58bxr4
k4o3qbi,p28zs
k4o3qbi,fjith
k4o3qbi,j3eom
k4o3qbi,1j2hfxz2
k4o3qbi,vp4wk543
k4o3qbi,kcpxp0
k4o3qbi,4dnc3
k4o3qbi,tgicp
k4o3qbi,10qpj4
gbgtz4x,16gpgw
gbgtz4x,6glzv
gbgtz4x,2zhjpw90
gbgtz4x,8s60l7ph
gbgtz4x,v2hxiimw
gbgtz4x,ir7mc
gbgtz4x,f1wyz
gbgtz4x,52b6g
gbgtz4x,c4k3k
gbgtz4x,d2o4r
gbgtz4x,3exmk
gbgtz4x,mvj70
gbgtz4x,8mjmnqf1
gbgtz4x,7j30mbkv
gbgtz4x,gnfzk
gbgtz4x,eutho2qy
gbgtz4x,300gm
gbgtz4x,6g49m6p2
gbgtz4x,ity5s
gbgtz4x,g2tnp
gbgtz4x,ku9uz
gbgtz4x,ayidx
gbgtz4x,13z6si
gbgtz4x,7pa0g
gbgtz4x,a6r7o
gbgtz4x,jhrqkxib
gbgtz4x,ajk75xpc
gbgtz4x,33vbtz3g
gbgtz4x,7p24hz5y
gbgtz4x,6hdu2
d9pikcn,re9jw
d9pikcn,cpdhj
d9pikcn,btffnw46k
d9pikcn,b3uqgusld
d9pikcn,qb2s5bev
d9pikcn,5722rnug
d9pikcn,ccfq0
d9pikcn,pqr9b
d9pikcn,fnkug
d9pikcn,ejtb5
d9pikcn,b65my2q4
d9pikcn,fk2gm
d9pikcn,3ui3w
d9pikcn,dn8ab
d9pikcn,eokudnwz
d9pikcn,5iywr
d9pikcn,af9ld
d9pikcn,hjj9es6c
d9pikcn,2h887vew
d9pikcn,55ftefhm
d9pikcn,u7f7p
d9pikcn,mmelz
d9pikcn,4v59v0hi
d9pikcn,85roezqp
d9pikcn,zizbh
d9pikcn,39p3n
d9pikcn,75plj99i
d9pikcn,pgkq8
d9pikcn,10j8vh
d9pikcn,acol7
k4s4kqj,8ha6o
k4s4kqj,1aolb31h
k4s4kqj,s244cp9z
k4s4kqj,6rpz5
k4s4kqj,12rv71
k4s4kqj,551k1n7
k4s4kqj,f46db
k4s4kqj,16d620
k4s4kqj,7vyxm
k4s4kqj,di3ff
k4s4kqj,3bekv
k4s4kqj,wqmhr
k4s4kqj,148isf
k4s4kqj,tl7ruqys
k4s4kqj,5eetpodk
k4s4kqj,4uh701f1
k4s4kqj,147wfw
k4s4kqj,8d1m3
k4s4kqj,wfp63
k4s4kqj,20wquk36
k4s4kqj,lone0
k4s4kqj,efj04
k4s4kqj,eq4r4eu5c
k4s4kqj,d5oud
k4s4kqj,3cfqlxpj
k4s4kqj,eis8r2jw0
k4s4kqj,14n4jz
k4s4kqj,2daqcmh2
k4s4kqj,joa1t9f3
k4s4kqj,otewpx0
k4q8umx,12tdp1
k4q8umx,6hc4yg32
k4q8umx,4al3ejbp
k4q8umx,cdhdq
k4q8umx,lk7i6y2
k4q8umx,10frs77q
k4q8umx,c3d38
k4q8umx,9qabc
k4q8umx,3c9zcx7v
k4q8umx,c3a5a
k4q8umx,sjobqqoy
k4q8umx,gcz2z
k4q8umx,6oxwcjoh
k4q8umx,mkfu3c1b
k4q8umx,459u0
k4q8umx,fg1jlqq80
k4q8umx,k2ir4lnvy
k4q8umx,91hiu7x
k4q8umx,nm5jm
k4q8umx,451efi71
k4q8umx,gtoj93
k4q8umx,e3oh7
k4q8umx,2tu8n7l9
k4q8umx,8eipi3de
k4q8umx,59q06
k4q8umx,5l7oaf77l
k4q8umx,tbfjfmks
k4q8umx,5x71ora6o
k4q8umx,7yaa4ft0
k4q8umx,dpq1pmnk
d9piei3,14e0em
d9piei3,kzvim
d9piei3,lzj4grm5
d9piei3,7qnpj8k6
d9piei3,1jy6pj1h
d9piei3,158p6j
d9piei3,wm0he
d9piei3,14zskf
d9piei3,h2gwo
d9piei3,hjx9y
d9piei3,3kdypb1t
d9piei3,aa5a3p0k
d9piei3,4s59x
d9piei3,2qmq9zc3
d9piei3,vl5fyxj
d9piei3,4xftp7s3
d9piei3,339lq
d9piei3,31hlv
d9piei3,1cxaav7e
d9piei3,5u32i
d9piei3,boaif77n
d9piei3,b7xjl
d9piei3,6d8khvdm
d9piei3,48b28
d9piei3,150vxy
d9piei3,96snyro0b
d9piei3,3cey8vta
d9piei3,p7uyu
d9piei3,bjerf
d9piei3,3fvmnae9
d9pnop7,11p3l8
d9pnop7,7dmn4
d9pnop7,cefc6ysx
d9pnop7,a07y2q2h
d9pnop7,en8iz
d9pnop7,9vyu4
d9pnop7,4ahbb
d9pnop7,kt7mz
d9pnop7,4ras6djr
d9pnop7,9a10l
d9pnop7,djlpj
d9pnop7,112snb
d9pnop7,xhe9j
d9pnop7,4qdwj
d9pnop7,9midvm1d
d9pnop7,2vt7xrq8
d9pnop7,10aq4s
d9pnop7,36p70pvk
d9pnop7,6qbg1tp3
d9pnop7,yb2ai
d9pnop7,f922zsimk
d9pnop7,jvid9m0g
d9pnop7,bwfplo9pt
d9pnop7,i1jik
d9pnop7,2sl201js
d9pnop7,by7j7
d9pnop7,13k7xkuq
d9pnop7,2k3srxzy
d9pnop7,bt0htjo6
d9pnop7,6fkyi
fiy1xfd,hojhe
fiy1xfd,ntms5obj
fiy1xfd,7387n12o
fiy1xfd,a27qmdt
fiy1xfd,62we5
fiy1xfd,2i5hi401
fiy1xfd,bypib
fiy1xfd,r8d9v
fiy1xfd,t4urx
fiy1xfd,fr1ym
fiy1xfd,34d5o
fiy1xfd,hokq7
fiy1xfd,3k529j6t
fiy1xfd,24748ukp
fiy1xfd,12eh4d
fiy1xfd,aaa7twmru
fiy1xfd,4grbcxb8
fiy1xfd,3e3ec
fiy1xfd,2mw2l8xa
fiy1xfd,jv38uhcv
fiy1xfd,onmnpzay
fiy1xfd,754qw
fiy1xfd,7lmyf
fiy1xfd,fcyzo
fiy1xfd,23f0sxmr
fiy1xfd,o7cfb6o8
fiy1xfd,32av7
fiy1xfd,vfzjp
fiy1xfd,4plopzyd
fiy1xfd,65uflop0
k4rqdgi,h4k1a58
k4rqdgi,16ouqb
k4rqdgi,257cfoda
k4rqdgi,7p1og
k4rqdgi,rtnq4
k4rqdgi,b0ctr
k4rqdgi,rv8xg
k4rqdgi,9jzf59v2
k4rqdgi,ybtmf
k4rqdgi,29myuwor
k4rqdgi,10t6yxh
k4rqdgi,arfwr
k4rqdgi,bvl9i
k4rqdgi,8dujnszf
k4rqdgi,pxl13
k4rqdgi,1040qo
k4rqdgi,bwwfy05w
k4rqdgi,4orhz
k4rqdgi,2rhodlnu
k4rqdgi,cu1o8etu
k4rqdgi,4le5f48z
k4rqdgi,zlk8j
k4rqdgi,f3nw7z0o
k4rqdgi,uyd5t
k4rqdgi,29k4rqs0
k4rqdgi,ffz0p
k4rqdgi,4g4veuxt
k4rqdgi,10vq7wo5
k4rqdgi,9jjjn
k4rqdgi,3o7fd
k4ndon8,bgz12
k4ndon8,i82qz
k4ndon8,5oex3
k4ndon8,jvzr28w9
k4ndon8,e7pi3
k4ndon8,14kiwu
k4ndon8,daia1
k4ndon8,anu8gprh
k4ndon8,qq80f
k4ndon8,djejt
k4ndon8,6tvr5
k4ndon8,6mu8ztl
k4ndon8,rigeiq7u
k4ndon8,8larr
k4ndon8,5dr2xaed
k4ndon8,7rappkxd
k4ndon8,21529h96
k4ndon8,5l009
k4ndon8,62c0s
k4ndon8,b1fqwxun
k4ndon8,sjnjc1o5
k4ndon8,8co2rei
k4ndon8,9wbn8
k4ndon8,ifs8prf
k4ndon8,8os8f
k4ndon8,deisiw1a
k4ndon8,8iywe8yh
k4ndon8,14nk5b84
k4ndon8,nkgpz4bp
k4ndon8,hanlr
k4sj46n,esa80
k4sj46n,ve43i630
k4sj46n,inavs
k4sj46n,8vv5p
k4sj46n,kkul2
k4sj46n,spigx
k4sj46n,ct77o
k4sj46n,3g0dwhvz
k4sj46n,11x1acta
k4sj46n,g9qt5
k4sj46n,29k4lad
k4sj46n,xm0sl
k4sj46n,jgkb77f
k4sj46n,3q4lk1
k4sj46n,7ilgrjsy
k4sj46n,dlnu7mx40
k4sj46n,34bkl
k4sj46n,k85yz02
k4sj46n,2acp3u1n
k4sj46n,73qzo
k4sj46n,12uttv
k4sj46n,6blbhl5b
k4sj46n,16fjv0
k4sj46n,67wcl
k4sj46n,dwnw8
k4sj46n,3y9a0lg1
k4sj46n,fl8sn34z
k4sj46n,j1cfb
k4sj46n,6kda8kkdu
k4sj46n,2k1fh086
k4q82uc,1jb6bk6r
k4q82uc,j6w7a
k4q82uc,8o2qqkp
k4q82uc,odrtxb
k4q82uc,34agh
k4q82uc,3yvv5m5h
k4q82uc,w0az4
k4q82uc,78995
k4q82uc,7tn859ft
k4q82uc,f3zre
k4q82uc,rh0vqlis
k4q82uc,8701z2bw
k4q82uc,r58em
k4q82uc,412512bq
k4q82uc,1y5sz4d1
k4q82uc,67yil
k4q82uc,yai9hb
k4q82uc,2qr1y26q
k4q82uc,b90ij
k4q82uc,90h95
k4q82uc,v87krdwe
k4q82uc,jqcgecp7
k4q82uc,fah4f
k4q82uc,cioba
k4q82uc,46h1woy
k4q82uc,trhnnadk
k4q82uc,pex9
k4q82uc,idh9o
k4q82uc,12qzyh
k4q82uc,8z9tc
fiydmt6,ufnv5
fiydmt6,acm0l6oq
fiydmt6,8mrrt
fiydmt6,13yg1i
fiydmt6,4kt2i
fiydmt6,12fjbd
fiydmt6,y9k5j
fiydmt6,8976y
fiydmt6,nr2hn
fiydmt6,15a9yi88
fiydmt6,6h73b
fiydmt6,5e4z09u6
fiydmt6,fysrh4ox6
fiydmt6,16htfs
fiydmt6,4u7gme3k
fiydmt6,xfxsg
fiydmt6,4jaqe1p9q
fiydmt6,13ayqz
fiydmt6,agq65tmd
fiydmt6,3z45i1ng
fiydmt6,8po26
fiydmt6,9415ein9s
fiydmt6,4zchw
fiydmt6,80xhn3iu
fiydmt6,kz9m2nx
fiydmt6,kxj1t1f
fiydmt6,1jcfe0ue
fiydmt6,6875o
fiydmt6,fc5dl
fiydmt6,9t65z
k4s4kom,kukpd
k4s4kom,7e5h
k4s4kom,868hz
k4s4kom,5gleu8ro
k4s4kom,cfg54
k4s4kom,4yu8vmtb
k4s4kom,nh483
k4s4kom,6lsei2yt
k4s4kom,2j8r186r
k4s4kom,f5vpj
k4s4kom,gor2d
k4s4kom,14yg88
k4s4kom,556za681g
k4s4kom,3m8gbo50
k4s4kom,3wlu6
k4s4kom,amm4hc9m
k4s4kom,fsen1z5n3
k4s4kom,oy5cg
k4s4kom,ud7vr
k4s4kom,11tmwk
k4s4kom,l6kpc
k4s4kom,gqzu430s
k4s4kom,4s4tw6wxg
k4s4kom,150i36
k4s4kom,7qp2n
k4s4kom,cr8bwflu8
k4s4kom,8hes6uf1
k4s4kom,6gmuy216
k4s4kom,w0qtjb0p
k4s4kom,4nxwf
k4rekz6,g4ngl
k4rekz6,26k9qljp
k4rekz6,8u6a0m3u
k4rekz6,s7bjg1o
k4rekz6,4vukl
k4rekz6,jxt98a0
k4rekz6,7bbcm
k4rekz6,4s0hkezr
k4rekz6,t7g6h
k4rekz6,bfi1w
k4rekz6,pktoz
k4rekz6,cdmeu
k4rekz6,jgeve
k4rekz6,4puxit1t
k4rekz6,3if6q
k4rekz6,9t6abtpa
k4rekz6,khidbg2s
k4rekz6,1pec6mjq
k4rekz6,8s0rx
k4rekz6,89pf8r82
k4rekz6,7xfr6oj8
k4rekz6,e63mm
k4rekz6,139qt6
k4rekz6,zy2qm
k4rekz6,6fgy3wjv
k4rekz6,12vxb6
k4rekz6,13z83g
k4rekz6,5ixwe
k4rekz6,djbfikg
k4rekz6,c6zrwgqc
k4rfvmp,fhzo9
k4rfvmp,kfxur9aw
k4rfvmp,f88oipy4
k4rfvmp,3ibroi8m
k4rfvmp,nk98z
k4rfvmp,4uhkihoe
k4rfvmp,452oa
k4rfvmp,5ewid
k4rfvmp,1u5s338d
k4rfvmp,5w64p
k4rfvmp,17hauh
k4rfvmp,vlbm
k4rfvmp,10kypb
k4rfvmp,9q8d9hm2
k4rfvmp,26nc3bso
k4rfvmp,80pxr
k4rfvmp,lyvyfkz9
k4rfvmp,8q5gcsfa
k4rfvmp,9bs7ofao
k4rfvmp,16e5dv
k4rfvmp,gyzdofhuy
k4rfvmp,mpt1i8cl
k4rfvmp,2wbqsvrs
k4rfvmp,g7t1x
k4rfvmp,3qqpjcx
k4rfvmp,zfctaew
k4rfvmp,3j35vaan
k4rfvmp,8msi23lq
k4rfvmp,3js0l
k4rfvmp,oam37qd
gbgzumm,djljf
gbgzumm,35lv1
gbgzumm,1wuzw2px
gbgzumm,jwk2s3zm
gbgzumm,78q54
gbgzumm,5mwmlntk
gbgzumm,djrqv
gbgzumm,7axpcigf
gbgzumm,4u76njty
gbgzumm,4detd
gbgzumm,glrsi
gbgzumm,xyw0i
gbgzumm,h1dyy
gbgzumm,4c196
gbgzumm,377d9
gbgzumm,fs1zp
gbgzumm,2plb9jhg
gbgzumm,t88frqhw
gbgzumm,8idvw
gbgzumm,1juztvs
gbgzumm,d0fi94o4s
gbgzumm,ekcl71dk
gbgzumm,17c27b
gbgzumm,rhuhg
gbgzumm,42q3d0d5
gbgzumm,lpy03
gbgzumm,1rwy9klj
gbgzumm,131gl3
gbgzumm,enlzslzq8
gbgzumm,hsp9f
k4rqmhh,438nn
k4rqmhh,5lplq
k4rqmhh,4ojr5ima
k4rqmhh,z2l0d
k4rqmhh,4vrzg
k4rqmhh,h7s73
k4rqmhh,uzw57
k4rqmhh,imojv
k4rqmhh,15n2qp
k4rqmhh,byhll
k4rqmhh,o7o33401
k4rqmhh,22pektt1
k4rqmhh,khgcv2kpt
k4rqmhh,2h8hegf8
k4rqmhh,3kp22gxu
k4rqmhh,85pdo08m
k4rqmhh,g879pahii
k4rqmhh,dxprwkrp
k4rqmhh,569bsp7x
k4rqmhh,aaxji
k4rqmhh,wbvgo
k4rqmhh,9g0ib
k4rqmhh,levzo
k4rqmhh,8xq4z
k4rqmhh,2pfh37fl
k4rqmhh,hq0rdq79n
k4rqmhh,5grqq
k4rqmhh,f5twqlt5
k4rqmhh,ci5h2ere
k4rqmhh,4hwpuc2e
d9ptdaa,11c8fa
d9ptdaa,hwsh7
d9ptdaa,10erg5r
d9ptdaa,pvmid
d9ptdaa,iwq58
d9ptdaa,12g3qa
d9ptdaa,ttyik
d9ptdaa,cho6p
d9ptdaa,utfl30q
d9ptdaa,4l0fn
d9ptdaa,mu7bh
d9ptdaa,7pmv84y4
d9ptdaa,p8k8k
d9ptdaa,aithcxul
d9ptdaa,2ortgnuz
d9ptdaa,y3how
d9ptdaa,78h82kz5
d9ptdaa,3b26cvvj
d9ptdaa,fqgo8rbre
d9ptdaa,129661
d9ptdaa,6uq76nsxt
d9ptdaa,1780yv
d9ptdaa,b7lfu
d9ptdaa,bt732
d9ptdaa,1qkyb44l
d9ptdaa,4u9d1wt7
d9ptdaa,ckonp
d9ptdaa,8bxdddti
d9ptdaa,vxwu4
d9ptdaa,48i7gm2x
k4rzqki,149rbh
k4rzqki,s77ge3
k4rzqki,eaxzq0vm
k4rzqki,5w38z
k4rzqki,90r4h
k4rzqki,q6c9i
k4rzqki,fjw09
k4rzqki,yqgxa
k4rzqki,kacha
k4rzqki,8au47
k4rzqki,e09k1yd0
k4rzqki,4q1lioie
k4rzqki,syjb44p6
k4rzqki,11ve3r
k4rzqki,67djepbk
k4rzqki,14ycn4
k4rzqki,e45fh
k4rzqki,ucca64x
k4rzqki,stf2h
k4rzqki,yukku
k4rzqki,8onub
k4rzqki,jjbe99r2
k4rzqki,u1ojw
k4rzqki,dmfynis
k4rzqki,72z4n
k4rzqki,4lepceiw
k4rzqki,100sfu
k4rzqki,8a66xpirk
k4rzqki,1213ep
k4rzqki,t4jwz1
fiy18ls,9rdag
fiy18ls,14c2sk
fiy18ls,5m4qb
fiy18ls,87hm3488
fiy18ls,3phra
fiy18ls,77usexld
fiy18ls,hpp4z
fiy18ls,fyifq
fiy18ls,jmgp419o
fiy18ls,r91zf
fiy18ls,9gw67z9i
fiy18ls,d10n03wi
fiy18ls,anq6p
fiy18ls,2tt9w
fiy18ls,4fb1c
fiy18ls,veyqmku6
fiy18ls,iht2wx2d
fiy18ls,l4k8xo8q
fiy18ls,98szcfinl
fiy18ls,ewtssc9pc
fiy18ls,7prjy01w
fiy18ls,c2pzxdya
fiy18ls,166r9j
fiy18ls,xxq8a
fiy18ls,172ivr
fiy18ls,b1837
fiy18ls,slwqd9zj
fiy18ls,6cend
fiy18ls,4h2lv
fiy18ls,9fl8l7jd
gbh1wat,4e5u8
gbh1wat,7q9ig
gbh1wat,2ppx1et2
gbh1wat,2mljwhmv
gbh1wat,69xt0
gbh1wat,a7imiv76y
gbh1wat,9aj3k
gbh1wat,7r2gs
gbh1wat,13igmp
gbh1wat,5xh6m
gbh1wat,7eslkpz
gbh1wat,4m7lf
gbh1wat,9avma
gbh1wat,1c796dg5
gbh1wat,vnnydpen
gbh1wat,a53gnti3
gbh1wat,cgim
gbh1wat,6j3mkari
gbh1wat,12b7te
gbh1wat,hrcxd
gbh1wat,a1kh1
gbh1wat,kp45h8m
gbh1wat,6x6nzso4
gbh1wat,15yinb
gbh1wat,alxb965v3
gbh1wat,23n1tesf
gbh1wat,10prrz
gbh1wat,w6a7n
gbh1wat,41mi9
gbh1wat,ho0o8
fiy5ofm,5db43
fiy5ofm,b3ail
fiy5ofm,ncjevtxd
fiy5ofm,8z8l85t8
fiy5ofm,107fsb
fiy5ofm,xsbp7
fiy5ofm,dmxoa
fiy5ofm,yvbdp
fiy5ofm,gw4l4
fiy5ofm,g5kxm
fiy5ofm,plkiy
fiy5ofm,c1fjl
fiy5ofm,j86b3hmq5
fiy5ofm,90mbp
fiy5ofm,gu56h6k0
fiy5ofm,4xl52
fiy5ofm,va8bpnxe
fiy5ofm,1onsuhbe
fiy5ofm,5b252rrm
fiy5ofm,48x6uto5
fiy5ofm,co0cu
fiy5ofm,3nlee
fiy5ofm,49uu1
fiy5ofm,2wj9bpoq
fiy5ofm,ubponmg0
fiy5ofm,bpf31bvk
fiy5ofm,7e1sp
fiy5ofm,6l4yp
fiy5ofm,e28qewka
fiy5ofm,pnfcc2wv
d9phryo,e3o3h
d9phryo,57c3k
d9phryo,ffs058vh
d9phryo,1z75zjx9
d9phryo,5khxp
d9phryo,f988k74
d9phryo,ina1i
d9phryo,6muzj6eq
d9phryo,2w558ux1
d9phryo,bi9eo
d9phryo,10vmjl
d9phryo,v8gv0nfb
d9phryo,7ue66
d9phryo,ecv81sqj
d9phryo,hvmg1kh
d9phryo,5uy42
d9phryo,4mg8f
d9phryo,u48ca
d9phryo,tcpt6
d9phryo,5xnc6
d9phryo,4f6a1
d9phryo,ejtu0
d9phryo,czf8046v
d9phryo,5o7na
d9phryo,5whxe
d9phryo,dibblyuz
d9phryo,46b2auah
d9phryo,cx5lcju3
d9phryo,h6iz7
d9phryo,onoalwjj
fixgge6,wdavr
fixgge6,568bw0p4
fixgge6,enytmq6m
fixgge6,8n1qy
fixgge6,6zjah
fixgge6,ykggc
fixgge6,16eie5
fixgge6,137lbs
fixgge6,iu1x6
fixgge6,hgjea
fixgge6,g6xrfer7v
fixgge6,6t9zv
fixgge6,4xdw1
fixgge6,39m8efrn
fixgge6,162fnl
fixgge6,1hfhp15q
fixgge6,73llfqd65
fixgge6,a6r9b
fixgge6,bcaklqi
fixgge6,3ebd4wtx
fixgge6,6ku3teq6
fixgge6,3wcv9
fixgge6,4wklc
fixgge6,6uulm
fixgge6,gv6j97ayo
fixgge6,gdm94
fixgge6,o9s00
fixgge6,vehxch11
fixgge6,251ykaee
fixgge6,525oeozc
fixmgcv,3qua8
fixmgcv,l6xcd
fixmgcv,ramjx
fixmgcv,1644pn
fixmgcv,154662
fixmgcv,90tcidsnf
fixmgcv,9e2mv
fixmgcv,l8miwlmh
fixmgcv,y0ope
fixmgcv,4p89y
fixmgcv,tyr57oxl
fixmgcv,j0dhh
fixmgcv,n6jht3os
fixmgcv,nardz2q
fixmgcv,8mlll6gk
fixmgcv,tif8x1
fixmgcv,4wg9i
fixmgcv,5921x
fixmgcv,s8hmnyiu
fixmgcv,ehd7z
fixmgcv,e0feltnu
fixmgcv,pq1pi
fixmgcv,8nbu5v9x
fixmgcv,bte6v
fixmgcv,61pzvb4s
fixmgcv,b0riogbvu
fixmgcv,shyhd4ni
fixmgcv,bjqjck8v
fixmgcv,3nocjhgq
fixmgcv,83dq7h0l
d9pjtwy,65t65
d9pjtwy,5f68x
d9pjtwy,1o6i6jc4
d9pjtwy,5weemae0
d9pjtwy,59v5n
d9pjtwy,1z1g6u9i
d9pjtwy,bmrhy
d9pjtwy,sa8p3vo1
d9pjtwy,dq9l3
d9pjtwy,gjhba
d9pjtwy,hcxc7
d9pjtwy,zut6f
d9pjtwy,besg1z2n
d9pjtwy,mgaqgta4
d9pjtwy,gj3gvve3k
d9pjtwy,84c2fg7l
d9pjtwy,dfseva3c
d9pjtwy,4g94z
d9pjtwy,rtjzt
d9pjtwy,o7hpr
d9pjtwy,3aqkl
d9pjtwy,nuv1b4zq
d9pjtwy,10266p
d9pjtwy,6a89x9y9
d9pjtwy,59d7s
d9pjtwy,wd94579
d9pjtwy,t0i7cx13
d9pjtwy,ay6q6
d9pjtwy,lznqj8bp
d9pjtwy,448pkn8v
d9pifjd,6ir91
d9pifjd,jtgejoi
d9pifjd,3r3p8
d9pifjd,yx9m49s
d9pifjd,3wl52
d9pifjd,wtj2h
d9pifjd,qcits
d9pifjd,5c3sv
d9pifjd,ir2mx
d9pifjd,d0586
d9pifjd,k0uz04r
d9pifjd,hhn2f
d9pifjd,62gf0
d9pifjd,afttc4vg
d9pifjd,5alvp
d9pifjd,4d5au
d9pifjd,dz6gijxc
d9pifjd,c73mtzu7
d9pifjd,2yl0n98d
d9pifjd,aafoy
d9pifjd,5r87bouy
d9pifjd,or4uc
d9pifjd,hm84l
d9pifjd,dkp7ooi
d9pifjd,k6i1f5xe
d9pifjd,xk6i2g2
d9pifjd,ct2i36gj5
d9pifjd,4ynch
d9pifjd,2y23c71x
d9pifjd,3im21f39
k4q9qjp,m70hr
k4q9qjp,1794ky
k4q9qjp,6vixg81
k4q9qjp,kmiki
k4q9qjp,25z9r
k4q9qjp,3259i
k4q9qjp,6ffqm
k4q9qjp,217s1vz2
k4q9qjp,ck0ay
k4q9qjp,dbf7m
k4q9qjp,okgud0ym
k4q9qjp,b5hxi9lpn
k4q9qjp,5tc8d9ye
k4q9qjp,80cl20bt
k4q9qjp,6pym5mye
k4q9qjp,h2xz1
k4q9qjp,dtpx7f31s
k4q9qjp,5jc69
k4q9qjp,6ifj431a
k4q9qjp,cbfwy
k4q9qjp,6kollr9h
k4q9qjp,5tj3vf4r
k4q9qjp,brb5f
k4q9qjp,j7rp6zxo
k4q9qjp,ipa50l07k
k4q9qjp,o5z17cld
k4q9qjp,65f0kx6b
k4q9qjp,3jydocqh
k4q9qjp,enes8sux
k4q9qjp,iocob
k4q6xs2,jh73i
k4q6xs2,t1sqc
k4q6xs2,a1r4r
k4q6xs2,eif664rwr
k4q6xs2,5ifbt
k4q6xs2,3w37w708
k4q6xs2,o0xcf
k4q6xs2,djgdy
k4q6xs2,op41w
k4q6xs2,5igvl
k4q6xs2,68zupw4t
k4q6xs2,gf3w1aj3i
k4q6xs2,fz12pxb9d
k4q6xs2,bkvxj
k4q6xs2,4egq622t
k4q6xs2,aylv7
k4q6xs2,rswiw
k4q6xs2,4t6bctfx
k4q6xs2,y8cea
k4q6xs2,vj9ms8jx
k4q6xs2,84o6e
k4q6xs2,2t5jivn7
k4q6xs2,h50ax
k4q6xs2,6d841
k4q6xs2,gmwmhlglm
k4q6xs2,yzmh1
k4q6xs2,4wt3cw1e
k4q6xs2,8plctvyu
k4q6xs2,31hkxd0l
k4q6xs2,qdq59
gbgtgbf,6nyeg
gbgtgbf,4jkty885
gbgtgbf,ei56och
gbgtgbf,c7v7
gbgtgbf,i4512
gbgtgbf,4isgc5qf
gbgtgbf,e3yc3
gbgtgbf,1dz9msh4
gbgtgbf,c3u1l
gbgtgbf,5wmcp
gbgtgbf,am5or
gbgtgbf,38eke
gbgtgbf,kpdqrcx9
gbgtgbf,fxkdg
gbgtgbf,4egtl
gbgtgbf,159ozw
gbgtgbf,jb4coswml
gbgtgbf,2tw8vc2r
gbgtgbf,6zeiwkkdn
gbgtgbf,7443nic2
gbgtgbf,otbj3z00
gbgtgbf,2qjji
gbgtgbf,4m8lt5eq
gbgtgbf,142h2g
gbgtgbf,b0f1v
gbgtgbf,ki2esypu
gbgtgbf,gfjemuujl
gbgtgbf,dx2ls49cd
gbgtgbf,62q20b7
gbgtgbf,91g30
gbh8fx0,hg47g
gbh8fx0,fhzmkq0a
gbh8fx0,6u1nqr5t9
gbh8fx0,4y5makkm
gbh8fx0,77aaf
gbh8fx0,tglot
gbh8fx0,qr5tdi0
gbh8fx0,iswzyik2
gbh8fx0,3lpz3
gbh8fx0,curiz
gbh8fx0,bdarj
gbh8fx0,qsnwh
gbh8fx0,bmt5iqe5
gbh8fx0,arsf9goby
gbh8fx0,7gtgo8ok
gbh8fx0,qrkq81cm
gbh8fx0,d5pw467nx
gbh8fx0,dyqpals97
gbh8fx0,dl4bx24w
gbh8fx0,lr8w9
gbh8fx0,pvzyi8ln
gbh8fx0,8iq5e
gbh8fx0,5q2l4
gbh8fx0,ib1z1
gbh8fx0,a6k14cife
gbh8fx0,9mfteh
gbh8fx0,3wn65u2g
gbh8fx0,395by
gbh8fx0,8c7wb
gbh8fx0,4868jkwg
k4gc2h2,jlkl1
k4gc2h2,8gl2r7o
k4gc2h2,pwmr0da1
k4gc2h2,muat6
k4gc2h2,cu8i4fzj
k4gc2h2,4y3n2
k4gc2h2,bwcua
k4gc2h2,z6u81
k4gc2h2,17990e
k4gc2h2,bo40h
k4gc2h2,7nzn3ebe2
k4gc2h2,ueznq
k4gc2h2,hw5o7hy6
k4gc2h2,qj5l720
k4gc2h2,2171240q
k4gc2h2,k0wt9
k4gc2h2,37kryzyk
k4gc2h2,8g3h04k1
k4gc2h2,7snc43ua
k4gc2h2,16y7ts
k4gc2h2,gkz76tvy
k4gc2h2,3l7ml4eg
k4gc2h2,5uj3rgf6
k4gc2h2,lxi3ff
k4gc2h2,5julbsog
k4gc2h2,2y1qfj1p
k4gc2h2,3ajdbi37
k4gc2h2,eokjdtod
k4gc2h2,12af2t
k4gc2h2,b0dp74w
gbgrfjn,10ehc2
gbgrfjn,5k8a6
gbgrfjn,qx25k1l
gbgrfjn,7n00n
gbgrfjn,3mq97
gbgrfjn,5hnax
gbgrfjn,4gkd8
gbgrfjn,118sxu
gbgrfjn,11t1fn
gbgrfjn,wjgvw
gbgrfjn,8uxz42dd6
gbgrfjn,14dmqd
gbgrfjn,3pkle
gbgrfjn,bpxxccha
gbgrfjn,6gwuq7ee
gbgrfjn,9cib9sj7
gbgrfjn,nzg8le6o
gbgrfjn,50tysg9q
gbgrfjn,1sb2j4oi
gbgrfjn,4vjrl4s8
gbgrfjn,n90xv
gbgrfjn,f7htnwjn
gbgrfjn,axishnwaz
gbgrfjn,3vqdp
gbgrfjn,614qc
gbgrfjn,16bxb2h9
gbgrfjn,t819bbm
gbgrfjn,5675uihc
gbgrfjn,rip7m
gbgrfjn,13qwcn
