user_id,message_status,last_update_timestamp,last_update_step,phase,comment_id,comment_text,dm_text,author_screen_name
4rnxzwr3q,messaged_successfully,2023-10-17T01:25:06.128829,message_users,author,k4r1no2,"Because they don‚Äôt realize Jews are human beings, the nazis didn‚Äôt either. They don‚Äôt realize this is more than a land dispute, Muslims are trained/indoctrinated to kill Jews through their religious ideologies, they are told to kill the Jews because they believe in ‚Äúuziar, the son of allah,‚Äù , which no Jew has ever stated. Ever.","
Hi Audi_Rs522,

My research group at Yale University is interested in how people express themselves on social media.

Would you like to answer a few questions to help us with our research? Your response will remain anonymous. 

You posted the following message on Saturday, October 14, 2023, at 03:53:26 AM in the r/Conservative subreddit:

Because they don‚Äôt realize Jews are human beings, the nazis didn‚Äôt either. They don‚Äôt realize this is more than a land dispute, Muslims are trained/indoctrinated to kill Jews through their religious ideologies, they are told to kill the Jews because they believe in ‚Äúuziar, the son of allah,‚Äù , which no Jew has ever stated. Ever.

(link https://www.reddit.com/r/Conservative/comments/1771fyp/they_want_us_dead_how_are_you_allowing_this/k4r1no2/)

Please take a moment to think about what was happening at the time you posted.
Think about who you were interacting with online and what you were reading about on Reddit.
Please answer the following regarding how you felt at the moment you posted:

1. How outraged did you feel on a 1-7 scale? (1 = not at all, 4 = somewhat, 7 = very)
2. How happy did you feel on a 1-7 scale? (1 = not at all, 4 = somewhat, 7 = very)
3. How outraged do you think your message will appear to others? (1 = not at all, 4 = somewhat, 7 = very)
4. RIGHT NOW how outraged are you about the topic you posted about? (1 = not at all, 4 = somewhat, 7 = very)

You can simply respond with one answer per line such as:
5
1
3
4

Thank you for helping us learn more about how people engage with others on social media!
",Audi_Rs522
dpi4tjoh,messaged_successfully,2023-10-17T01:25:06.128829,message_users,author,k4qf7zt,All agreed there.,"
Hi NamedUserOfReddit,

My research group at Yale University is interested in how people express themselves on social media.

Would you like to answer a few questions to help us with our research? Your response will remain anonymous. 

You posted the following message on Saturday, October 14, 2023, at 01:33:32 AM in the r/Conservative subreddit:

All agreed there.

(link https://www.reddit.com/r/Conservative/comments/1771fyp/they_want_us_dead_how_are_you_allowing_this/k4qf7zt/)

Please take a moment to think about what was happening at the time you posted.
Think about who you were interacting with online and what you were reading about on Reddit.
Please answer the following regarding how you felt at the moment you posted:

1. How outraged did you feel on a 1-7 scale? (1 = not at all, 4 = somewhat, 7 = very)
2. How happy did you feel on a 1-7 scale? (1 = not at all, 4 = somewhat, 7 = very)
3. How outraged do you think your message will appear to others? (1 = not at all, 4 = somewhat, 7 = very)
4. RIGHT NOW how outraged are you about the topic you posted about? (1 = not at all, 4 = somewhat, 7 = very)

You can simply respond with one answer per line such as:
5
1
3
4

Thank you for helping us learn more about how people engage with others on social media!
",NamedUserOfReddit
ddht8qdu,messaged_successfully,2023-10-17T01:25:06.128829,message_users,author,k4r1pzm,How has the radical left managed to infiltrate higher education this much? I am trying to understand the motives for these morally deprived ideologies but I just can‚Äôt put it together. There has to be a reason behind this. And this is coming from someone who would identify as an ‚Äúold school democrat‚Äù,"
Hi Thoughts02456,

My research group at Yale University is interested in how people express themselves on social media.

Would you like to answer a few questions to help us with our research? Your response will remain anonymous. 

You posted the following message on Saturday, October 14, 2023, at 03:53:50 AM in the r/Conservative subreddit:

How has the radical left managed to infiltrate higher education this much? I am trying to understand the motives for these morally deprived ideologies but I just can‚Äôt put it together. There has to be a reason behind this. And this is coming from someone who would identify as an ‚Äúold school democrat‚Äù

(link https://www.reddit.com/r/Conservative/comments/1771fyp/they_want_us_dead_how_are_you_allowing_this/k4r1pzm/)

Please take a moment to think about what was happening at the time you posted.
Think about who you were interacting with online and what you were reading about on Reddit.
Please answer the following regarding how you felt at the moment you posted:

1. How outraged did you feel on a 1-7 scale? (1 = not at all, 4 = somewhat, 7 = very)
2. How happy did you feel on a 1-7 scale? (1 = not at all, 4 = somewhat, 7 = very)
3. How outraged do you think your message will appear to others? (1 = not at all, 4 = somewhat, 7 = very)
4. RIGHT NOW how outraged are you about the topic you posted about? (1 = not at all, 4 = somewhat, 7 = very)

You can simply respond with one answer per line such as:
5
1
3
4

Thank you for helping us learn more about how people engage with others on social media!
",Thoughts02456
l47mjj601,messaged_successfully,2023-10-17T01:25:06.128829,message_users,author,k4r2ezs,"""We dont want to be islamophobic"" - the faculty

/s","
Hi Warden-of-the-Grey,

My research group at Yale University is interested in how people express themselves on social media.

Would you like to answer a few questions to help us with our research? Your response will remain anonymous. 

You posted the following message on Saturday, October 14, 2023, at 03:58:11 AM in the r/Conservative subreddit:

""We dont want to be islamophobic"" - the faculty

/s

(link https://www.reddit.com/r/Conservative/comments/1771fyp/they_want_us_dead_how_are_you_allowing_this/k4r2ezs/)

Please take a moment to think about what was happening at the time you posted.
Think about who you were interacting with online and what you were reading about on Reddit.
Please answer the following regarding how you felt at the moment you posted:

1. How outraged did you feel on a 1-7 scale? (1 = not at all, 4 = somewhat, 7 = very)
2. How happy did you feel on a 1-7 scale? (1 = not at all, 4 = somewhat, 7 = very)
3. How outraged do you think your message will appear to others? (1 = not at all, 4 = somewhat, 7 = very)
4. RIGHT NOW how outraged are you about the topic you posted about? (1 = not at all, 4 = somewhat, 7 = very)

You can simply respond with one answer per line such as:
5
1
3
4

Thank you for helping us learn more about how people engage with others on social media!
",Warden-of-the-Grey
wosfl,messaged_successfully,2023-10-17T01:25:06.128829,message_users,author,k4r8oh4,"Which leads to the next obvious question how is being against the genocide of Jews ""Islamophobic""?  That's assumes that all Muslims are in favor of a Jewish genocide, which to me sounds like the Islamophobic stance.","
Hi DaenerysMomODragons,

My research group at Yale University is interested in how people express themselves on social media.

Would you like to answer a few questions to help us with our research? Your response will remain anonymous. 

You posted the following message on Saturday, October 14, 2023, at 04:37:34 AM in the r/Conservative subreddit:

Which leads to the next obvious question how is being against the genocide of Jews ""Islamophobic""?  That's assumes that all Muslims are in favor of a Jewish genocide, which to me sounds like the Islamophobic stance.

(link https://www.reddit.com/r/Conservative/comments/1771fyp/they_want_us_dead_how_are_you_allowing_this/k4r8oh4/)

Please take a moment to think about what was happening at the time you posted.
Think about who you were interacting with online and what you were reading about on Reddit.
Please answer the following regarding how you felt at the moment you posted:

1. How outraged did you feel on a 1-7 scale? (1 = not at all, 4 = somewhat, 7 = very)
2. How happy did you feel on a 1-7 scale? (1 = not at all, 4 = somewhat, 7 = very)
3. How outraged do you think your message will appear to others? (1 = not at all, 4 = somewhat, 7 = very)
4. RIGHT NOW how outraged are you about the topic you posted about? (1 = not at all, 4 = somewhat, 7 = very)

You can simply respond with one answer per line such as:
5
1
3
4

Thank you for helping us learn more about how people engage with others on social media!
",DaenerysMomODragons
8ckegqyaz,messaged_successfully,2023-10-17T01:25:06.128829,message_users,author,k4rohgv,But it's okay to be antisemetic?,"
Hi HappyOfCourse,

My research group at Yale University is interested in how people express themselves on social media.

Would you like to answer a few questions to help us with our research? Your response will remain anonymous. 

You posted the following message on Saturday, October 14, 2023, at 06:22:29 AM in the r/Conservative subreddit:

But it's okay to be antisemetic?

(link https://www.reddit.com/r/Conservative/comments/1771fyp/they_want_us_dead_how_are_you_allowing_this/k4rohgv/)

Please take a moment to think about what was happening at the time you posted.
Think about who you were interacting with online and what you were reading about on Reddit.
Please answer the following regarding how you felt at the moment you posted:

1. How outraged did you feel on a 1-7 scale? (1 = not at all, 4 = somewhat, 7 = very)
2. How happy did you feel on a 1-7 scale? (1 = not at all, 4 = somewhat, 7 = very)
3. How outraged do you think your message will appear to others? (1 = not at all, 4 = somewhat, 7 = very)
4. RIGHT NOW how outraged are you about the topic you posted about? (1 = not at all, 4 = somewhat, 7 = very)

You can simply respond with one answer per line such as:
5
1
3
4

Thank you for helping us learn more about how people engage with others on social media!
",HappyOfCourse
gapenhcff,messaged_successfully,2023-10-17T01:25:06.128829,message_users,author,k4rpwaq,"These are the people who constantly call others nazis, while they support the killing of jews and arming of actual nazis in Ukraine.","
Hi No_Leadership7872,

My research group at Yale University is interested in how people express themselves on social media.

Would you like to answer a few questions to help us with our research? Your response will remain anonymous. 

You posted the following message on Saturday, October 14, 2023, at 06:32:23 AM in the r/Conservative subreddit:

These are the people who constantly call others nazis, while they support the killing of jews and arming of actual nazis in Ukraine.

(link https://www.reddit.com/r/Conservative/comments/1771fyp/they_want_us_dead_how_are_you_allowing_this/k4rpwaq/)

Please take a moment to think about what was happening at the time you posted.
Think about who you were interacting with online and what you were reading about on Reddit.
Please answer the following regarding how you felt at the moment you posted:

1. How outraged did you feel on a 1-7 scale? (1 = not at all, 4 = somewhat, 7 = very)
2. How happy did you feel on a 1-7 scale? (1 = not at all, 4 = somewhat, 7 = very)
3. How outraged do you think your message will appear to others? (1 = not at all, 4 = somewhat, 7 = very)
4. RIGHT NOW how outraged are you about the topic you posted about? (1 = not at all, 4 = somewhat, 7 = very)

You can simply respond with one answer per line such as:
5
1
3
4

Thank you for helping us learn more about how people engage with others on social media!
",No_Leadership7872
nuzp9,messaged_successfully,2023-10-17T01:25:06.128829,message_users,author,k4rqkjs,And yet you keep voting blue Jewish brothers.,"
Hi aronnov,

My research group at Yale University is interested in how people express themselves on social media.

Would you like to answer a few questions to help us with our research? Your response will remain anonymous. 

You posted the following message on Saturday, October 14, 2023, at 06:37:10 AM in the r/Conservative subreddit:

And yet you keep voting blue Jewish brothers.

(link https://www.reddit.com/r/Conservative/comments/1771fyp/they_want_us_dead_how_are_you_allowing_this/k4rqkjs/)

Please take a moment to think about what was happening at the time you posted.
Think about who you were interacting with online and what you were reading about on Reddit.
Please answer the following regarding how you felt at the moment you posted:

1. How outraged did you feel on a 1-7 scale? (1 = not at all, 4 = somewhat, 7 = very)
2. How happy did you feel on a 1-7 scale? (1 = not at all, 4 = somewhat, 7 = very)
3. How outraged do you think your message will appear to others? (1 = not at all, 4 = somewhat, 7 = very)
4. RIGHT NOW how outraged are you about the topic you posted about? (1 = not at all, 4 = somewhat, 7 = very)

You can simply respond with one answer per line such as:
5
1
3
4

Thank you for helping us learn more about how people engage with others on social media!
",aronnov
62mqa,messaged_successfully,2023-10-17T01:25:06.128829,message_users,author,k4nbenk,The fact that they elevated an admirer of David Duke in the first place says everything anyone needs to understand about the Republican party.,"
Hi lunachuvak,

My research group at Yale University is interested in how people express themselves on social media.

Would you like to answer a few questions to help us with our research? Your response will remain anonymous. 

You posted the following message on Friday, October 13, 2023, at 09:38:12 AM in the r/politics subreddit:

The fact that they elevated an admirer of David Duke in the first place says everything anyone needs to understand about the Republican party.

(link https://www.reddit.com/r/politics/comments/176lukt/megathread_steve_scalise_withdraws_from_race_for/k4nbenk/)

Please take a moment to think about what was happening at the time you posted.
Think about who you were interacting with online and what you were reading about on Reddit.
Please answer the following regarding how you felt at the moment you posted:

1. How outraged did you feel on a 1-7 scale? (1 = not at all, 4 = somewhat, 7 = very)
2. How happy did you feel on a 1-7 scale? (1 = not at all, 4 = somewhat, 7 = very)
3. How outraged do you think your message will appear to others? (1 = not at all, 4 = somewhat, 7 = very)
4. RIGHT NOW how outraged are you about the topic you posted about? (1 = not at all, 4 = somewhat, 7 = very)

You can simply respond with one answer per line such as:
5
1
3
4

Thank you for helping us learn more about how people engage with others on social media!
",lunachuvak
i82o0,messaged_successfully,2023-10-17T01:25:06.128829,message_users,author,k4re2r0,Israel and Palestine have nothing to do with conservative/liberal or democrat/republican. If you believe this is the case you have been manipulated by your party.,"
Hi Fishlickin,

My research group at Yale University is interested in how people express themselves on social media.

Would you like to answer a few questions to help us with our research? Your response will remain anonymous. 

You posted the following message on Saturday, October 14, 2023, at 05:12:31 AM in the r/Conservative subreddit:

Israel and Palestine have nothing to do with conservative/liberal or democrat/republican. If you believe this is the case you have been manipulated by your party.

(link https://www.reddit.com/r/Conservative/comments/1771fyp/they_want_us_dead_how_are_you_allowing_this/k4re2r0/)

Please take a moment to think about what was happening at the time you posted.
Think about who you were interacting with online and what you were reading about on Reddit.
Please answer the following regarding how you felt at the moment you posted:

1. How outraged did you feel on a 1-7 scale? (1 = not at all, 4 = somewhat, 7 = very)
2. How happy did you feel on a 1-7 scale? (1 = not at all, 4 = somewhat, 7 = very)
3. How outraged do you think your message will appear to others? (1 = not at all, 4 = somewhat, 7 = very)
4. RIGHT NOW how outraged are you about the topic you posted about? (1 = not at all, 4 = somewhat, 7 = very)

You can simply respond with one answer per line such as:
5
1
3
4

Thank you for helping us learn more about how people engage with others on social media!
",Fishlickin
bxxqzpf4,messaged_successfully,2023-10-17T01:25:06.128829,message_users,author,k4ruwpl,"Unless they are openly making threats or breaking some kind of law, it's freedom of speech. I can't condemn these monsters from having a demonstrations after bitching for years about colleges silencing the right.","
Hi Hectoriu,

My research group at Yale University is interested in how people express themselves on social media.

Would you like to answer a few questions to help us with our research? Your response will remain anonymous. 

You posted the following message on Saturday, October 14, 2023, at 07:07:39 AM in the r/Conservative subreddit:

Unless they are openly making threats or breaking some kind of law, it's freedom of speech. I can't condemn these monsters from having a demonstrations after bitching for years about colleges silencing the right.

(link https://www.reddit.com/r/Conservative/comments/1771fyp/they_want_us_dead_how_are_you_allowing_this/k4ruwpl/)

Please take a moment to think about what was happening at the time you posted.
Think about who you were interacting with online and what you were reading about on Reddit.
Please answer the following regarding how you felt at the moment you posted:

1. How outraged did you feel on a 1-7 scale? (1 = not at all, 4 = somewhat, 7 = very)
2. How happy did you feel on a 1-7 scale? (1 = not at all, 4 = somewhat, 7 = very)
3. How outraged do you think your message will appear to others? (1 = not at all, 4 = somewhat, 7 = very)
4. RIGHT NOW how outraged are you about the topic you posted about? (1 = not at all, 4 = somewhat, 7 = very)

You can simply respond with one answer per line such as:
5
1
3
4

Thank you for helping us learn more about how people engage with others on social media!
",Hectoriu
4i1cyauz,messaged_successfully,2023-10-17T01:25:06.128829,message_users,author,k4rxvjc,Nope. Meant to incite violence.,"
Hi sholton67,

My research group at Yale University is interested in how people express themselves on social media.

Would you like to answer a few questions to help us with our research? Your response will remain anonymous. 

You posted the following message on Saturday, October 14, 2023, at 07:29:24 AM in the r/Conservative subreddit:

Nope. Meant to incite violence.

(link https://www.reddit.com/r/Conservative/comments/1771fyp/they_want_us_dead_how_are_you_allowing_this/k4rxvjc/)

Please take a moment to think about what was happening at the time you posted.
Think about who you were interacting with online and what you were reading about on Reddit.
Please answer the following regarding how you felt at the moment you posted:

1. How outraged did you feel on a 1-7 scale? (1 = not at all, 4 = somewhat, 7 = very)
2. How happy did you feel on a 1-7 scale? (1 = not at all, 4 = somewhat, 7 = very)
3. How outraged do you think your message will appear to others? (1 = not at all, 4 = somewhat, 7 = very)
4. RIGHT NOW how outraged are you about the topic you posted about? (1 = not at all, 4 = somewhat, 7 = very)

You can simply respond with one answer per line such as:
5
1
3
4

Thank you for helping us learn more about how people engage with others on social media!
",sholton67
f5fg0t0kt,messaged_successfully,2023-10-17T01:25:06.128829,message_users,author,k4rwcqy,Plus China & Saudi Arabia hold a place on the UN Security Council. That tells you how much of a joke the UN is.,"
Hi AFCWhykickamoocow,

My research group at Yale University is interested in how people express themselves on social media.

Would you like to answer a few questions to help us with our research? Your response will remain anonymous. 

You posted the following message on Saturday, October 14, 2023, at 07:18:13 AM in the r/Conservative subreddit:

Plus China & Saudi Arabia hold a place on the UN Security Council. That tells you how much of a joke the UN is.

(link https://www.reddit.com/r/Conservative/comments/177736n/the_level_of_propaganda_is_insane/k4rwcqy/)

Please take a moment to think about what was happening at the time you posted.
Think about who you were interacting with online and what you were reading about on Reddit.
Please answer the following regarding how you felt at the moment you posted:

1. How outraged did you feel on a 1-7 scale? (1 = not at all, 4 = somewhat, 7 = very)
2. How happy did you feel on a 1-7 scale? (1 = not at all, 4 = somewhat, 7 = very)
3. How outraged do you think your message will appear to others? (1 = not at all, 4 = somewhat, 7 = very)
4. RIGHT NOW how outraged are you about the topic you posted about? (1 = not at all, 4 = somewhat, 7 = very)

You can simply respond with one answer per line such as:
5
1
3
4

Thank you for helping us learn more about how people engage with others on social media!
",AFCWhykickamoocow
rha8u,messaged_successfully,2023-10-17T01:25:06.128829,message_users,author,k2y2d0d,Cool list bro,"
Hi pina_koala,

My research group at Yale University is interested in how people express themselves on social media.

Would you like to answer a few questions to help us with our research? Your response will remain anonymous. 

You posted the following message on Sunday, October 01, 2023, at 09:56:21 AM in the r/Liberal subreddit:

Cool list bro

(link https://www.reddit.com/r/Liberal/comments/16wjgg6/what_are_some_right_leaning_beliefs_you_have/k2y2d0d/)

Please take a moment to think about what was happening at the time you posted.
Think about who you were interacting with online and what you were reading about on Reddit.
Please answer the following regarding how you felt at the moment you posted:

1. How outraged did you feel on a 1-7 scale? (1 = not at all, 4 = somewhat, 7 = very)
2. How happy did you feel on a 1-7 scale? (1 = not at all, 4 = somewhat, 7 = very)
3. How outraged do you think your message will appear to others? (1 = not at all, 4 = somewhat, 7 = very)
4. RIGHT NOW how outraged are you about the topic you posted about? (1 = not at all, 4 = somewhat, 7 = very)

You can simply respond with one answer per line such as:
5
1
3
4

Thank you for helping us learn more about how people engage with others on social media!
",pina_koala
s04o01du,messaged_successfully,2023-10-17T01:25:06.128829,message_users,author,k4rd3i1,"It really doesn‚Äôt make sense. I am Jewish and was raised with competing ideas‚Äî we have to say ‚ÄúNever Again‚Äù and remember the Holocaust because history repeats itself and we can never be too safe.  It could happen here too. 

But this country is supposed to be the exception.  The greatest country in the world where we are a melting pot where Jews are welcome.  This is the country that sacrificed tens of thousands of soldiers in WWII to liberated the Jews of Eastern Europe.  It could never happen here. 

I‚Äôm afraid the optimistic second take has been shattered.  The left‚Äôs silence is not only deafening, it is compounding the pain of the Jewish community.  We are not welcome after all.  We are blamed for our own slaughter; again. 

Corporate America said they should use their platforms for social justice and offered empty platitudes for BLM and virtue signaling to support the LGBTQ folks.  But being against beheading babies is now too politically divisive to get in involved.

It‚Äôs all just so very sad and scary, and descended into this madness so very quickly.  

Take a minute to reach out to your Jewish friends.  It feels very lonely right now.","
Hi mgoblue5783,

My research group at Yale University is interested in how people express themselves on social media.

Would you like to answer a few questions to help us with our research? Your response will remain anonymous. 

You posted the following message on Saturday, October 14, 2023, at 05:06:05 AM in the r/Conservative subreddit:

It really doesn‚Äôt make sense. I am Jewish and was raised with competing ideas‚Äî we have to say ‚ÄúNever Again‚Äù and remember the Holocaust because history repeats itself and we can never be too safe.  It could happen here too. 

But this country is supposed to be the exception.  The greatest country in the world where we are a melting pot where Jews are welcome.  This is the country that sacrificed tens of thousands of soldiers in WWII to liberated the Jews of Eastern Europe.  It could never happen here. 

I‚Äôm afraid the optimistic second take has been shattered.  The left‚Äôs silence is not only deafening, it is compounding the pain of the Jewish community.  We are not welcome after all.  We are blamed for our own slaughter; again. 

Corporate America said they should use their platforms for social justice and offered empty platitudes for BLM and virtue signaling to support the LGBTQ folks.  But being against beheading babies is now too politically divisive to get in involved.

It‚Äôs all just so very sad and scary, and descended into this madness so very quickly.  

Take a minute to reach out to your Jewish friends.  It feels very lonely right now.

(link https://www.reddit.com/r/Conservative/comments/1771fyp/they_want_us_dead_how_are_you_allowing_this/k4rd3i1/)

Please take a moment to think about what was happening at the time you posted.
Think about who you were interacting with online and what you were reading about on Reddit.
Please answer the following regarding how you felt at the moment you posted:

1. How outraged did you feel on a 1-7 scale? (1 = not at all, 4 = somewhat, 7 = very)
2. How happy did you feel on a 1-7 scale? (1 = not at all, 4 = somewhat, 7 = very)
3. How outraged do you think your message will appear to others? (1 = not at all, 4 = somewhat, 7 = very)
4. RIGHT NOW how outraged are you about the topic you posted about? (1 = not at all, 4 = somewhat, 7 = very)

You can simply respond with one answer per line such as:
5
1
3
4

Thank you for helping us learn more about how people engage with others on social media!
",mgoblue5783
a3m8edn7,messaged_successfully,2023-10-17T01:25:06.128829,message_users,author,k4qqd9e,"I will never understand the logic of liberalism. In the end, they will eat each other because their agruments are not based on logic. This is what you get with liberalism. ü§°","
Hi momof4patriot,

My research group at Yale University is interested in how people express themselves on social media.

Would you like to answer a few questions to help us with our research? Your response will remain anonymous. 

You posted the following message on Saturday, October 14, 2023, at 02:42:43 AM in the r/Conservative subreddit:

I will never understand the logic of liberalism. In the end, they will eat each other because their agruments are not based on logic. This is what you get with liberalism. ü§°

(link https://www.reddit.com/r/Conservative/comments/1771fyp/they_want_us_dead_how_are_you_allowing_this/k4qqd9e/)

Please take a moment to think about what was happening at the time you posted.
Think about who you were interacting with online and what you were reading about on Reddit.
Please answer the following regarding how you felt at the moment you posted:

1. How outraged did you feel on a 1-7 scale? (1 = not at all, 4 = somewhat, 7 = very)
2. How happy did you feel on a 1-7 scale? (1 = not at all, 4 = somewhat, 7 = very)
3. How outraged do you think your message will appear to others? (1 = not at all, 4 = somewhat, 7 = very)
4. RIGHT NOW how outraged are you about the topic you posted about? (1 = not at all, 4 = somewhat, 7 = very)

You can simply respond with one answer per line such as:
5
1
3
4

Thank you for helping us learn more about how people engage with others on social media!
",momof4patriot
r2f6u,messaged_successfully,2023-10-17T01:25:06.128829,message_users,author,k4qwewy,Lol welcome to the white race,"
Hi abominable_bro-man,

My research group at Yale University is interested in how people express themselves on social media.

Would you like to answer a few questions to help us with our research? Your response will remain anonymous. 

You posted the following message on Saturday, October 14, 2023, at 03:20:44 AM in the r/Conservative subreddit:

Lol welcome to the white race

(link https://www.reddit.com/r/Conservative/comments/1771fyp/they_want_us_dead_how_are_you_allowing_this/k4qwewy/)

Please take a moment to think about what was happening at the time you posted.
Think about who you were interacting with online and what you were reading about on Reddit.
Please answer the following regarding how you felt at the moment you posted:

1. How outraged did you feel on a 1-7 scale? (1 = not at all, 4 = somewhat, 7 = very)
2. How happy did you feel on a 1-7 scale? (1 = not at all, 4 = somewhat, 7 = very)
3. How outraged do you think your message will appear to others? (1 = not at all, 4 = somewhat, 7 = very)
4. RIGHT NOW how outraged are you about the topic you posted about? (1 = not at all, 4 = somewhat, 7 = very)

You can simply respond with one answer per line such as:
5
1
3
4

Thank you for helping us learn more about how people engage with others on social media!
",abominable_bro-man
d1q0q393,messaged_successfully,2023-10-17T01:25:06.128829,message_users,author,k4qz5ao,Free speech is free speech. Our agreement or disagreement with said speech is irrelevant.,"
Hi BiryaniEater10,

My research group at Yale University is interested in how people express themselves on social media.

Would you like to answer a few questions to help us with our research? Your response will remain anonymous. 

You posted the following message on Saturday, October 14, 2023, at 03:37:56 AM in the r/Conservative subreddit:

Free speech is free speech. Our agreement or disagreement with said speech is irrelevant.

(link https://www.reddit.com/r/Conservative/comments/1771fyp/they_want_us_dead_how_are_you_allowing_this/k4qz5ao/)

Please take a moment to think about what was happening at the time you posted.
Think about who you were interacting with online and what you were reading about on Reddit.
Please answer the following regarding how you felt at the moment you posted:

1. How outraged did you feel on a 1-7 scale? (1 = not at all, 4 = somewhat, 7 = very)
2. How happy did you feel on a 1-7 scale? (1 = not at all, 4 = somewhat, 7 = very)
3. How outraged do you think your message will appear to others? (1 = not at all, 4 = somewhat, 7 = very)
4. RIGHT NOW how outraged are you about the topic you posted about? (1 = not at all, 4 = somewhat, 7 = very)

You can simply respond with one answer per line such as:
5
1
3
4

Thank you for helping us learn more about how people engage with others on social media!
",BiryaniEater10
mr6fumk1,messaged_successfully,2023-10-17T01:25:06.128829,message_users,author,k4qx3fp,You get what you vote for ü§∑üèΩ‚Äç‚ôÇÔ∏è,"
Hi Hezakia1984,

My research group at Yale University is interested in how people express themselves on social media.

Would you like to answer a few questions to help us with our research? Your response will remain anonymous. 

You posted the following message on Saturday, October 14, 2023, at 03:25:00 AM in the r/Conservative subreddit:

You get what you vote for ü§∑üèΩ‚Äç‚ôÇÔ∏è

(link https://www.reddit.com/r/Conservative/comments/1771fyp/they_want_us_dead_how_are_you_allowing_this/k4qx3fp/)

Please take a moment to think about what was happening at the time you posted.
Think about who you were interacting with online and what you were reading about on Reddit.
Please answer the following regarding how you felt at the moment you posted:

1. How outraged did you feel on a 1-7 scale? (1 = not at all, 4 = somewhat, 7 = very)
2. How happy did you feel on a 1-7 scale? (1 = not at all, 4 = somewhat, 7 = very)
3. How outraged do you think your message will appear to others? (1 = not at all, 4 = somewhat, 7 = very)
4. RIGHT NOW how outraged are you about the topic you posted about? (1 = not at all, 4 = somewhat, 7 = very)

You can simply respond with one answer per line such as:
5
1
3
4

Thank you for helping us learn more about how people engage with others on social media!
",Hezakia1984
3whye5qy,messaged_successfully,2023-10-17T01:25:06.128829,message_users,author,k4r5rob,Go to a liberal school - expect stupid liberal viewpoints.,"
Hi silversonic_super20,

My research group at Yale University is interested in how people express themselves on social media.

Would you like to answer a few questions to help us with our research? Your response will remain anonymous. 

You posted the following message on Saturday, October 14, 2023, at 04:19:10 AM in the r/Conservative subreddit:

Go to a liberal school - expect stupid liberal viewpoints.

(link https://www.reddit.com/r/Conservative/comments/1771fyp/they_want_us_dead_how_are_you_allowing_this/k4r5rob/)

Please take a moment to think about what was happening at the time you posted.
Think about who you were interacting with online and what you were reading about on Reddit.
Please answer the following regarding how you felt at the moment you posted:

1. How outraged did you feel on a 1-7 scale? (1 = not at all, 4 = somewhat, 7 = very)
2. How happy did you feel on a 1-7 scale? (1 = not at all, 4 = somewhat, 7 = very)
3. How outraged do you think your message will appear to others? (1 = not at all, 4 = somewhat, 7 = very)
4. RIGHT NOW how outraged are you about the topic you posted about? (1 = not at all, 4 = somewhat, 7 = very)

You can simply respond with one answer per line such as:
5
1
3
4

Thank you for helping us learn more about how people engage with others on social media!
",silversonic_super20
kx452,messaged_successfully,2023-10-17T01:25:06.128829,message_users,author,k4rjmwd,You get what you vote for. They want open borders where unchecked people can pour in?,"
Hi WorldWideDarts,

My research group at Yale University is interested in how people express themselves on social media.

Would you like to answer a few questions to help us with our research? Your response will remain anonymous. 

You posted the following message on Saturday, October 14, 2023, at 05:49:28 AM in the r/Conservative subreddit:

You get what you vote for. They want open borders where unchecked people can pour in?

(link https://www.reddit.com/r/Conservative/comments/1771fyp/they_want_us_dead_how_are_you_allowing_this/k4rjmwd/)

Please take a moment to think about what was happening at the time you posted.
Think about who you were interacting with online and what you were reading about on Reddit.
Please answer the following regarding how you felt at the moment you posted:

1. How outraged did you feel on a 1-7 scale? (1 = not at all, 4 = somewhat, 7 = very)
2. How happy did you feel on a 1-7 scale? (1 = not at all, 4 = somewhat, 7 = very)
3. How outraged do you think your message will appear to others? (1 = not at all, 4 = somewhat, 7 = very)
4. RIGHT NOW how outraged are you about the topic you posted about? (1 = not at all, 4 = somewhat, 7 = very)

You can simply respond with one answer per line such as:
5
1
3
4

Thank you for helping us learn more about how people engage with others on social media!
",WorldWideDarts
jbgsj80ml,messaged_successfully,2023-10-17T01:25:06.128829,message_users,author,k4rlavx,If you have a student that goes to this school hire a lawyer and file a lawsuit for the scho to allow it to go on. They only stop when you hurt the wallet. Bancrupt them,"
Hi Tactical_Grifter,

My research group at Yale University is interested in how people express themselves on social media.

Would you like to answer a few questions to help us with our research? Your response will remain anonymous. 

You posted the following message on Saturday, October 14, 2023, at 06:00:36 AM in the r/Conservative subreddit:

If you have a student that goes to this school hire a lawyer and file a lawsuit for the scho to allow it to go on. They only stop when you hurt the wallet. Bancrupt them

(link https://www.reddit.com/r/Conservative/comments/1771fyp/they_want_us_dead_how_are_you_allowing_this/k4rlavx/)

Please take a moment to think about what was happening at the time you posted.
Think about who you were interacting with online and what you were reading about on Reddit.
Please answer the following regarding how you felt at the moment you posted:

1. How outraged did you feel on a 1-7 scale? (1 = not at all, 4 = somewhat, 7 = very)
2. How happy did you feel on a 1-7 scale? (1 = not at all, 4 = somewhat, 7 = very)
3. How outraged do you think your message will appear to others? (1 = not at all, 4 = somewhat, 7 = very)
4. RIGHT NOW how outraged are you about the topic you posted about? (1 = not at all, 4 = somewhat, 7 = very)

You can simply respond with one answer per line such as:
5
1
3
4

Thank you for helping us learn more about how people engage with others on social media!
",Tactical_Grifter
j3q5l,messaged_successfully,2023-10-17T01:25:06.128829,message_users,author,k4qneja,I respect their right to protest whatever they please. But people offended at this need to get out there in larger numbers and launch a counter protest and show them that a larger number disagree with their flawed logic.,"
Hi jinladen040,

My research group at Yale University is interested in how people express themselves on social media.

Would you like to answer a few questions to help us with our research? Your response will remain anonymous. 

You posted the following message on Saturday, October 14, 2023, at 02:24:15 AM in the r/Conservative subreddit:

I respect their right to protest whatever they please. But people offended at this need to get out there in larger numbers and launch a counter protest and show them that a larger number disagree with their flawed logic.

(link https://www.reddit.com/r/Conservative/comments/1771fyp/they_want_us_dead_how_are_you_allowing_this/k4qneja/)

Please take a moment to think about what was happening at the time you posted.
Think about who you were interacting with online and what you were reading about on Reddit.
Please answer the following regarding how you felt at the moment you posted:

1. How outraged did you feel on a 1-7 scale? (1 = not at all, 4 = somewhat, 7 = very)
2. How happy did you feel on a 1-7 scale? (1 = not at all, 4 = somewhat, 7 = very)
3. How outraged do you think your message will appear to others? (1 = not at all, 4 = somewhat, 7 = very)
4. RIGHT NOW how outraged are you about the topic you posted about? (1 = not at all, 4 = somewhat, 7 = very)

You can simply respond with one answer per line such as:
5
1
3
4

Thank you for helping us learn more about how people engage with others on social media!
",jinladen040
j77p7nfq,message_failed_dm_forbidden,2023-10-17T01:25:06.128829,message_users,author,k4rt5hj,"I am so over these entitled little brats. Round them all up and send them to Gaza if they‚Äôre so keen to support terrorists. They‚Äôre adults, they can handle it, right?? Let‚Äôs see how tough they are when they‚Äôre face to face with the animals they claim to support.","
Hi Popeye7117,

My research group at Yale University is interested in how people express themselves on social media.

Would you like to answer a few questions to help us with our research? Your response will remain anonymous. 

You posted the following message on Saturday, October 14, 2023, at 06:54:44 AM in the r/Conservative subreddit:

I am so over these entitled little brats. Round them all up and send them to Gaza if they‚Äôre so keen to support terrorists. They‚Äôre adults, they can handle it, right?? Let‚Äôs see how tough they are when they‚Äôre face to face with the animals they claim to support.

(link https://www.reddit.com/r/Conservative/comments/1771fyp/they_want_us_dead_how_are_you_allowing_this/k4rt5hj/)

Please take a moment to think about what was happening at the time you posted.
Think about who you were interacting with online and what you were reading about on Reddit.
Please answer the following regarding how you felt at the moment you posted:

1. How outraged did you feel on a 1-7 scale? (1 = not at all, 4 = somewhat, 7 = very)
2. How happy did you feel on a 1-7 scale? (1 = not at all, 4 = somewhat, 7 = very)
3. How outraged do you think your message will appear to others? (1 = not at all, 4 = somewhat, 7 = very)
4. RIGHT NOW how outraged are you about the topic you posted about? (1 = not at all, 4 = somewhat, 7 = very)

You can simply respond with one answer per line such as:
5
1
3
4

Thank you for helping us learn more about how people engage with others on social media!
",Popeye7117
