comment_id,author_id,annotated_message_id,comment_text,created_utc_string,is_valid_message
k4hczir,f2jf06szl,20fq775,"My father liked to say politics was a pendulum.  I said yeah, until Trump smashed it through the side of the clock.

This is now Republicans complaining that the clock is broken.","Thursday, October 12, 2023, at 06:23:47 AM",true
k4rhhnb,8aeco,20fp9mk,A million Hitler Youths.  Ain't that just great.,"Saturday, October 14, 2023, at 05:35:01 AM",true
k4tagli,6l8kkcmk,20fp37e,â€¦ of a foreign state.,"Saturday, October 14, 2023, at 02:52:29 PM",true
jywi7xv,6z17gy4oe,20fhs4f,"> you think it would make a difference if she were a he

Yeah I do.

>Both modern sexism and traditional sexism exerted a statistically significant effect on vote choice in the 2016 election, with modern and traditional sexists less likely to vote for Clinton, even after controlling for other explanations of vote choice. The separate effects of both measures of sexism are evident in Models I and II, and those effects are sustained even when both variables are entered simultaneously in Model III. Indeed, rather than the effects of both measures of sexism being reducedâ€”as might have been anticipated with both measures having some shared varianceâ€”the coefficients for both variables slightly increased. In order to show the substantive effects of both variables on vote choice, the final column of Model III shows the change in the predicted probability of voting for Clinton for each statistically significant variable across its entire range while all other variables are held constant at their mean or modal values.

>The effects of sexism on vote choiceâ€”especially modern sexismâ€”was hardly trivial. A respondent with the highest modern sexist attitudes was 64 percentage points less likely to vote for Clinton than a respondent who had the lowest modern sexist attitudes, but who was comparable in every other way (0.790 compared to 0.145). Traditional sexism's effect did not rival that of modern sexism in terms of depressing the probability of voting for Clinton at the highest levels of sexism, but was nonetheless still notable. A respondent with the highest level of traditional sexism was 43 percentage points less likely to vote for Clinton than a respondent who had the lowest modern sexist attitudes, but who was comparable in every other way (0.838 compared to 0.420).

>In addition to showing the effect of sexism on vote choice in 2016, it is also important to consider their effect relative to other variables that were noted as potential explanations of vote choice. The final column in Table 1 (âˆ† Prob.) shows the change in the predicted probability of voting for Clinton for all of the statistically significant independent variables. It is notable that modern sexism had a larger effect on vote choice than ideology, and rivaled the effect of racial resentment. Indeed, after party identification and racial resentment, no other independent variable exceeded the effect of modern sexism on voting behavior in 2016. While the effect of traditional sexism on vote choice was not as great as racial resentment, modern sexism, or ideology, it did rival the effects of antiâ€immigrant sentiment and was slightly greater than that for antiâ€illegal immigrant attitudes. Moreover, traditional sexism had a substantially larger effect than either opposition to free trade or economic anxiety.

>It is plausible that the effects of sexism may vary by sex, especially the effects of modern sexism, given that it is more like a measure of resentment toward â€œuppity womenâ€ so that its effects would be more evident among men than women. Therefore, Table 2 presents the results of separate logistic regressions for men and women.

>Table 2 shows that the effects of modern sexism were more evident among men than women, with the coefficient for men over twice the size of that for women, and almost approaching the effect of party identification on vote choice. Indeed, men with lower levels of modern sexism (scores below 0.450) actually had a higher predicted probability of voting for Clinton than women with similar scores. However, as modern sexism increases for men, the predicted probability of a vote for Clinton drops much more rapidly than that for women. Across the entire range of the modern sexism scale for men there was a difference in the predicted probability of voting for Clinton of 85 percentage points (0.921 compared to 0.074). This compared to a 49 percentage point difference for women (0.752 compared to 0.262). At the very highest levels of modern sexism for men, a vote for Clinton would have been exceedingly rare, and a vote for Trump almost a certainty.

>However, the findings of this article do suggest that sexism should not be ignored as one part of the puzzle as to why Hillary Clinton lost an election she seemed on course to win. Sexismâ€”whether operationalized as modern sexism or traditional sexismâ€”was a significant predictor of vote choice above and beyond other confounding variables. Moreover, modern sexism rivaled the effect of racial resentment, with only party identification having a larger effect on vote choice. Both modern and traditional sexismâ€”along with racial resentment and attitudes toward immigrants in general and illegal immigrants in particularâ€”seem a major part of the story in explaining Clinton's defeat, rather than variables that emphasize opposition to free trade, economic anxiety, or antiâ€politician sentiment. Moreover, it helps in explaining Clinton's underperformance among white voters both with and without a college degree. These findings further suggest that the argument that Vice President Joe Biden, or even U.S. Senator Bernie Sanders, would have been candidates more likely to defeat Trump in 2016 may have less to do with their economic empathy with voters and more to do with them being men. Quite simply, modern and traditional sexism contributed toward many voters being less favorably disposed to a woman running for president than a man who had never held an elected office prior to running for president. Indeed, if the Democratic Party convinces itself that the only reason Clinton lost in places such as the Rust Belt states in 2016 was her inability to articulate an economic argument and appeal to white voters, then it seems destined to be wasting time fashioning an economic message to such voters whose vote was ultimately more influenced by the aforementioned noneconomic factors. 

>As well as offering an explanation for vote choice in the 2016 election, this article also makes a contribution to the broader literature on the role that sexism and stereotyping play when a woman runs for office, especially an executive office. Out of necessity, prior research has been limited to ascertaining support for a woman in a presidential election by utilizing hypothetical matchups, often in experimental research designs. This article, however, used a nationally representative sample in a real presidential election contest to show that a woman running for president against one of the least politically experienced candidates in the history of presidential elections still activated sexism as a shortâ€term factor in explaining vote choice. Furthermore, the article suggests that sexism may not have been as salient a predictor of vote choice if the identity of the candidates had been different. The findings lend support to the notion that women who run for the presidency will likely continue to face singular obstacles because of their sex. 

>https://onlinelibrary.wiley.com/doi/full/10.1111/ssqu.12547

Remember...

>The United States inherited its patriarchal system from England, where the public sphere was delegated to men and the private sphere to women. In English Common law, the wife was considered her husbandâ€™s chattel, â€œsomething better than her husbandâ€™s dog, a little dearer than his horse.â€

>https://chicagopolicyreview.org/2022/07/07/is-the-us-still-too-patriarchal-to-talk-about-women-the-silent-epidemic-of-femicide-in-america/","Sunday, September 03, 2023, at 11:50:27 AM",true
k4pr4js,a69me,20ffgia,"What is: Put them in prison, Alex?","Friday, October 13, 2023, at 11:05:58 PM",true
k4no5lb,16g5vb,20feyid,I guess they want the actual David Duke.,"Friday, October 13, 2023, at 11:07:11 AM",true
k4rreig,32rxp,20felam,god help us,"Saturday, October 14, 2023, at 06:43:05 AM",true
k4rj98g,1x5nvs46,20fb02k,It's strange how convinced they are of the unexplainable conservative evil that voting in people they don't agree with and know will do them harm is the better answer. Peak brainwashing.,"Saturday, October 14, 2023, at 05:46:53 AM",true
k4r2u0h,31aqmn1f,20f1h2t,words,"Saturday, October 14, 2023, at 04:00:47 AM",true
k4n1zgx,pj8rp,20f120j,Why would Joe Biden do this! /s,"Friday, October 13, 2023, at 08:34:52 AM",true
k4n45up,152bqo,20f03vz,The Republican Party is an embarrassment of historic proportions. They canâ€™t govern anything in their current form. They canâ€™t even pick a leader. Voting for them under any circumstances is madness. Literally nothing can get done with these people.,"Friday, October 13, 2023, at 08:49:19 AM",true
fiy1w4k,3k65oi1r,20ezqj9,"In general Libertarians and conservatives do not like communism because it decreases the standard quality of life. It gives people fewer options in life, name a communist country where people have more freedoms that we do in the United States as a capitalist country? You can't do it. Our country is not perfect but it is far more free than communist countries, so freedom is the key reason we don't like communism. 

There's no such thing as free education or free healthcare. Everything is paid out of taxes which is paid by the people. The concept of government-run healthcare is nice but Name a government that you trust. Do you actually trust United States government to Run Healthcare efficiently and fairly? But doesn't really do anything well now why would they run Healthcare properly? Unfortunately in between jobs I had to get on the Oregon health care plan which is basically Obamacare, while it was free I was embarrassed to be on it and was grateful to get off of it. The care was fine but the paperwork Administration was an absolute klusterfuk. Anyway, hopefully that makes sense.","Friday, February 28, 2020, at 03:14:20 AM",true
gbgr15r,j5fzg,20exj11,"I WAS HERE SINCE THREAD #1, FUCKING FINALLY.","Sunday, November 08, 2020, at 12:31:04 AM",true
k4myv7l,11px0smu,20ewaf2,They're doing this so they can again lie and say that trump had the election stolen from him.,"Friday, October 13, 2023, at 08:13:35 AM",true
k4nmdf9,4nes4,20ew8c6,"This is the guy who got shot on a playground by a crazy person, but whose life was saved by a lesbian EMT, who then went on to vote against LGBT rights.   Quality republican right there.","Friday, October 13, 2023, at 10:54:02 AM",true
ceywrgh,7lsla,20evp3w,"If only we could have that debate about sensible gun laws in public, without the inevitable diversion trolls. 

Maybe we can try anyway - what's one thing that might help? I think background checks are good, but wish there were some mechanism that could test for those most likely to shoot up malls. A Voigt-Kampff test for loose canons. ","Sunday, January 26, 2014, at 09:04:22 AM",true
k4h7y3u,2frrrbmh,20euy41,"And the impeachment inquiry has no subpoena power because itâ€™s not official; it wasnâ€™t voted on per the rules the GOP put in place.

So itâ€™s literally just a mock inquiry. Theater.","Thursday, October 12, 2023, at 05:51:10 AM",true
k10bcwt,vrhg,20euxp4,"What, exactly, are you asking me to do?","Monday, September 18, 2023, at 01:21:09 AM",true
k4hmz7r,1uhjv09,20ett62,That seems like a fairly complete summary.,"Thursday, October 12, 2023, at 07:31:54 AM",true
k4n0bwn,vfdpe,20esy73,"Jim Jordan is up next

Puke.","Friday, October 13, 2023, at 08:23:38 AM",true
gbgtpj2,7gxbl,20eskhh,"Hi. Iâ€™m commenting for flair over the next few weeks. Letâ€™s get the House in 22, boys. o7","Sunday, November 08, 2020, at 12:50:43 AM",true
k4gvbfh,b6znc,20esbgn,"8 republicans ousted McCarthy, its kind of disingenuous or misinformed to say they ousted him without a plan because the 8 republicans that ousted him plan is to create maximum chaos. The democrats have no incentive to minimize the chaos so its a real shitshow for the rest of the gop","Thursday, October 12, 2023, at 04:34:02 AM",true
fixcvan,3xgewq6i,20eben7,~~asking~~ seeking to force you to,"Thursday, February 27, 2020, at 11:37:20 PM",true
k4ne0bg,m7m8jj,20es3oy,"I like that this was a multi-step action, with step 1 being: Remove Kevin McCarthy.  

Step 2:  ????

And they've had months to come up with a Step 2 before taking Step 1 and removing McCarthy. And they didn't. And now they've had over a week to come up with Step 2. And They still don't have Step 2 figured out.","Friday, October 13, 2023, at 09:55:57 AM",true
k4r2ezs,l47mjj601,20ersov,"""We dont want to be islamophobic"" - the faculty

/s","Saturday, October 14, 2023, at 03:58:11 AM",true
g2x7an4,wtb0x26,20eqyw5,"It seems to be a running theme with these people: they don't understand what it is they have. They complain that the life saving medication that took hundreds of millions of dollars and years of work to develop is expensive. They complain that a country with civil rights was once racist. They complain about poor black neighborhoods having no economic opportunity, then proceed to burn down small businesses and low income housing. They complain about income equality while a homeless man eats his 4th cheeseburger right in front of him. 

It's like they don't understand that they stand on the shoulders of giants. This comfort and this society didn't spring up from nowhere. Just the roots of America (that being the enlightenment ideas and philosophy) are the result of several millennia of human development (I just know that you can trace certain values back to those of the Bible). They cry ""abolish the police"" until they get shot at, then they beg for their help. They stand on the shoulders of giants, and look up saying ""I'm not even touching the sky"".","Thursday, August 27, 2020, at 12:02:56 AM",true
c7p7olj,321ka,20eqcty,town down? is that the same as down town?,"Tuesday, January 01, 2013, at 11:07:00 PM",true
k4gl4cc,v90juxgg,20eq28y,"> â€œI believe we'll have a Speaker Scalise in office by dinnertime tonight,â€ said Rep. Lance Gooden (R-Texas), an early Scalise backer. â€œI'm confident we'll all be on the same page when we get to the floor.â€

Lmaoooo","Thursday, October 12, 2023, at 03:33:31 AM",true
dec2sf4,bdq50,20eq1dv,"I'm all for ""winning"" a war if it means we STOP when we ""win"".  250 years of damn near perpetual war mongering is total bullshit.  ","Wednesday, March 01, 2017, at 03:57:12 AM",true
gbgs4oc,86y792gg,20epv06,". ã€€ã€€ã€€ã€‚ã€€ã€€ã€€ã€€â€¢ã€€ ã€€ï¾Ÿã€€ã€€ã€‚ ã€€ã€€.

ã€€ã€€ã€€.ã€€ã€€ã€€ ã€€ã€€.ã€€ã€€ã€€ã€€ã€€ã€‚ã€€ã€€ ã€‚ã€€. ã€€

.ã€€ã€€ ã€‚ã€€ã€€ã€€ã€€ã€€ à¶ž ã€‚ . ã€€ã€€ â€¢ ã€€ã€€ã€€ã€€â€¢

ã€€ã€€ï¾Ÿã€€ã€€ Orange was An Impostor.ã€€ ã€‚ã€€.

ã€€ã€€'ã€€ã€€ã€€ 0 Impostors remain ã€€ ã€€ã€€ã€‚

ã€€ã€€ï¾Ÿã€€ã€€ã€€.ã€€ã€€ã€€. ,ã€€ã€€ã€€ã€€.ã€€ .","Sunday, November 08, 2020, at 12:39:30 AM",true
fiy1j3t,48wm2j8,20eo2tq,"Why does it have to cost anything? The rest of the world knows, that it is a human right to have a baby. Everybody should have the opportunity to have a baby. Money should not be involved when it comes to having a baby. Neither should money be involved when it comes to health. That is why every other nation agrees on these things. Not even the most extreme right wing candidates would dare to suggest otherwise. They would get 0 votes. Speaking as a Scandinavian.

Bernie Sanders would fit perfectly in the middle of our political system. Only in America are people stupid enough believe he's a communist.

He's proposing getting rid of the insurance system. Everybody would be insured. What changes? Only that the insurance companies don't make billions in profit. Same hospitals and same doctors. This insurance system looks like a total scam from the outside. 

Instead of the money going to the insurance companies. It goes to government. And the government insures everybody.  Everybody should be insured. Nobody should have to go bankrupt because they got sick. As simple as that.","Friday, February 28, 2020, at 03:10:53 AM",true
d9po52k,g8pmu,20dm0vg,"Interesting that this is coming from The Daily Beast, where Chelsea Clinton sits on the board.

But that's not of my business...","Tuesday, November 08, 2016, at 12:03:40 AM",true
gbgs11m,14tpcb,20epumb,"The Fight ain't over 

GET WARNOCK AND OSSOFF TO THE SENATE!","Sunday, November 08, 2020, at 12:38:44 AM",true
k319e2j,b8qxoqd8,20eoy4i,I'm a heavy 2A guy and my stances on anti-immigration are well to the right of 90% of the Republican Party.,"Monday, October 02, 2023, at 02:49:18 AM",true
k4qjcj5,9vp8ai9f,20eoxtv,"I'm a moderate leftist and before I get permabanned let me just say this.  
I've never in a million years expected this outcome, It feels like I took the red pill.

In my opinion you guys were right about some of these things after all.  
I'll never look at this part of the left (which is frighteningly becoming a big part) like I used to, bunch of moral frauds and psychopaths.","Saturday, October 14, 2023, at 01:58:51 AM",true
k4tvvz0,fp4c2,20eore6,"fancy schools often have ""guest lecturers."" They aren't necessarily visiting professors. It could be a big name in the corporate world or dc, etc. Usually they teach something in their area of focus. ""College 101"" makes me think this is just some big donor name with no credentials.","Saturday, October 14, 2023, at 07:18:24 PM",true
gbgqonb,11ijxz91,20envya,holy shit heâ€™s done it,"Sunday, November 08, 2020, at 12:28:26 AM",true
k4r09qh,ksj3xv6ln,20envxf,Welcome to reason. We're here to answer any ??s you have with open hearts and minds despite what you may have heard or thought.,"Saturday, October 14, 2023, at 03:44:54 AM",true
gbh0bxa,47onr,20emi5t,"Grim Reaper: It's Time to Go

President Trump: Was I a good President?

Grim Reaper: No. You were fucking awful.","Sunday, November 08, 2020, at 02:09:15 AM",true
gbh5a12,bte29,20em59z,Joyscrolling is soooo much better than doomscrolling.,"Sunday, November 08, 2020, at 02:46:35 AM",true
gbgrco5,9vyor,20elcx4,"Damn, I love Philly and Atlanta right now.

PAGA!","Sunday, November 08, 2020, at 12:33:30 AM",true
k4rw0te,cswbd,20elcp3,Gym Jordan of Ohio State ?,"Saturday, October 14, 2023, at 07:15:47 AM",true
k4n5w7x,zfpyr,20el4x5,"So is this how it's gonna go? Republicans nominate someone every week, and after two days, the nominee says ""peace out"" at the end of the week and we rinse and repeat until the Gov't shuts down? We can't find a handful of moderate Republicans willing to work across the aisle to nominate Jeffries?","Friday, October 13, 2023, at 09:01:02 AM",true
k4rhpmk,gu4nu9cm,20el4lc,"You took the words right out of my mouth! Red Pill is the perfect way to describe it. I'm also left-leaning but my eyes have been opened to a part of humanity that I didn't know existed. And I'm not talking about the terrorists because that part wasn't surprising given that the extermination of jews is in their charter.

What changed me forever was seeing people around the world celebrate. And hearing people in my own western city justifying the murders of innocent people.

I'm honestly in a state of shock.","Saturday, October 14, 2023, at 05:36:29 AM",true
k4no57w,13nds0,20ekx2u,"121 House Republicans voted against certifying the 2020 election. 

This divide makes it difficult for Rs to elect a SOTH without Democratic help. Stay tuned.","Friday, October 13, 2023, at 11:07:07 AM",true
k4tdjn4,qlz6m,20ekbqx,"The instructor has been identified by Daily Mail, but Stanford has not yet publicly identified him","Saturday, October 14, 2023, at 03:29:34 PM",true
k4n4p5x,2xcl10ic,20ek7qx,"The party that can't even govern itself claims to be able to govern the country.
The GOP is a threat to national security.","Friday, October 13, 2023, at 08:52:56 AM",true
k4rtwsx,jl6wcp359,20ek70q,This. The subreddit has really gone down hill. Too many role playing democrats in here. I'd wager 80% of the people who post and comment on this sub are liberals.,"Saturday, October 14, 2023, at 07:00:16 AM",true
k4mdeoc,9juuvg5,20ek2zv,"Look at the accuracy, historically, of polls taken a year out from an election and you'll find they are meaningless.","Friday, October 13, 2023, at 05:40:00 AM",true
dxuw50u,359yf,20ek2sb,I'm pretty sure Trump has no feelings about planned parenthood one way or the other. How does this hurt Trump? ,"Tuesday, April 24, 2018, at 07:58:07 AM",true
ic1itnr,9fjc9x0f,20ejtw6,"Like physically safe? Yeah, Iâ€™m sure itâ€™s fine. Republicans have to follow health and safety standards just like the rest of us.","Sunday, June 12, 2022, at 10:07:19 AM",true
dia6l2z,kby5f,20ejpdz,"Trump crossed the line from impeachable to outright treason. I hope the next Dem that gets elected shares the same view. Though, I suspect we may never recover from the damage done
","Thursday, June 01, 2017, at 02:36:41 AM",true
k2xlekj,31qo1,20ejl0x,"I think if somebody is incapable of caring for themselves or is creating a public health issue, they shouldnâ€™t be allowed to remain on the streets unhoused. I think we should pay for treatment, for a safe living space, but I just donâ€™t agree with it being optional to stake out and occupy a public space as your personal living space, especially when sanitation is a problem","Sunday, October 01, 2023, at 07:54:56 AM",true
k4r60jy,4okx82qu,20eg515,Which sides actions more closely resemble genocide buddy?,"Saturday, October 14, 2023, at 04:20:41 AM",true
k4s6ejq,keu33o3t8,20ejib9,"There's been quite a few flaired users that aren't remotely conservative. There is definitely infiltrators here. Also the leftists are upvoting crappy takes which skews things.

But yeah Idc if there's propaganda Hamas is evil and needs to be destroyed.","Saturday, October 14, 2023, at 08:33:57 AM",true
k4ti1c5,9b5z15iu,20ejakk,"Oprah had an episode on racism with exactly that, in the 90â€™s IIRC. Itâ€™s very powerful.","Saturday, October 14, 2023, at 04:26:43 PM",true
k4q9air,bds4r,20ej24i,4) GOP fails to elect a speaker and refuses to work with Democrats. America can't pass a budget and the government shuts down. Then America can't raise the debt ceiling and defaults. World economy crumbles. Thanks GOP.,"Saturday, October 14, 2023, at 12:57:06 AM",true
gbgr90o,26hz5hc6,20eimlk,Well this will be the most upvoted post on Reddit,"Sunday, November 08, 2020, at 12:32:45 AM",true
k4rd67r,egnejn9sb,20eih7c,"Here is what people don't know or forgot since GWOT

In places like Gaza, the news is captured by local stringers because western media is too scared to go embedded. 

So most of the news you get are from freelancers who might be sympathetic to the Arab Muslim cause. 

This is why Dan Pearl was an outlier, the far far greater number of journalist killed were Arab Muslim.

https://www.cjr.org/60th/the-stringers-local-iraqi-reporters-war-coverage.php/","Saturday, October 14, 2023, at 05:06:35 AM",true
k11nrnf,6sq4kqa,20eidsn,"Part of being ""liberal-minded"" is about not buying into empty symbolism.  It's also about inclusiveness, which is distinctly *anti*-nationalistic.  It's fine to be proud of your country...but it's crass to cover your car, house, and body with symbols of nationalism.","Monday, September 18, 2023, at 06:05:26 AM",true
k4r4txt,x1e8q,20ehzgb,"â€œI hope these kids remember thisâ€

You bet they will until â€œthe next thingâ€ comes along and it will be conveniently forgotten. Give to Thanksgiving and done.","Saturday, October 14, 2023, at 04:13:18 AM",true
k4r1no2,4rnxzwr3q,20ehsou,"Because they donâ€™t realize Jews are human beings, the nazis didnâ€™t either. They donâ€™t realize this is more than a land dispute, Muslims are trained/indoctrinated to kill Jews through their religious ideologies, they are told to kill the Jews because they believe in â€œuziar, the son of allah,â€ , which no Jew has ever stated. Ever.","Saturday, October 14, 2023, at 03:53:26 AM",true
k4r0xex,6k4bicb7,20ehjip,"For those who arenâ€™t aware, the first paragraph is literally what happened to Riley Gaines when she was *invited* to speak at the University of San Francisco about the topic, and then was barricaded in a room for 3 hours while an angry mob tried to get in to hurt her. Jordan B. Peterson interviewed her on his podcast (#356 on 5/11/23) about the topic/incident and the story is horrific to hear. For those who want to listen to just that part, itâ€™s towards the end of the podcast, though the whole interview is really good.","Saturday, October 14, 2023, at 03:48:57 AM",true
k4snsek,h9yk7p,20ehhhb,"I... I dunno.

I get why they wrote this, but I'm just not sure the uninitiated to the Palestinians. 'Should we have not taken Jews from Nazi Germany?'","Saturday, October 14, 2023, at 10:55:23 AM",true
diadtyk,157dxd,20ehbon,-.- america in general is stupid. Its not split along party lines...,"Thursday, June 01, 2017, at 04:43:24 AM",true
k4ruvqv,9bs9q,20egyh5,"Remember that more than half these same Jewish students are uber liberal and have zero tolerance for conservative views or beliefs on campus. 

This conflict isnâ€™t our business.","Saturday, October 14, 2023, at 07:07:28 AM",true
debv9hl,6sw8b,20egh7u,"It's not a secret that wars make unpopular presidents more popular.  We should expect a war with some tiny country that is a ""destabilizing force"" in some corner of the world.  Of course it'll be bullshit, and most people will debate over semantics while the current administration reaps the political benefits.","Wednesday, March 01, 2017, at 01:48:15 AM",true
k4lpihu,137qrx,20efw9i,"GOOD. if you're a Democrat on the ballot this year or next this is exactly what we want to see.

Bout to push this out to Dems with a good even year history but no municipal history.","Friday, October 13, 2023, at 03:15:09 AM",true
k4snaxf,mjhd8,20efqwv,More useless posturing from useless politicians. Who could have guessed?,"Saturday, October 14, 2023, at 10:51:11 AM",true
k4rhrhq,8zy9718i,20efmt7,"Yes. I'm surprised by people on the sub not recognizing the free speech/1st amendment rights of the pro-Palestinian protestors and I'm staunchly on the pro-Israel side of things.

Pretty glaring double standards imo. Doesn't make conservatives any better than the cancel-culture loving leftists.","Saturday, October 14, 2023, at 05:36:49 AM",true
k4qqd9e,a3m8edn7,20ef6u0,"I will never understand the logic of liberalism. In the end, they will eat each other because their agruments are not based on logic. This is what you get with liberalism. ðŸ¤¡","Saturday, October 14, 2023, at 02:42:43 AM",true
k4ndomw,asm9d,20eewhr,"Just remind people who voted Republican that is the dysfunction this party brings. They can't choose a Speaker, literally the most basic and first thing the House does.","Friday, October 13, 2023, at 09:53:40 AM",true
k4qc277,2zcgwz60,20eeq4u,"Threat? Yes and no.
I'd advise you reading 
https://firstamendment.mtsu.edu/article/watts-v-united-states-1969/

Now, fighting words, I would say it does, yes.","Saturday, October 14, 2023, at 01:14:00 AM",true
k4mrpsz,vcfy9oqj,20eei5b,I thought we learned that Fox News is all a sham already,"Friday, October 13, 2023, at 07:22:12 AM",true
k4rk94y,mh67w,20eeg08,It always amazes me how some people can so proudly exclaim their complete ignorance on a subject. I'm honestly kind of jealous of your confidence.,"Saturday, October 14, 2023, at 05:53:33 AM",true
k4sgbpk,g4j6e0u4,20ee6e3,"Is that so. As in specifically American Jews? Aussie here, so Iâ€™m not weâ€™ll educated on that.

My university in Australia had a fair few Jewish students. Iâ€™d say the vast majority lent to the right. Although many of those were South African (we get a lot of immigration from there). Most South Africans lean well into the right because of the environment they came from. So maybe that skews the sample that I grew up in.

I wonder if that differs between practicing and cultural Jews","Saturday, October 14, 2023, at 09:52:52 AM",true
k4re2r0,i82o0,20edc0j,Israel and Palestine have nothing to do with conservative/liberal or democrat/republican. If you believe this is the case you have been manipulated by your party.,"Saturday, October 14, 2023, at 05:12:31 AM",true
k4qnpzv,4anc5,20ecun6,"> I'm a moderate leftist and before I get permabanned let me just say this.

This is something else you may be surprised at. If you're here to discuss, this sub will discuss. They don't ban people indiscriminately or for not following some group think.  I say that as someone who is a non-flaired moderate.  I agree with some stuff here and disagree with other here but I've never been threatened with a ban even when taking a hard line against something.","Saturday, October 14, 2023, at 02:26:14 AM",true
k4r90d3,vq59b5uj,20ec0y5,You labeled yourself not me. Seems like you are subscribed.,"Saturday, October 14, 2023, at 04:39:39 AM",true
k4qynw6,jgx4fz4p,20ebxw4,"If you gave them two choices:

A) Democrat wins the WH in 2024 and WWIII breaks out

B) Trump wins the WH in 2024 and world peace breaks out


What percentage would choose A?","Saturday, October 14, 2023, at 03:34:58 AM",true
k4rsg45,14ep7a,20e3f6o,"Everyone's a RINO anymore.  The word has lost all real meaning right along with neocon, uniparty, and establishment.","Saturday, October 14, 2023, at 06:50:08 AM",true
gbgwakf,35jvl,20ebpvr,"The darkness is finally over. Let light flow through America. Thank you, African American and Navajo voters for carrying us through.

So sweet that two of the most disenfranchised groups in history end this nightmare.","Sunday, November 08, 2020, at 01:14:28 AM",true
fixvpll,bi4pa,20e95jj,"There is also the problem of outsourcing doctors in the ED. Insurance may cover for the hospital, but if the organization of doctors (TeamHealth, Vituity, etc) does not accept your insurance, you get fucked.","Friday, February 28, 2020, at 02:18:02 AM",true
k4rrc5p,v1hjl376,20e7zsi,"True, but the likely outcome is that now that scalise dropped Jordan will be the only real choice, they will have to vote for him. It's not going to go on and on like people are making it out. The house repubs knows it has to elect one soon","Saturday, October 14, 2023, at 06:42:37 AM",true
k4shw2o,hrbdqwii,20e63pc,Itâ€™s not like if the script was flipped itâ€™d be any different.  Democrats have their corn popped and are ready to watch the consequences unfold.,"Saturday, October 14, 2023, at 10:05:37 AM",true
fixct2t,1iksyy64,20e2t2v,"Hereâ€™s the thing: Charity is a wonderful thing, but it has to be VOLUNTARY! If itâ€™s not voluntary, itâ€™s not charity - itâ€™s theft!","Thursday, February 27, 2020, at 11:36:44 PM",true
k4o3qbi,34pwagb8,20e2m16,"Ironic, isn't it?  How many times in my life in various educational institutions, and general conversations I've heard how we as Americans should go into other countries and 'teach then democracy', show them how it works, and help them to get it running.  We've even had wars about it, it's so great.  ""To protect our democracy"".  Right?

And now we have elected a group of sociopaths --- little better than thugs----who want to dismantle it and have one party in charge of a country that used to be a solid democracy.   :  (","Friday, October 13, 2023, at 01:28:48 PM",true
gbgtz4x,ri9gs,20e2lea,There's still McConnell.,"Sunday, November 08, 2020, at 12:52:38 AM",true
d9pikcn,svd04,20dzsgy,"nothing from the daily beast has EVER been with Bernie... that rag has been in the pocket of HRC this whole time.

not interested.","Monday, November 07, 2016, at 09:49:47 PM",true
k4s4kqj,5jf0p,20dyenz,"> Or just make a a moderate Republican moderate democratic coalition.

That'd be nice for once in America","Saturday, October 14, 2023, at 08:19:58 AM",true
k4q8umx,a3ut9vdpc,20dy5no,Just end the party and ban its members from entering political offices. Done,"Saturday, October 14, 2023, at 12:54:24 AM",true
d9piei3,21v87,20dm4yw,"Oh must we? Just voted for Jill. The Democratic Party gave a big ""fuck you"" to progressive voters in this election . . . well guess what? ","Monday, November 07, 2016, at 09:44:55 PM",true
d9pnop7,g059c,20dv87v,">The Daily Beast claiming to have supported Sanders

ahahahahhahahaahahah.","Monday, November 07, 2016, at 11:53:57 PM",true
fiy1xfd,emrn41o,20dtoy1,"Yeah it's communism, to expect one person to take care of another or to have empathy for another or have love for another. Jesus was the biggest communist of all.","Friday, February 28, 2020, at 03:14:41 AM",true
k4rqdgi,goqs7,20dv6n0,"The only reason I see this happening is because Scalise dropped out.   


Under NORMAL conditions I agree that this would likely not happen.  
But everyone is under massive pressure to get someone in the role so they can start helping Israel more directly.","Saturday, October 14, 2023, at 06:35:45 AM",true
k4ndon8,7dzfa0nu,20duepu,"I know it really isn't funny if you think too long about it, but on the surface level, my god this shit is hilarious. GOP really showing how completely totaly useless they are.

Couldnt have happened to a better group of people.

Trump did that! ðŸ‘†ðŸ‘","Friday, October 13, 2023, at 09:53:40 AM",true
k4sj46n,kquh,20dto2j,Which of the many things McCarthy said he would do are you referring to?,"Saturday, October 14, 2023, at 10:15:44 AM",true
k4q82uc,9rq6tjxaj,20dtkw1,"remember when biden saluted a north korean general? 

oh wait.. that was trump the traitor.","Saturday, October 14, 2023, at 12:49:43 AM",true
fiydmt6,2unjump,20dtjg1,That's the same thought process that happens when a child doesn't want to clean their room because their parents told them to...,"Friday, February 28, 2020, at 05:02:57 AM",true
k4s4kom,992ibpl4,20dt9ux,"My money's on Kevin McCarthy again, but that would require a full surrender of the Freedom Caucus.

You probably can't pull Gaetz, but Buck might be winnable.","Saturday, October 14, 2023, at 08:19:57 AM",true
k4rekz6,eb99505e3,20dt88g,"What do you mean? Gaetz openly endorses Jim Jordan.

Have you ever thought about hearing what people say? [\[X\]](https://twitter.com/RepMattGaetz/status/1712651077407936875)","Saturday, October 14, 2023, at 05:15:49 AM",true
k4rfvmp,fo2ipalhu,20dt4fl,"The projection is astounding, isnâ€™t it?","Saturday, October 14, 2023, at 05:24:19 AM",true
gbgzumm,agtu4,20dt1zh,Was no one else watching the news after Obama got voted in?,"Sunday, November 08, 2020, at 02:04:35 AM",true
k4rqmhh,4i4xjot35,20dt13l,"He def doesnâ€™t have the votesâ€¦so they are just going to give the temp speaker additional powers and punt the ball until after primaries in their respective states, correct? Or just make a a moderate Republican moderate democratic coalition.","Saturday, October 14, 2023, at 06:37:33 AM",true
d9ptdaa,et4pw,20dt0v9,"Sorry, but Trump's the price we'll have to pay in order to stop Clinton.

A year ago I would have said otherwise.  But Bernie opened our eyes to the pure evil that is Clinton.

The only thing real Bernie supporters should be debating is whether to vote Stein or Trump directly.

Ironically enough, Trump's policies will likely hurt the minorities that voted for Clinton in the primaries more than anyone.  Delicious irony there- payback's a bitch!   Being progressive means being willing to sacrifice the most vulnerable if it helps us economically in the long run.

(And to think, some Bernie voters are actually cruel and dumb enough to believe the bullshit I just spouted above)","Tuesday, November 08, 2016, at 01:48:59 AM",true
k4rzqki,49jceue7,20dszkw,">Gaetz also endorsed Scalise

Ehhhhh he said scalise is better than McCarthy","Saturday, October 14, 2023, at 07:43:22 AM",true
fiy18ls,dm6m3ah,20dsjtp,"This is close enough to what the uk does. No one really has health insurance, everyone has access to free schooling. So everyone pays for everyone.","Friday, February 28, 2020, at 03:08:08 AM",true
gbh1wat,8qdd14u3,20druer,"GEORGIA!!! Job's not finished, help us take control of the senate! Make sure you vote in January!","Sunday, November 08, 2020, at 02:21:36 AM",true
fiy5ofm,c4b33,20dqnrz,"If anything there is more incentive for the hospital to jack up the prices. They get paid either way, don't they?","Friday, February 28, 2020, at 03:50:17 AM",true
d9phryo,8e0tv,20dpyh4,The Daily Beast is owned by IAC which is run by Chelsea Clinton...,"Monday, November 07, 2016, at 09:25:08 PM",true
fixgge6,pbajf,20do8c9,I wouldn't blame hospitals/Doctors as they tend to inflate prices to cover those who don't have insurance so at the end of the day they can operate and take care of people. Really think it's the profit driven pharmaceuticals and the added cost for the insurance companies to take a slice. Glad to hear UHC dropped someone because they kept raising rates though.,"Friday, February 28, 2020, at 12:12:30 AM",true
fixmgcv,3amc69go,20dnqup,"There has yet to be a perfect healthcare system, thats for damn sure","Friday, February 28, 2020, at 01:03:42 AM",true
d9pjtwy,5kx5e,20dncnt,And yet your post is still here?,"Monday, November 07, 2016, at 10:24:03 PM",true
d9pifjd,10d598,20dmgdo,"Yes, go vote for the person that rigged the votes to make Bernie lose in the first place.","Monday, November 07, 2016, at 09:45:48 PM",true
k4q9qjp,e0qhr,20dn6dn,"Biden has done more to destroy Putin/Russia's Military and Economic Power than any President in history before him. He was the biggest champion of NATO in the US since the 1990s, and his Foreign Policy credentials are one of the reasons he was picked to be Obama's VP in the first place, and the GOP used to be well aware of that fact.

But now they're mostly all Putin/Russian Shills that have developed amnesia and a fatal case of stupidity.","Saturday, October 14, 2023, at 12:59:46 AM",true
k4q6xs2,srnxw3mu,20dmxo3,"People don't realize $6 billion to terrorist sponsor Iran is not actually a lot of money compared to what we've sent to Ukraine. I'm sure Iran wanted $20 billion, but the administration wisely negotiated that down.","Saturday, October 14, 2023, at 12:42:45 AM",true
gbgtgbf,c9m3a1f,20dmm3b,As a leftist Iâ€™ll probably be right there with you,"Sunday, November 08, 2020, at 12:48:51 AM",true
gbh8fx0,r658y2m,20dmhv3,"Is there a leftists sub I can lurk on to challenge my views, that won't harass me if I ask them a question thats clearly not supportive of their beliefs? I like learning, I like conversations, I don't like harassment","Sunday, November 08, 2020, at 03:08:04 AM",true
k4gc2h2,l0k5tmgxa,20dmhsa,"So if I have this right:
- Republicans ousted their speaker in McCarthy without a backup plan
- They took a recess for a week just to continue to squabble over who is next (and continued to get paid)
- They still cannot figure their shit out, with their nominated speaker barely getting by in a secret vote
- Proceeded to take the rest of the day off because they didnâ€™t want to embarrass themselves on tv again 

All while the Israel and Hamas situation unfolds
And all the while the government shutdown looms and weâ€™ve already lost some 8 days to prevent one because of the BS.

Do I have that right? Or did I miss something?","Thursday, October 12, 2023, at 02:39:32 AM",true
gbgrfjn,68x3l,20dkez4,"Man, Van is really speaking the truth.  Fuck Trump and Mother fuck every person who votes for this sack of shit.","Sunday, November 08, 2020, at 12:34:08 AM",true
k4gy3j2,4t7ne,20dji96,"Thanks, Obama!","Thursday, October 12, 2023, at 04:50:39 AM",true
gbh9kmf,1derz31a,20djhtc,"https://twitter.com/thatbilloakley/status/1325152158866567168

""In case you missed it, the Trump campaign called a press conference this morning in the parking lot of ""Four Seasons Total Landscaping"" in Philadelphia. The assumption is that they meant to book the Four Seasons hotel but made a mistake and just went with it. Seriously.""","Sunday, November 08, 2020, at 03:15:10 AM",true
