name,id,_listing_use_sort,_fetched,is_employee,is_friend,snoovatar_size,awardee_karma,verified,is_gold,is_mod,awarder_karma,has_verified_email,icon_img,hide_from_robots,link_karma,pref_show_snoovatar,is_blocked,total_karma,accept_chats,created,created_utc,snoovatar_img,comment_karma,accept_followers,has_subscribed,accept_pms,synctimestamp,created_utc_string
optimalg,,,,,,,,,,,,,,,,,,,,,,,,,,,,
AutoModerator,t2_6l4z3,,,,,,,,,,,,,,,,,,,,,,,,,,,
TitanMU,t2_19p2zmg1,,,,,,,,,,,,,,,,,,,,,,,,,,,
Slow-Vehicle-282,t2_dnj07fku,,,,,,,,,,,,,,,,,,,,,,,,,,,
RoadDog57350,t2_m0xg8vfl,,,,,,,,,,,,,,,,,,,,,,,,,,,
WeTheLions,t2_v4dec4xu,,,,,,,,,,,,,,,,,,,,,,,,,,,
SharpPoint8,t2_h24uz4dy,,,,,,,,,,,,,,,,,,,,,,,,,,,
jovi_goddard,t2_lkchoru,,,,,,,,,,,,,,,,,,,,,,,,,,,
OneMoreBasshead,t2_2h6ebebz,,,,,,,,,,,,,,,,,,,,,,,,,,,
CriticalIncident4662,t2_q67jjonn,,,,,,,,,,,,,,,,,,,,,,,,,,,
atpierce2,t2_4wl4e59s,,,,,,,,,,,,,,,,,,,,,,,,,,,
TheSmiling_Buddha,t2_1m4pdg41,,,,,,,,,,,,,,,,,,,,,,,,,,,
YTKTV,t2_fmtcka8x,,,,,,,,,,,,,,,,,,,,,,,,,,,
AutoModerator,t2_6l4z3,,,,,,,,,,,,,,,,,,,,,,,,,,,
Idriselbowz,t2_7w219k2p,,,,,,,,,,,,,,,,,,,,,,,,,,,
alonela,t2_q2u9sihn,,,,,,,,,,,,,,,,,,,,,,,,,,,
Constant_Fun_7326,t2_b5bnekp4,,,,,,,,,,,,,,,,,,,,,,,,,,,
Frankfusion,t2_3xfby,,,,,,,,,,,,,,,,,,,,,,,,,,,
SpecialistComposer44,t2_lgf1c25d,,,,,,,,,,,,,,,,,,,,,,,,,,,
Olong-Jonson,t2_9gf0m82v,,,,,,,,,,,,,,,,,,,,,,,,,,,
repetemusic123,t2_icjj3,,,,,,,,,,,,,,,,,,,,,,,,,,,
BiggieAndTheStooges,t2_gtk7imi1,,,,,,,,,,,,,,,,,,,,,,,,,,,
Express_Pair6657,t2_dgru9afa,,,,,,,,,,,,,,,,,,,,,,,,,,,
calm-lab66,t2_pagvxs13,,,,,,,,,,,,,,,,,,,,,,,,,,,
Intelligent-Travel-1,t2_apaa6ixe,,,,,,,,,,,,,,,,,,,,,,,,,,,
Device_Motor,t2_8qbxs2fb,,,,,,,,,,,,,,,,,,,,,,,,,,,
AutoModerator,t2_6l4z3,,,,,,,,,,,,,,,,,,,,,,,,,,,
BigRadiation,t2_ffdqqyn,,,,,,,,,,,,,,,,,,,,,,,,,,,
ARY616,t2_9szpc2c,,,,,,,,,,,,,,,,,,,,,,,,,,,
Olong-Jonson,t2_9gf0m82v,,,,,,,,,,,,,,,,,,,,,,,,,,,
AutoModerator,t2_6l4z3,,,,,,,,,,,,,,,,,,,,,,,,,,,
Bennghazi,t2_638a58sx,,,,,,,,,,,,,,,,,,,,,,,,,,,
1eyedbudz,t2_adt8jyn1,,,,,,,,,,,,,,,,,,,,,,,,,,,
bostonmolasses,t2_3hvrm,,,,,,,,,,,,,,,,,,,,,,,,,,,
AuthorTomFrost,t2_la5mn,,,,,,,,,,,,,,,,,,,,,,,,,,,
Dictaorofcheese,t2_5egneozv,,,,,,,,,,,,,,,,,,,,,,,,,,,
Desperate-Ad-6463,t2_75ft90x4,,,,,,,,,,,,,,,,,,,,,,,,,,,
vakr001,t2_5ex19u7z,,,,,,,,,,,,,,,,,,,,,,,,,,,
routerg0d,t2_11cidq,,,,,,,,,,,,,,,,,,,,,,,,,,,
rdcomma,t2_a05hpgi0x,,,,,,,,,,,,,,,,,,,,,,,,,,,
Jimbojauder,t2_3w7eir3,,,,,,,,,,,,,,,,,,,,,,,,,,,
sumguysr,t2_5iznl,,,,,,,,,,,,,,,,,,,,,,,,,,,
RareBeautyEtsy,t2_kldkg,,,,,,,,,,,,,,,,,,,,,,,,,,,
DeadRabbit8813,t2_11w034,,,,,,,,,,,,,,,,,,,,,,,,,,,
BuyOutWallStreet,t2_vhhsogwe,,,,,,,,,,,,,,,,,,,,,,,,,,,
insipidgoose,t2_f7qti,,,,,,,,,,,,,,,,,,,,,,,,,,,
Makachai,t2_4d930qas,,,,,,,,,,,,,,,,,,,,,,,,,,,
josuelaker2,t2_n6jouylf,,,,,,,,,,,,,,,,,,,,,,,,,,,
Chitown_mountain_boy,t2_ezi17ujk,,,,,,,,,,,,,,,,,,,,,,,,,,,
canuckcowgirl,t2_ahcmfw8,,,,,,,,,,,,,,,,,,,,,,,,,,,
mehlaknee,t2_1a395kqk,,,,,,,,,,,,,,,,,,,,,,,,,,,
Randolpho,t2_3ad4y,,,,,,,,,,,,,,,,,,,,,,,,,,,
Madmax8080,t2_47p09v3m,,,,,,,,,,,,,,,,,,,,,,,,,,,
calumin,t2_ga0hc,,,,,,,,,,,,,,,,,,,,,,,,,,,
Chumptopia,t2_4fg69h0q,,,,,,,,,,,,,,,,,,,,,,,,,,,
OkEnvironment3961,t2_8y580wym,,,,,,,,,,,,,,,,,,,,,,,,,,,
EvitaPuppy,t2_oqkls,,,,,,,,,,,,,,,,,,,,,,,,,,,
BuyOutWallStreet,t2_vhhsogwe,,,,,,,,,,,,,,,,,,,,,,,,,,,
ashad91,t2_fi33kubw,,,,,,,,,,,,,,,,,,,,,,,,,,,
Deranged_Kitsune,t2_85vgm,,,,,,,,,,,,,,,,,,,,,,,,,,,
OkayAlfalfa,t2_tfs1wiym,,,,,,,,,,,,,,,,,,,,,,,,,,,
webguy1975,t2_m5j6x,,,,,,,,,,,,,,,,,,,,,,,,,,,
its_the_smell,t2_fmpym,,,,,,,,,,,,,,,,,,,,,,,,,,,
wenchette,t2_cuaz7,,,,,,,,,,,,,,,,,,,,,,,,,,,
dtruth53,t2_1yff2yk,,,,,,,,,,,,,,,,,,,,,,,,,,,
incignita,t2_wg9wmjm,,,,,,,,,,,,,,,,,,,,,,,,,,,
Diligent_Excitement4,t2_gy1rwcof,,,,,,,,,,,,,,,,,,,,,,,,,,,
1eyedbudz,t2_adt8jyn1,,,,,,,,,,,,,,,,,,,,,,,,,,,
littleoldlady71,t2_6z8hw60h,,,,,,,,,,,,,,,,,,,,,,,,,,,
takeitallback73,t2_c031gjmk,,,,,,,,,,,,,,,,,,,,,,,,,,,
SapperInTexas,t2_8qxfs,,,,,,,,,,,,,,,,,,,,,,,,,,,
Diligent_Excitement4,t2_gy1rwcof,,,,,,,,,,,,,,,,,,,,,,,,,,,
TillThen96,t2_3qxeqlwj,,,,,,,,,,,,,,,,,,,,,,,,,,,
jkksldkjflskjdsflkdj,t2_n4lxp,,,,,,,,,,,,,,,,,,,,,,,,,,,
tickitytalk,t2_bpo6v,,,,,,,,,,,,,,,,,,,,,,,,,,,
Tiny_Independent2552,t2_mkfu3c1b,,,,,,,,,,,,,,,,,,,,,,,,,,,
AutoModerator,t2_6l4z3,,,,,,,,,,,,,,,,,,,,,,,,,,,
lastingdreamsof,t2_7fm09heej,,,,,,,,,,,,,,,,,,,,,,,,,,,
tickitytalk,t2_bpo6v,,,,,,,,,,,,,,,,,,,,,,,,,,,
JennyFromdablock2020,t2_im68bf2i,,,,,,,,,,,,,,,,,,,,,,,,,,,
rascible,t2_igkefh8t,,,,,,,,,,,,,,,,,,,,,,,,,,,
appmanga,t2_3gzga,,,,,,,,,,,,,,,,,,,,,,,,,,,
Diligent_Excitement4,t2_gy1rwcof,,,,,,,,,,,,,,,,,,,,,,,,,,,
Cocky_Jockey,t2_86vkmzae,,,,,,,,,,,,,,,,,,,,,,,,,,,
Btravelen,t2_13bdx64x,,,,,,,,,,,,,,,,,,,,,,,,,,,
parallelmeme,t2_qvhr2jp,,,,,,,,,,,,,,,,,,,,,,,,,,,
glitch83,t2_377d9,,,,,,,,,,,,,,,,,,,,,,,,,,,
According_Project_93,t2_9pe7ysst,,,,,,,,,,,,,,,,,,,,,,,,,,,
grandmadollar,t2_vbs559m,,,,,,,,,,,,,,,,,,,,,,,,,,,
BuyOutWallStreet,t2_vhhsogwe,,,,,,,,,,,,,,,,,,,,,,,,,,,
AutoModerator,t2_6l4z3,,,,,,,,,,,,,,,,,,,,,,,,,,,
heauxomen,t2_421q6jfb,,,,,,,,,,,,,,,,,,,,,,,,,,,
simplydeltahere,t2_vbx5nzh0,,,,,,,,,,,,,,,,,,,,,,,,,,,
vakr001,t2_5ex19u7z,,,,,,,,,,,,,,,,,,,,,,,,,,,
wonteatfish,t2_7fipmzn0,,,,,,,,,,,,,,,,,,,,,,,,,,,
jmsatl,t2_148xic,,,,,,,,,,,,,,,,,,,,,,,,,,,
Rainbow_Marx,t2_cg7b6k46j,,,,,,,,,,,,,,,,,,,,,,,,,,,
littleoldlady71,t2_6z8hw60h,,,,,,,,,,,,,,,,,,,,,,,,,,,
anonbene2,t2_m2f4dtrv,,,,,,,,,,,,,,,,,,,,,,,,,,,
Vein77,t2_203320ow,,,,,,,,,,,,,,,,,,,,,,,,,,,
littleoldlady71,t2_6z8hw60h,,,,,,,,,,,,,,,,,,,,,,,,,,,
ghetsome,t2_2e48et3z,,,,,,,,,,,,,,,,,,,,,,,,,,,
tempizzle,t2_vbclm5g,,,,,,,,,,,,,,,,,,,,,,,,,,,
Old_Fossil_MKE,t2_76u2j6c9,,,,,,,,,,,,,,,,,,,,,,,,,,,
JescoWhite_,t2_az4lushj,,,,,,,,,,,,,,,,,,,,,,,,,,,
Dystopiq,t2_9qyrs,,,,,,,,,,,,,,,,,,,,,,,,,,,
Sissy63,t2_3u02xymh,,,,,,,,,,,,,,,,,,,,,,,,,,,
Curious-Story9666,t2_32zcqfz5,,,,,,,,,,,,,,,,,,,,,,,,,,,
NimusNix,t2_nht4b,,,,,,,,,,,,,,,,,,,,,,,,,,,
plastigoop,t2_a95k3,,,,,,,,,,,,,,,,,,,,,,,,,,,
Muffles79,t2_ckfal,,,,,,,,,,,,,,,,,,,,,,,,,,,
ksavage68,t2_dm4pu,,,,,,,,,,,,,,,,,,,,,,,,,,,
Bennghazi,t2_638a58sx,,,,,,,,,,,,,,,,,,,,,,,,,,,
1eyedbudz,t2_adt8jyn1,,,,,,,,,,,,,,,,,,,,,,,,,,,
bostonmolasses,t2_3hvrm,,,,,,,,,,,,,,,,,,,,,,,,,,,
AuthorTomFrost,t2_la5mn,,,,,,,,,,,,,,,,,,,,,,,,,,,
Dictaorofcheese,t2_5egneozv,,,,,,,,,,,,,,,,,,,,,,,,,,,
Desperate-Ad-6463,t2_75ft90x4,,,,,,,,,,,,,,,,,,,,,,,,,,,
vakr001,t2_5ex19u7z,,,,,,,,,,,,,,,,,,,,,,,,,,,
routerg0d,t2_11cidq,,,,,,,,,,,,,,,,,,,,,,,,,,,
rdcomma,t2_a05hpgi0x,,,,,,,,,,,,,,,,,,,,,,,,,,,
RareBeautyEtsy,t2_kldkg,,,,,,,,,,,,,,,,,,,,,,,,,,,
Randolpho,t2_3ad4y,,,,,,,,,,,,,,,,,,,,,,,,,,,
calumin,t2_ga0hc,,,,,,,,,,,,,,,,,,,,,,,,,,,
OkEnvironment3961,t2_8y580wym,,,,,,,,,,,,,,,,,,,,,,,,,,,
Chumptopia,t2_4fg69h0q,,,,,,,,,,,,,,,,,,,,,,,,,,,
EvitaPuppy,t2_oqkls,,,,,,,,,,,,,,,,,,,,,,,,,,,
OkayAlfalfa,t2_tfs1wiym,,,,,,,,,,,,,,,,,,,,,,,,,,,
its_the_smell,t2_fmpym,,,,,,,,,,,,,,,,,,,,,,,,,,,
BuyOutWallStreet,t2_vhhsogwe,,,,,,,,,,,,,,,,,,,,,,,,,,,
FickleSystem,t2_6cxxvz7m,,,,,,,,,,,,,,,,,,,,,,,,,,,
wenchette,t2_cuaz7,,,,,,,,,,,,,,,,,,,,,,,,,,,
dtruth53,t2_1yff2yk,,,,,,,,,,,,,,,,,,,,,,,,,,,
incignita,t2_wg9wmjm,,,,,,,,,,,,,,,,,,,,,,,,,,,
Diligent_Excitement4,t2_gy1rwcof,,,,,,,,,,,,,,,,,,,,,,,,,,,
1eyedbudz,t2_adt8jyn1,,,,,,,,,,,,,,,,,,,,,,,,,,,
littleoldlady71,t2_6z8hw60h,,,,,,,,,,,,,,,,,,,,,,,,,,,
takeitallback73,t2_c031gjmk,,,,,,,,,,,,,,,,,,,,,,,,,,,
SapperInTexas,t2_8qxfs,,,,,,,,,,,,,,,,,,,,,,,,,,,
Diligent_Excitement4,t2_gy1rwcof,,,,,,,,,,,,,,,,,,,,,,,,,,,
TillThen96,t2_3qxeqlwj,,,,,,,,,,,,,,,,,,,,,,,,,,,
tickitytalk,t2_bpo6v,,,,,,,,,,,,,,,,,,,,,,,,,,,
JennyFromdablock2020,t2_im68bf2i,,,,,,,,,,,,,,,,,,,,,,,,,,,
rascible,t2_igkefh8t,,,,,,,,,,,,,,,,,,,,,,,,,,,
appmanga,t2_3gzga,,,,,,,,,,,,,,,,,,,,,,,,,,,
Diligent_Excitement4,t2_gy1rwcof,,,,,,,,,,,,,,,,,,,,,,,,,,,
Cocky_Jockey,t2_86vkmzae,,,,,,,,,,,,,,,,,,,,,,,,,,,
Btravelen,t2_13bdx64x,,,,,,,,,,,,,,,,,,,,,,,,,,,
parallelmeme,t2_qvhr2jp,,,,,,,,,,,,,,,,,,,,,,,,,,,
glitch83,t2_377d9,,,,,,,,,,,,,,,,,,,,,,,,,,,
According_Project_93,t2_9pe7ysst,,,,,,,,,,,,,,,,,,,,,,,,,,,
AutoModerator,t2_6l4z3,,,,,,,,,,,,,,,,,,,,,,,,,,,
FreeGums,t2_dlne0,,,,,,,,,,,,,,,,,,,,,,,,,,,
SheWhoVotes,t2_b83s7kx8r,,,,,,,,,,,,,,,,,,,,,,,,,,,
Corn_Polkadots,t2_nlcixjvc,,,,,,,,,,,,,,,,,,,,,,,,,,,
Hobo_Knife,t2_8s2hi,,,,,,,,,,,,,,,,,,,,,,,,,,,
geneffd,t2_ssase5vk,,,,,,,,,,,,,,,,,,,,,,,,,,,
EmmaLouLove,t2_3zaj64sw,,,,,,,,,,,,,,,,,,,,,,,,,,,
SewAlone,t2_2av1imis,,,,,,,,,,,,,,,,,,,,,,,,,,,
PMMEBITCOINPLZ,t2_4mm0n0z1,,,,,,,,,,,,,,,,,,,,,,,,,,,
DubyaWolf,t2_uezezpyq,,,,,,,,,,,,,,,,,,,,,,,,,,,
AutoModerator,t2_6l4z3,,,,,,,,,,,,,,,,,,,,,,,,,,,
brain_overclocked,t2_2usj0pc,,,,,,,,,,,,,,,,,,,,,,,,,,,
WV-GT,t2_5uayd9w3,,,,,,,,,,,,,,,,,,,,,,,,,,,
JFJinCO,t2_a7k3kk92,,,,,,,,,,,,,,,,,,,,,,,,,,,
InternetPeon,t2_roi9a,,,,,,,,,,,,,,,,,,,,,,,,,,,
ResurgentClusterfuck,t2_bb2tboe22,,,,,,,,,,,,,,,,,,,,,,,,,,,
BlueBloodLive,t2_14wzil,,,,,,,,,,,,,,,,,,,,,,,,,,,
The_Navy_Sox,t2_spfy3p49,,,,,,,,,,,,,,,,,,,,,,,,,,,
swipichone,t2_1aso600e,,,,,,,,,,,,,,,,,,,,,,,,,,,
Natiak,t2_hrg0t,,,,,,,,,,,,,,,,,,,,,,,,,,,
AutoModerator,t2_6l4z3,,,,,,,,,,,,,,,,,,,,,,,,,,,
Bobmanbob1,t2_67t6faxo,,,,,,,,,,,,,,,,,,,,,,,,,,,
MoveMitchGetOutDaWay,t2_5qyeuyv6,,,,,,,,,,,,,,,,,,,,,,,,,,,
ILikeCatsAndSquids,t2_pbiu3,,,,,,,,,,,,,,,,,,,,,,,,,,,
mountaintop111,t2_hsdekbu,,,,,,,,,,,,,,,,,,,,,,,,,,,
riverbedwriter,t2_6iton585,,,,,,,,,,,,,,,,,,,,,,,,,,,
Jasminewindsong2,t2_a8ahge6e,,,,,,,,,,,,,,,,,,,,,,,,,,,
mymomknowsyourmom,t2_abrz8,,,,,,,,,,,,,,,,,,,,,,,,,,,
PaganBeef,t2_tznti,,,,,,,,,,,,,,,,,,,,,,,,,,,
Lost_Minds_Think,t2_101fy9,,,,,,,,,,,,,,,,,,,,,,,,,,,
AutoModerator,t2_6l4z3,,,,,,,,,,,,,,,,,,,,,,,,,,,
TintedApostle,t2_ilyietxl,,,,,,,,,,,,,,,,,,,,,,,,,,,
JadedIT_Tech,t2_pq4a4vgt,,,,,,,,,,,,,,,,,,,,,,,,,,,
BAF_DaWg82,t2_a3027vyc,,,,,,,,,,,,,,,,,,,,,,,,,,,
charcoalist,t2_3xjvx,,,,,,,,,,,,,,,,,,,,,,,,,,,
TheBlackUnicorn,t2_612xz,,,,,,,,,,,,,,,,,,,,,,,,,,,
ResurgentClusterfuck,t2_bb2tboe22,,,,,,,,,,,,,,,,,,,,,,,,,,,
Yeeaaaarrrgh,t2_3bbmh,,,,,,,,,,,,,,,,,,,,,,,,,,,
Mysonsanass,t2_4st8etk,,,,,,,,,,,,,,,,,,,,,,,,,,,
Aware-Technician4615,t2_qqavnqxo,,,,,,,,,,,,,,,,,,,,,,,,,,,
rascible,t2_igkefh8t,,,,,,,,,,,,,,,,,,,,,,,,,,,
Btravelen,t2_13bdx64x,,,,,,,,,,,,,,,,,,,,,,,,,,,
gnudarve,t2_14uhv,,,,,,,,,,,,,,,,,,,,,,,,,,,
WeCanDoThisCNJ,t2_cmcsk7sv,,,,,,,,,,,,,,,,,,,,,,,,,,,
DracoSolon,t2_5eq0c,,,,,,,,,,,,,,,,,,,,,,,,,,,
oldguy76205,t2_624t6o1,,,,,,,,,,,,,,,,,,,,,,,,,,,
tukekairo,t2_g8rc9,,,,,,,,,,,,,,,,,,,,,,,,,,,
aringtingting,t2_4cy65umc,,,,,,,,,,,,,,,,,,,,,,,,,,,
luckykobold,t2_3yilh,,,,,,,,,,,,,,,,,,,,,,,,,,,
Msbossyboots,t2_5etg3,,,,,,,,,,,,,,,,,,,,,,,,,,,
Btravelen,t2_13bdx64x,,,,,,,,,,,,,,,,,,,,,,,,,,,
karmaapple3,t2_3724187,,,,,,,,,,,,,,,,,,,,,,,,,,,
praguer56,t2_1l8w84ld,,,,,,,,,,,,,,,,,,,,,,,,,,,
Calm_Entrepreneur_83,t2_nj3s2k7n,,,,,,,,,,,,,,,,,,,,,,,,,,,
SawWh3t,t2_4qwzwlza,,,,,,,,,,,,,,,,,,,,,,,,,,,
thesonoftheson,t2_1ysiqh4,,,,,,,,,,,,,,,,,,,,,,,,,,,
Glittering_Kick_9589,t2_be97u7d5,,,,,,,,,,,,,,,,,,,,,,,,,,,
musicmanforlive,t2_tasf1324,,,,,,,,,,,,,,,,,,,,,,,,,,,
JMRoaming,t2_crbby,,,,,,,,,,,,,,,,,,,,,,,,,,,
No-Tangelo7363,t2_tawjsr4s,,,,,,,,,,,,,,,,,,,,,,,,,,,
Green1578,t2_tx11ug34,,,,,,,,,,,,,,,,,,,,,,,,,,,
TallahasseWaffleHous,t2_3si0e,,,,,,,,,,,,,,,,,,,,,,,,,,,
dingoselfies,t2_tdqy0,,,,,,,,,,,,,,,,,,,,,,,,,,,
Filmmagician,t2_ju091,,,,,,,,,,,,,,,,,,,,,,,,,,,
punarob,t2_3gpiw1y6,,,,,,,,,,,,,,,,,,,,,,,,,,,
raistlin65,t2_lj1sz,,,,,,,,,,,,,,,,,,,,,,,,,,,
rawchallengecone,t2_s8laneoe,,,,,,,,,,,,,,,,,,,,,,,,,,,
CarsAndSpeeds,t2_eschthpu,,,,,,,,,,,,,,,,,,,,,,,,,,,
margotsaidso,t2_2gt2ke8p,,,,,,,,,,,,,,,,,,,,,,,,,,,
calvinnme,t2_pt09m,,,,,,,,,,,,,,,,,,,,,,,,,,,
koyaaanisqatsi_,t2_r3yd8hvi,,,,,,,,,,,,,,,,,,,,,,,,,,,
Wookieebalboa,t2_176tqg,,,,,,,,,,,,,,,,,,,,,,,,,,,
AFK---,t2_lun84go9,,,,,,,,,,,,,,,,,,,,,,,,,,,
Standard_Figure8850,t2_5zgikj2k,,,,,,,,,,,,,,,,,,,,,,,,,,,
Moogly2021,t2_9140q0un,,,,,,,,,,,,,,,,,,,,,,,,,,,
superduperm1,t2_91wa3,,,,,,,,,,,,,,,,,,,,,,,,,,,
JordanEffinLee,t2_pdqfu8c4,,,,,,,,,,,,,,,,,,,,,,,,,,,
AutoModerator,t2_6l4z3,,,,,,,,,,,,,,,,,,,,,,,,,,,
Koko22Loco,t2_qxmwkzww,,,,,,,,,,,,,,,,,,,,,,,,,,,
woodenbiplane,t2_4ukp3,,,,,,,,,,,,,,,,,,,,,,,,,,,
margotsaidso,t2_2gt2ke8p,,,,,,,,,,,,,,,,,,,,,,,,,,,
skarface6,t2_3upit,,,,,,,,,,,,,,,,,,,,,,,,,,,
Journeymaker,t2_40z8q68f,,,,,,,,,,,,,,,,,,,,,,,,,,,
SameCookiePseudonym,t2_xway0,,,,,,,,,,,,,,,,,,,,,,,,,,,
yallvnt,t2_2q7tpgns,,,,,,,,,,,,,,,,,,,,,,,,,,,
CarsonOrSanders,t2_rvrfc,,,,,,,,,,,,,,,,,,,,,,,,,,,
cerealsimple,t2_ifa569ms,,,,,,,,,,,,,,,,,,,,,,,,,,,
AutoModerator,t2_6l4z3,,,,,,,,,,,,,,,,,,,,,,,,,,,
Condhor,t2_5drqp,,,,,,,,,,,,,,,,,,,,,,,,,,,
iblameautocorrect,t2_nimy0mz7,,,,,,,,,,,,,,,,,,,,,,,,,,,
BruceCampbell123,t2_35o89,,,,,,,,,,,,,,,,,,,,,,,,,,,
crystalized17,t2_wjkep,,,,,,,,,,,,,,,,,,,,,,,,,,,
16bitrifle,t2_8usmyfhu,,,,,,,,,,,,,,,,,,,,,,,,,,,
cheese_weasel22,t2_lbf69u9r,,,,,,,,,,,,,,,,,,,,,,,,,,,
CSGOW1ld,t2_112snb,,,,,,,,,,,,,,,,,,,,,,,,,,,
phuk-nugget,t2_1z48czwj,,,,,,,,,,,,,,,,,,,,,,,,,,,
GunterBoden,t2_odgoy8oa,,,,,,,,,,,,,,,,,,,,,,,,,,,
tnakahara,t2_261bgs9k,,,,,,,,,,,,,,,,,,,,,,,,,,,
Impressive_Jaguar_70,t2_6wu0xw9b,,,,,,,,,,,,,,,,,,,,,,,,,,,
churchin222999111,t2_4wkiu8w6,,,,,,,,,,,,,,,,,,,,,,,,,,,
Rust1n_Cohle,t2_um3nl7l4,,,,,,,,,,,,,,,,,,,,,,,,,,,
Martbell,t2_160opj,,,,,,,,,,,,,,,,,,,,,,,,,,,
reallythinkso,t2_37k23689,,,,,,,,,,,,,,,,,,,,,,,,,,,
JethroFire,t2_n6qgs,,,,,,,,,,,,,,,,,,,,,,,,,,,
not_a_sex_worker,t2_pvou30ap,,,,,,,,,,,,,,,,,,,,,,,,,,,
shady_emoji,t2_3uy8ooiu,,,,,,,,,,,,,,,,,,,,,,,,,,,
EliteFactor,t2_138htg,,,,,,,,,,,,,,,,,,,,,,,,,,,
4blockhead,t2_53xqk,,,,,,,,,,,,,,,,,,,,,,,,,,,
freddiethebaer,t2_sth2z,,,,,,,,,,,,,,,,,,,,,,,,,,,
4blockhead,t2_53xqk,,,,,,,,,,,,,,,,,,,,,,,,,,,
4blockhead,t2_53xqk,,,,,,,,,,,,,,,,,,,,,,,,,,,
freddiethebaer,t2_sth2z,,,,,,,,,,,,,,,,,,,,,,,,,,,
freddiethebaer,t2_sth2z,,,,,,,,,,,,,,,,,,,,,,,,,,,
freddiethebaer,t2_sth2z,,,,,,,,,,,,,,,,,,,,,,,,,,,
freddiethebaer,t2_sth2z,,,,,,,,,,,,,,,,,,,,,,,,,,,
freddiethebaer,t2_sth2z,,,,,,,,,,,,,,,,,,,,,,,,,,,
Georgiachemscientist,t2_25r07b83,,,,,,,,,,,,,,,,,,,,,,,,,,,
AutoModerator,t2_6l4z3,,,,,,,,,,,,,,,,,,,,,,,,,,,
Disney2440,t2_67ej7o7i,,,,,,,,,,,,,,,,,,,,,,,,,,,
comma_in_a_coma,t2_933e0ajy,,,,,,,,,,,,,,,,,,,,,,,,,,,
MC_Fap_Commander,t2_8xcwn,,,,,,,,,,,,,,,,,,,,,,,,,,,
Theechoofme,t2_q4srdteg,,,,,,,,,,,,,,,,,,,,,,,,,,,
National-Spinach8056,t2_c3z4em2j1,,,,,,,,,,,,,,,,,,,,,,,,,,,
bpeden99,t2_12w7nuge,,,,,,,,,,,,,,,,,,,,,,,,,,,
344567653379643555,t2_3xvbeaz0,,,,,,,,,,,,,,,,,,,,,,,,,,,
thesirensoftitans,t2_8elzvtrnv,,,,,,,,,,,,,,,,,,,,,,,,,,,
richardj195,t2_144s2s,,,,,,,,,,,,,,,,,,,,,,,,,,,
AutoModerator,t2_6l4z3,,,,,,,,,,,,,,,,,,,,,,,,,,,
TLKimball,t2_1oyli8zx,,,,,,,,,,,,,,,,,,,,,,,,,,,
pottman,t2_79g38,,,,,,,,,,,,,,,,,,,,,,,,,,,
MrLurid,t2_7iyv2,,,,,,,,,,,,,,,,,,,,,,,,,,,
InterPunct,t2_34rq0,,,,,,,,,,,,,,,,,,,,,,,,,,,
BitchfaceMalone-III,t2_b0fdx79b,,,,,,,,,,,,,,,,,,,,,,,,,,,
spooky_ed,t2_7aj7jshl,,,,,,,,,,,,,,,,,,,,,,,,,,,
HugeCartographer5,t2_2df5mjev,,,,,,,,,,,,,,,,,,,,,,,,,,,
Infidel8,t2_ipqi1,,,,,,,,,,,,,,,,,,,,,,,,,,,
paulfromatlanta,t2_3ohxv,,,,,,,,,,,,,,,,,,,,,,,,,,,
AutoModerator,t2_6l4z3,,,,,,,,,,,,,,,,,,,,,,,,,,,
NinJesterV,t2_8fzx0jm3,,,,,,,,,,,,,,,,,,,,,,,,,,,
4levelclover,t2_vlaay7h6,,,,,,,,,,,,,,,,,,,,,,,,,,,
Squirrel_Chucks,t2_f1ada1x6,,,,,,,,,,,,,,,,,,,,,,,,,,,
champdo,t2_11cevy,,,,,,,,,,,,,,,,,,,,,,,,,,,
thepartypantser,t2_bocsf,,,,,,,,,,,,,,,,,,,,,,,,,,,
Neither-Idea-9286,t2_e7n28cq0,,,,,,,,,,,,,,,,,,,,,,,,,,,
52163296857,t2_a8qebebds,,,,,,,,,,,,,,,,,,,,,,,,,,,
canon12,t2_gf7yw,,,,,,,,,,,,,,,,,,,,,,,,,,,
GeebusNZ,t2_849ko,,,,,,,,,,,,,,,,,,,,,,,,,,,
Lieutenant_L_T_Smash,t2_9ex6xqvq,,,,,,,,,,,,,,,,,,,,,,,,,,,
Ok_Neighborhood5832,t2_6ng72f4f,,,,,,,,,,,,,,,,,,,,,,,,,,,
PhoChunKookie,t2_r5jnrhlm,,,,,,,,,,,,,,,,,,,,,,,,,,,
EmoSongsNReadAlongs,t2_mm48d8k2,,,,,,,,,,,,,,,,,,,,,,,,,,,
hastewaste95,t2_ffvepm99,,,,,,,,,,,,,,,,,,,,,,,,,,,
Corpcasimir,t2_lqhi63f5,,,,,,,,,,,,,,,,,,,,,,,,,,,
RedditWater7,t2_cvr41wawf,,,,,,,,,,,,,,,,,,,,,,,,,,,
AnomalouslyPolitical,t2_64xoc9f02,,,,,,,,,,,,,,,,,,,,,,,,,,,
Fubeeo,t2_xszzd,,,,,,,,,,,,,,,,,,,,,,,,,,,
reaper527,t2_8iw9h,,,,,,,,,,,,,,,,,,,,,,,,,,,
MichaelSquare,t2_qub6odhl,,,,,,,,,,,,,,,,,,,,,,,,,,,
AutoModerator,t2_6l4z3,,,,,,,,,,,,,,,,,,,,,,,,,,,
Strange-Dress4069,t2_w8h3uwws,,,,,,,,,,,,,,,,,,,,,,,,,,,
GeoffreyArnold,t2_84jed,,,,,,,,,,,,,,,,,,,,,,,,,,,
thegreatincognitum,t2_g3nw2,,,,,,,,,,,,,,,,,,,,,,,,,,,
MilkyWay9231,t2_6duobliju,,,,,,,,,,,,,,,,,,,,,,,,,,,
AWardfiction,t2_2qrofmnk,,,,,,,,,,,,,,,,,,,,,,,,,,,
Corpcasimir,t2_lqhi63f5,,,,,,,,,,,,,,,,,,,,,,,,,,,
respek_the_tails,t2_a95nfpb8x,,,,,,,,,,,,,,,,,,,,,,,,,,,
CozyCoruption,t2_3ygs1eazu,,,,,,,,,,,,,,,,,,,,,,,,,,,
ENFJPLinguaphile,t2_6ewp4jrv,,,,,,,,,,,,,,,,,,,,,,,,,,,
blakevac,t2_cy35u0kt,,,,,,,,,,,,,,,,,,,,,,,,,,,
Das_KV,t2_21tnqejt,,,,,,,,,,,,,,,,,,,,,,,,,,,
FauciLiar,t2_snf8u8mu,,,,,,,,,,,,,,,,,,,,,,,,,,,
sjsgswfan90,t2_4w3ga65ow,,,,,,,,,,,,,,,,,,,,,,,,,,,
concieted,t2_2ztkd8a,,,,,,,,,,,,,,,,,,,,,,,,,,,
Axotalneologian,t2_aerkqpw0g,,,,,,,,,,,,,,,,,,,,,,,,,,,
CarsonOrSanders,t2_rvrfc,,,,,,,,,,,,,,,,,,,,,,,,,,,
SwiftAndSlick,t2_qlgpajd,,,,,,,,,,,,,,,,,,,,,,,,,,,
hiricinee,t2_veowt,,,,,,,,,,,,,,,,,,,,,,,,,,,
ChitlinNoodleSoup,t2_icz31cnq,,,,,,,,,,,,,,,,,,,,,,,,,,,
Btravelen,t2_13bdx64x,,,,,,,,,,,,,,,,,,,,,,,,,,,
Just_Another_Jim,t2_8m4r37sa,,,,,,,,,,,,,,,,,,,,,,,,,,,
rucb_alum,t2_jjdgf,,,,,,,,,,,,,,,,,,,,,,,,,,,
tshawkins,t2_hsl7g,,,,,,,,,,,,,,,,,,,,,,,,,,,
Tokeokarma123,t2_4kcn47c4,,,,,,,,,,,,,,,,,,,,,,,,,,,
Claque-2,t2_vl5fyxj,,,,,,,,,,,,,,,,,,,,,,,,,,,
megaplex00,t2_4m0yj237,,,,,,,,,,,,,,,,,,,,,,,,,,,
awoodby,t2_4owo1,,,,,,,,,,,,,,,,,,,,,,,,,,,
ciaran036,t2_3cux3,,,,,,,,,,,,,,,,,,,,,,,,,,,
Far-Adagio-7375,t2_lowdc43m,,,,,,,,,,,,,,,,,,,,,,,,,,,
sauveterrian,t2_xi7voay,,,,,,,,,,,,,,,,,,,,,,,,,,,
Saturngirl2021,t2_h46xgual,,,,,,,,,,,,,,,,,,,,,,,,,,,
behindmyscreen,t2_3myvyeja,,,,,,,,,,,,,,,,,,,,,,,,,,,
wabashcanonball,t2_57zro69n,,,,,,,,,,,,,,,,,,,,,,,,,,,
MrGurdjieff,t2_3ttdys78,,,,,,,,,,,,,,,,,,,,,,,,,,,
AnalSexWithYourSon,t2_76czbe15a,,,,,,,,,,,,,,,,,,,,,,,,,,,
Desperate_Wafer_8566,t2_stmqxj0v,,,,,,,,,,,,,,,,,,,,,,,,,,,
calindor,t2_6b29t,,,,,,,,,,,,,,,,,,,,,,,,,,,
Lukey_Boyo,t2_9w60dcsx,,,,,,,,,,,,,,,,,,,,,,,,,,,
Itchy-Mechanic-1479,t2_575wz0bd,,,,,,,,,,,,,,,,,,,,,,,,,,,
Btravelen,t2_13bdx64x,,,,,,,,,,,,,,,,,,,,,,,,,,,
tukekairo,t2_g8rc9,,,,,,,,,,,,,,,,,,,,,,,,,,,
oced2001,t2_3ocqb,,,,,,,,,,,,,,,,,,,,,,,,,,,
Rental_Car,t2_48jy32ol,,,,,,,,,,,,,,,,,,,,,,,,,,,
im_in_stitches,t2_4oif3,,,,,,,,,,,,,,,,,,,,,,,,,,,
andysay,t2_4bkps,,,,,,,,,,,,,,,,,,,,,,,,,,,
2007Hokie,t2_9vakt,,,,,,,,,,,,,,,,,,,,,,,,,,,
Aggressive-Will-4500,t2_8gtscn1b,,,,,,,,,,,,,,,,,,,,,,,,,,,
neibles83,t2_4cbbdel2,,,,,,,,,,,,,,,,,,,,,,,,,,,
2007Hokie,t2_9vakt,,,,,,,,,,,,,,,,,,,,,,,,,,,
justsoicansimp,t2_5ujm4mpf,,,,,,,,,,,,,,,,,,,,,,,,,,,
spaetzele,t2_5n8am,,,,,,,,,,,,,,,,,,,,,,,,,,,
Politics_Knower,t2_nqgzar18,,,,,,,,,,,,,,,,,,,,,,,,,,,
Meatpipe,t2_49sey,,,,,,,,,,,,,,,,,,,,,,,,,,,
TheExtremistModerate,t2_5gd71,,,,,,,,,,,,,,,,,,,,,,,,,,,
Tom_Pendragon,t2_dtkvdqte4,,,,,,,,,,,,,,,,,,,,,,,,,,,
Hnetu,t2_4oo4w,,,,,,,,,,,,,,,,,,,,,,,,,,,
98n42qxdj9,t2_8mdy72b6p,,,,,,,,,,,,,,,,,,,,,,,,,,,
Politics_Knower,t2_nqgzar18,,,,,,,,,,,,,,,,,,,,,,,,,,,
hexcodehero,t2_v57s6qhn,,,,,,,,,,,,,,,,,,,,,,,,,,,
Politics_Knower,t2_nqgzar18,,,,,,,,,,,,,,,,,,,,,,,,,,,
AutoModerator,t2_6l4z3,,,,,,,,,,,,,,,,,,,,,,,,,,,
New_Scientist_8622,t2_s4d78qhw,,,,,,,,,,,,,,,,,,,,,,,,,,,
spoobles,t2_e026r,,,,,,,,,,,,,,,,,,,,,,,,,,,
SBRH33,t2_tbdpj,,,,,,,,,,,,,,,,,,,,,,,,,,,
CBSnews,t2_tg1ieqhk,,,,,,,,,,,,,,,,,,,,,,,,,,,
KapahuluBiz,t2_enz271r,,,,,,,,,,,,,,,,,,,,,,,,,,,
Randomly_Cromulent,t2_6ygnb6rj,,,,,,,,,,,,,,,,,,,,,,,,,,,
MaxZorin1985,t2_6x1rtyeo,,,,,,,,,,,,,,,,,,,,,,,,,,,
KokopelliOnABike,t2_pqtt7,,,,,,,,,,,,,,,,,,,,,,,,,,,
internetbrowser23,t2_v9oykdwl,,,,,,,,,,,,,,,,,,,,,,,,,,,
-Clayburn,t2_eoob5,,,,,,,,,,,,,,,,,,,,,,,,,,,
Giant_Eagle_Airlines,t2_9f5so15xr,,,,,,,,,,,,,,,,,,,,,,,,,,,
jtdusk,t2_mx2zo,,,,,,,,,,,,,,,,,,,,,,,,,,,
TintedApostle,t2_ilyietxl,,,,,,,,,,,,,,,,,,,,,,,,,,,
Harbinger955,t2_1247ey,,,,,,,,,,,,,,,,,,,,,,,,,,,
fowlraul,t2_d3hi5,,,,,,,,,,,,,,,,,,,,,,,,,,,
Slimy_Alias,t2_5qbayp4bx,,,,,,,,,,,,,,,,,,,,,,,,,,,
superiorplaps,t2_ncdaf1t2,,,,,,,,,,,,,,,,,,,,,,,,,,,
CalQuentin,t2_vfqn49ge,,,,,,,,,,,,,,,,,,,,,,,,,,,
hillybeat,t2_pvx7warc,,,,,,,,,,,,,,,,,,,,,,,,,,,
doublecutter,t2_12hwti,,,,,,,,,,,,,,,,,,,,,,,,,,,
hoodlumonprowl,t2_e1jbz,,,,,,,,,,,,,,,,,,,,,,,,,,,
Repulsive_Emu_7495,t2_4di8novt,,,,,,,,,,,,,,,,,,,,,,,,,,,
iggygrey,t2_8i2pd,,,,,,,,,,,,,,,,,,,,,,,,,,,
Admirable-Bike560,t2_lle6a3yg,,,,,,,,,,,,,,,,,,,,,,,,,,,
AutoModerator,t2_6l4z3,,,,,,,,,,,,,,,,,,,,,,,,,,,
smurfsundermybed,t2_14e9c2,,,,,,,,,,,,,,,,,,,,,,,,,,,
simoncowbell,t2_7l4zq,,,,,,,,,,,,,,,,,,,,,,,,,,,
OppositeDifference,t2_u2ufh9x,,,,,,,,,,,,,,,,,,,,,,,,,,,
Searchlights,t2_4xrc6,,,,,,,,,,,,,,,,,,,,,,,,,,,
crabussy,t2_mlvu8buq,,,,,,,,,,,,,,,,,,,,,,,,,,,
onboquo,t2_rdnb27j9,,,,,,,,,,,,,,,,,,,,,,,,,,,
sugarlessdeathbear,t2_n6mp9,,,,,,,,,,,,,,,,,,,,,,,,,,,
Morepastor,t2_sk4kqgj3,,,,,,,,,,,,,,,,,,,,,,,,,,,
ZogNowak,t2_ppwoobv,,,,,,,,,,,,,,,,,,,,,,,,,,,
AuthorTomFrost,t2_la5mn,,,,,,,,,,,,,,,,,,,,,,,,,,,
Franklin_le_Tanklin,t2_cad8n4ov,,,,,,,,,,,,,,,,,,,,,,,,,,,
JUSTICE_SALTIE,t2_2j286ui5,,,,,,,,,,,,,,,,,,,,,,,,,,,
Ballistic-Bob,t2_k58stgv3,,,,,,,,,,,,,,,,,,,,,,,,,,,
slight_success,t2_49062he8,,,,,,,,,,,,,,,,,,,,,,,,,,,
Vollmannrama,t2_1ms9e9g,,,,,,,,,,,,,,,,,,,,,,,,,,,
lastburn138,t2_8yhhuhiy5,,,,,,,,,,,,,,,,,,,,,,,,,,,
CMGChamp4,t2_bhrewkuog,,,,,,,,,,,,,,,,,,,,,,,,,,,
severedbrain,t2_3awxh,,,,,,,,,,,,,,,,,,,,,,,,,,,
DemiMini,t2_tbtjoaq3,,,,,,,,,,,,,,,,,,,,,,,,,,,
MrCarey,t2_8p58t,,,,,,,,,,,,,,,,,,,,,,,,,,,
PDXalreadtused,t2_s5hevca9,,,,,,,,,,,,,,,,,,,,,,,,,,,
TheBeTalls,t2_gh588nxb,,,,,,,,,,,,,,,,,,,,,,,,,,,
NeverStopLifting,t2_s00qvbni,,,,,,,,,,,,,,,,,,,,,,,,,,,
F0MA,t2_d3r6c,,,,,,,,,,,,,,,,,,,,,,,,,,,
AutoModerator,t2_6l4z3,,,,,,,,,,,,,,,,,,,,,,,,,,,
bison1969,t2_n5mq33f,,,,,,,,,,,,,,,,,,,,,,,,,,,
jackleggjr,t2_14ds4m3c,,,,,,,,,,,,,,,,,,,,,,,,,,,
CBJFAN10,t2_n6mma,,,,,,,,,,,,,,,,,,,,,,,,,,,
itsmejustolder,t2_2933qh9f,,,,,,,,,,,,,,,,,,,,,,,,,,,
Darth_Vrandon,t2_8r5py8y00,,,,,,,,,,,,,,,,,,,,,,,,,,,
ObjectiveDark40,t2_lfy0nrkz,,,,,,,,,,,,,,,,,,,,,,,,,,,
TheEmptyOrchestra,t2_aaq6k,,,,,,,,,,,,,,,,,,,,,,,,,,,
OpenImagination9,t2_615lj6xk,,,,,,,,,,,,,,,,,,,,,,,,,,,
droidguy27,t2_jidod,,,,,,,,,,,,,,,,,,,,,,,,,,,
JohnnyGFX,t2_mfayz,,,,,,,,,,,,,,,,,,,,,,,,,,,
monsignorbabaganoush,t2_2ud2z9k1,,,,,,,,,,,,,,,,,,,,,,,,,,,
imrickjamesbioch,t2_775uoyty,,,,,,,,,,,,,,,,,,,,,,,,,,,
bauN7,t2_w5xwhcqo,,,,,,,,,,,,,,,,,,,,,,,,,,,
Fox_m,t2_rivul,,,,,,,,,,,,,,,,,,,,,,,,,,,
ComprehensivePiano81,t2_8bw17wyx,,,,,,,,,,,,,,,,,,,,,,,,,,,
Marvination23,t2_53givcm7,,,,,,,,,,,,,,,,,,,,,,,,,,,
JoeDirtsMullet00,t2_k7l72f0,,,,,,,,,,,,,,,,,,,,,,,,,,,
casanovish,t2_33im5,,,,,,,,,,,,,,,,,,,,,,,,,,,
Navyguy73,t2_10r2xt,,,,,,,,,,,,,,,,,,,,,,,,,,,
internetbrowser23,t2_v9oykdwl,,,,,,,,,,,,,,,,,,,,,,,,,,,
gleafer,t2_r5g62vq,,,,,,,,,,,,,,,,,,,,,,,,,,,
Icy_Cry2778,t2_7a1ase2t,,,,,,,,,,,,,,,,,,,,,,,,,,,
comma_in_a_coma,t2_933e0ajy,,,,,,,,,,,,,,,,,,,,,,,,,,,
RonSwansonSilver,t2_upras36j,,,,,,,,,,,,,,,,,,,,,,,,,,,
AutoModerator,t2_6l4z3,,,,,,,,,,,,,,,,,,,,,,,,,,,
Picture-unrelated,t2_e5bpbqtx,,,,,,,,,,,,,,,,,,,,,,,,,,,
notleave_eu,t2_3yy823la,,,,,,,,,,,,,,,,,,,,,,,,,,,
blackcain,t2_4c985,,,,,,,,,,,,,,,,,,,,,,,,,,,
ObligatoryOption,t2_hw79eml3,,,,,,,,,,,,,,,,,,,,,,,,,,,
coffeepot_chicken,t2_vkgr2yra,,,,,,,,,,,,,,,,,,,,,,,,,,,
Excellent_Fig3662,t2_mfvxyt9f,,,,,,,,,,,,,,,,,,,,,,,,,,,
Jaybetav2,t2_vs38lv3,,,,,,,,,,,,,,,,,,,,,,,,,,,
2_Sheds_Jackson,t2_nlwmo,,,,,,,,,,,,,,,,,,,,,,,,,,,
lorilightning79,t2_a140pb4s,,,,,,,,,,,,,,,,,,,,,,,,,,,
stunticon86,t2_782szq2l,,,,,,,,,,,,,,,,,,,,,,,,,,,
InternetPeon,t2_roi9a,,,,,,,,,,,,,,,,,,,,,,,,,,,
Selloutkat1,t2_584uxh7l,,,,,,,,,,,,,,,,,,,,,,,,,,,
bluebastille,t2_q0goazy5,,,,,,,,,,,,,,,,,,,,,,,,,,,
Murderyoga,t2_5prnggez,,,,,,,,,,,,,,,,,,,,,,,,,,,
spaniel_rage,t2_itbx9,,,,,,,,,,,,,,,,,,,,,,,,,,,
Kiyasu,t2_6li6i,,,,,,,,,,,,,,,,,,,,,,,,,,,
jeffinRTP,t2_8qqgl,,,,,,,,,,,,,,,,,,,,,,,,,,,
KyloRenCadetStimpy,t2_19lo1niz,,,,,,,,,,,,,,,,,,,,,,,,,,,
snoopingforpooping,t2_bbqmc1fn,,,,,,,,,,,,,,,,,,,,,,,,,,,
PleasantWay7,t2_4qzov0ht,,,,,,,,,,,,,,,,,,,,,,,,,,,
MidnightMoon1331,t2_r559z,,,,,,,,,,,,,,,,,,,,,,,,,,,
jjjijjji,t2_7lacew7k0,,,,,,,,,,,,,,,,,,,,,,,,,,,
Molire,t2_174cr0,,,,,,,,,,,,,,,,,,,,,,,,,,,
PTechNM,t2_6474gkq6,,,,,,,,,,,,,,,,,,,,,,,,,,,
Lieutenant_L_T_Smash,t2_9ex6xqvq,,,,,,,,,,,,,,,,,,,,,,,,,,,
Ok_Neighborhood5832,t2_6ng72f4f,,,,,,,,,,,,,,,,,,,,,,,,,,,
PhoChunKookie,t2_r5jnrhlm,,,,,,,,,,,,,,,,,,,,,,,,,,,
EmoSongsNReadAlongs,t2_mm48d8k2,,,,,,,,,,,,,,,,,,,,,,,,,,,
RedditWater7,t2_cvr41wawf,,,,,,,,,,,,,,,,,,,,,,,,,,,
hastewaste95,t2_ffvepm99,,,,,,,,,,,,,,,,,,,,,,,,,,,
Fubeeo,t2_xszzd,,,,,,,,,,,,,,,,,,,,,,,,,,,
AnomalouslyPolitical,t2_64xoc9f02,,,,,,,,,,,,,,,,,,,,,,,,,,,
Corpcasimir,t2_lqhi63f5,,,,,,,,,,,,,,,,,,,,,,,,,,,
anthro28,t2_2y35ggd6,,,,,,,,,,,,,,,,,,,,,,,,,,,
reaper527,t2_8iw9h,,,,,,,,,,,,,,,,,,,,,,,,,,,
the_chosen_one96,t2_11t61y,,,,,,,,,,,,,,,,,,,,,,,,,,,
ccg5058,t2_4kvep7by,,,,,,,,,,,,,,,,,,,,,,,,,,,
Enjoys_Equally,t2_tw2cu18d,,,,,,,,,,,,,,,,,,,,,,,,,,,
irony_oblivious,t2_hkfk7n4t,,,,,,,,,,,,,,,,,,,,,,,,,,,
_Diggus_Bickus_,t2_bth90ot1,,,,,,,,,,,,,,,,,,,,,,,,,,,
winkydinkvw,t2_4j8dczqg,,,,,,,,,,,,,,,,,,,,,,,,,,,
PeppercornDingDong,t2_3xpxgnz5,,,,,,,,,,,,,,,,,,,,,,,,,,,
_R_A_,t2_kxo6z,,,,,,,,,,,,,,,,,,,,,,,,,,,
FloppyDonkeyDongss,t2_8a7jpv12l,,,,,,,,,,,,,,,,,,,,,,,,,,,
Obamasamerica420,t2_1kiroxl2,,,,,,,,,,,,,,,,,,,,,,,,,,,
nukalurk,t2_60l29,,,,,,,,,,,,,,,,,,,,,,,,,,,
zipzoopu,t2_5egm7x25m,,,,,,,,,,,,,,,,,,,,,,,,,,,
Riggs909,t2_3zgks,,,,,,,,,,,,,,,,,,,,,,,,,,,
dtfudge,t2_dc4549734,,,,,,,,,,,,,,,,,,,,,,,,,,,
Illustrious-Leg-5017,t2_c8dl2p4s,,,,,,,,,,,,,,,,,,,,,,,,,,,
Bedwetting-Jussies,t2_3dfrl1ro,,,,,,,,,,,,,,,,,,,,,,,,,,,
TheFriarWagons,t2_9mtjy0zzf,,,,,,,,,,,,,,,,,,,,,,,,,,,
Rust1n_Cohle,t2_um3nl7l4,,,,,,,,,,,,,,,,,,,,,,,,,,,
elsydeon666,t2_ndc1j,,,,,,,,,,,,,,,,,,,,,,,,,,,
Efficient-Albatross9,t2_9u2ebsi9,,,,,,,,,,,,,,,,,,,,,,,,,,,
thekeithhose,t2_dtj997x3,,,,,,,,,,,,,,,,,,,,,,,,,,,
Expected_Guests,t2_uywghyii,,,,,,,,,,,,,,,,,,,,,,,,,,,
kgr911,t2_riji0ipx,,,,,,,,,,,,,,,,,,,,,,,,,,,
Legal_Flamingo_8637,t2_ebqowmvu,,,,,,,,,,,,,,,,,,,,,,,,,,,
Raider-bob,t2_ov7i0ok4,,,,,,,,,,,,,,,,,,,,,,,,,,,
NotMSUPD,t2_2v4sncb0,,,,,,,,,,,,,,,,,,,,,,,,,,,
Eketek,t2_ft8um,,,,,,,,,,,,,,,,,,,,,,,,,,,
brilliant_object5730,t2_ddojsni8x,,,,,,,,,,,,,,,,,,,,,,,,,,,
magicdrums,t2_k5jr0gml,,,,,,,,,,,,,,,,,,,,,,,,,,,
Practical_Put_3892,t2_tmm3htrp,,,,,,,,,,,,,,,,,,,,,,,,,,,
DemCastAdmin,t2_vxohfv4d,,,,,,,,,,,,,,,,,,,,,,,,,,,
KnightRider1983,t2_fdo19k6,,,,,,,,,,,,,,,,,,,,,,,,,,,
Parabellum8g,t2_eqewj,,,,,,,,,,,,,,,,,,,,,,,,,,,
Libtard69696969,t2_f51p5ox7,,,,,,,,,,,,,,,,,,,,,,,,,,,
Independent_Onion542,t2_t6g2mi5a,,,,,,,,,,,,,,,,,,,,,,,,,,,
CantHackItPackIT,t2_vy9wj9us,,,,,,,,,,,,,,,,,,,,,,,,,,,
BiggerOtter,t2_4n6midj6,,,,,,,,,,,,,,,,,,,,,,,,,,,
Eagle_1776,t2_5m4xx8ml,,,,,,,,,,,,,,,,,,,,,,,,,,,
jimmyspank12345,t2_voukg27l,,,,,,,,,,,,,,,,,,,,,,,,,,,
DC4MVP,t2_cvzwi,,,,,,,,,,,,,,,,,,,,,,,,,,,
johnnyg883,t2_934xj4ol,,,,,,,,,,,,,,,,,,,,,,,,,,,
Red-Dog-52,t2_9fys1gkq,,,,,,,,,,,,,,,,,,,,,,,,,,,
GreatApe88,t2_3wu54tvee,,,,,,,,,,,,,,,,,,,,,,,,,,,
warbreed8311,t2_5wmunfhk,,,,,,,,,,,,,,,,,,,,,,,,,,,
NotMSUPD,t2_2v4sncb0,,,,,,,,,,,,,,,,,,,,,,,,,,,
MerlynTrump,t2_y8oa7,,,,,,,,,,,,,,,,,,,,,,,,,,,
Dirtface40,t2_qhk1hudy,,,,,,,,,,,,,,,,,,,,,,,,,,,
RaspberryThis,t2_88sb7x7j,,,,,,,,,,,,,,,,,,,,,,,,,,,
returntothewinnerO,t2_2r3sp2rr,,,,,,,,,,,,,,,,,,,,,,,,,,,
ScoogyShoes,t2_n5bhaaky,,,,,,,,,,,,,,,,,,,,,,,,,,,
xPropagand4x,t2_a05ov7jh,,,,,,,,,,,,,,,,,,,,,,,,,,,
defdog1234,t2_dpx390xu,,,,,,,,,,,,,,,,,,,,,,,,,,,
skepticalscribe,t2_rj375rmv,,,,,,,,,,,,,,,,,,,,,,,,,,,
useablelobster2,t2_15p34b,,,,,,,,,,,,,,,,,,,,,,,,,,,
BionicBoBo,t2_aoc0jvhak,,,,,,,,,,,,,,,,,,,,,,,,,,,
iggyspear,t2_2j3io422,,,,,,,,,,,,,,,,,,,,,,,,,,,
BellyScratchFTW,t2_3m7e9i,,,,,,,,,,,,,,,,,,,,,,,,,,,
aruzinsky,t2_ax0klbe4,,,,,,,,,,,,,,,,,,,,,,,,,,,
sparkplugg19888,t2_2nyvrax3,,,,,,,,,,,,,,,,,,,,,,,,,,,
FermiAnyon,t2_5zmi7,,,,,,,,,,,,,,,,,,,,,,,,,,,
Bogdinamite,t2_20373jwx,,,,,,,,,,,,,,,,,,,,,,,,,,,
The_Fortunate_Fool,t2_6xr8e8up,,,,,,,,,,,,,,,,,,,,,,,,,,,
Accomplished_Way_323,t2_ajcphg5o,,,,,,,,,,,,,,,,,,,,,,,,,,,
Nopenagada,t2_8upfmnri,,,,,,,,,,,,,,,,,,,,,,,,,,,
SgtVader501st,t2_clceergo,,,,,,,,,,,,,,,,,,,,,,,,,,,
JuveFanatic,t2_ja5h7yim,,,,,,,,,,,,,,,,,,,,,,,,,,,
tehcoma,t2_2vzjlxkd,,,,,,,,,,,,,,,,,,,,,,,,,,,
Misohoni2,t2_5nwuwt648,,,,,,,,,,,,,,,,,,,,,,,,,,,
that-guy-blimey,t2_g4igzur0,,,,,,,,,,,,,,,,,,,,,,,,,,,
Jimmack73,t2_3vu93zyl,,,,,,,,,,,,,,,,,,,,,,,,,,,
Once-Upon-A-Hill,t2_5nsyx9vep,,,,,,,,,,,,,,,,,,,,,,,,,,,
Jack_Sandwich,t2_64vi7,,,,,,,,,,,,,,,,,,,,,,,,,,,
EmperorToilet,t2_3wgvyq32,,,,,,,,,,,,,,,,,,,,,,,,,,,
AutoModerator,t2_6l4z3,,,,,,,,,,,,,,,,,,,,,,,,,,,
jp1066,t2_ezlox4ll,,,,,,,,,,,,,,,,,,,,,,,,,,,
ChitlinNoodleSoup,t2_icz31cnq,,,,,,,,,,,,,,,,,,,,,,,,,,,
Sin1st_er,t2_rwhuzc5c,,,,,,,,,,,,,,,,,,,,,,,,,,,
JV2535,t2_52x0cab0,,,,,,,,,,,,,,,,,,,,,,,,,,,
DullPunk,t2_a2wbvs1z,,,,,,,,,,,,,,,,,,,,,,,,,,,
YoungBassGasm,t2_2iqrp9y1,,,,,,,,,,,,,,,,,,,,,,,,,,,
KC5SDY,t2_d8tcn,,,,,,,,,,,,,,,,,,,,,,,,,,,
ObadiahtheSlim,t2_hyu7s,,,,,,,,,,,,,,,,,,,,,,,,,,,
DrTartakovsky,t2_5rbfj8t3q,,,,,,,,,,,,,,,,,,,,,,,,,,,
SteamedBeave89,t2_5tyt7a80,,,,,,,,,,,,,,,,,,,,,,,,,,,
Meppy1234,t2_caeld1h,,,,,,,,,,,,,,,,,,,,,,,,,,,
stratty111,t2_4jx61,,,,,,,,,,,,,,,,,,,,,,,,,,,
TheodoreKurita,t2_8j8zyl63u,,,,,,,,,,,,,,,,,,,,,,,,,,,
delylahJones,t2_2lsdlk09,,,,,,,,,,,,,,,,,,,,,,,,,,,
RedditsLittleSecret,t2_ejwp6,,,,,,,,,,,,,,,,,,,,,,,,,,,
ButRickSaid,t2_6mgig,,,,,,,,,,,,,,,,,,,,,,,,,,,
Aggravating-Scene-70,t2_5df9bglk,,,,,,,,,,,,,,,,,,,,,,,,,,,
superarts,t2_eed8s,,,,,,,,,,,,,,,,,,,,,,,,,,,
wat_no_y,t2_jcn72fo9,,,,,,,,,,,,,,,,,,,,,,,,,,,
theallen247,t2_ytmod,,,,,,,,,,,,,,,,,,,,,,,,,,,
tuckastheruckas,t2_fnp01,,,,,,,,,,,,,,,,,,,,,,,,,,,
Once-Upon-A-Hill,t2_5nsyx9vep,,,,,,,,,,,,,,,,,,,,,,,,,,,
WillowIntrepid,t2_3cr2mqeq,,,,,,,,,,,,,,,,,,,,,,,,,,,
ImpossibleShake6,t2_6j1bq2vc,,,,,,,,,,,,,,,,,,,,,,,,,,,
clocksteadytickin,t2_3i8thcml,,,,,,,,,,,,,,,,,,,,,,,,,,,
PryingOpenMyThirdPie,t2_43w4p7km,,,,,,,,,,,,,,,,,,,,,,,,,,,
Godmirra,t2_8lyo9mds,,,,,,,,,,,,,,,,,,,,,,,,,,,
__erk,t2_vfnk8,,,,,,,,,,,,,,,,,,,,,,,,,,,
henrysmyagent,t2_9xuq7,,,,,,,,,,,,,,,,,,,,,,,,,,,
tsdguy,t2_1diah,,,,,,,,,,,,,,,,,,,,,,,,,,,
luckykobold,t2_3yilh,,,,,,,,,,,,,,,,,,,,,,,,,,,
aringtingting,t2_4cy65umc,,,,,,,,,,,,,,,,,,,,,,,,,,,
bigcalvesarein,t2_h8sgq,,,,,,,,,,,,,,,,,,,,,,,,,,,
tsdguy,t2_1diah,,,,,,,,,,,,,,,,,,,,,,,,,,,
Desperate_Wafer_8566,t2_stmqxj0v,,,,,,,,,,,,,,,,,,,,,,,,,,,
tukekairo,t2_g8rc9,,,,,,,,,,,,,,,,,,,,,,,,,,,
Ofbearsandmen,t2_9z1kt8,,,,,,,,,,,,,,,,,,,,,,,,,,,
mb5280,t2_sxwdtgx,,,,,,,,,,,,,,,,,,,,,,,,,,,
anonbene2,t2_m2f4dtrv,,,,,,,,,,,,,,,,,,,,,,,,,,,
Astacide,t2_3dxcg,,,,,,,,,,,,,,,,,,,,,,,,,,,
humbuckermudgeon,t2_njyn4,,,,,,,,,,,,,,,,,,,,,,,,,,,
Jonnykpolitics,t2_5f1y5u4ob,,,,,,,,,,,,,,,,,,,,,,,,,,,
Snoo54249,t2_75x9weyp,,,,,,,,,,,,,,,,,,,,,,,,,,,
johnlal101,t2_7nwlabkw,,,,,,,,,,,,,,,,,,,,,,,,,,,
TangentTears,t2_nvaxr,,,,,,,,,,,,,,,,,,,,,,,,,,,
ProneToDoThatThing,t2_84knxdcy,,,,,,,,,,,,,,,,,,,,,,,,,,,
Walk1000Miles,t2_1x4e6tif,,,,,,,,,,,,,,,,,,,,,,,,,,,
Spy_v_Spy_Freakshow,t2_16knqr,,,,,,,,,,,,,,,,,,,,,,,,,,,
Jonnykpolitics,t2_5f1y5u4ob,,,,,,,,,,,,,,,,,,,,,,,,,,,
AutoModerator,t2_6l4z3,,,,,,,,,,,,,,,,,,,,,,,,,,,
Bear_with_a_hammer,t2_7w743fwz,,,,,,,,,,,,,,,,,,,,,,,,,,,
tin_ear,t2_so3lx0sp,,,,,,,,,,,,,,,,,,,,,,,,,,,
AutoModerator,t2_6l4z3,,,,,,,,,,,,,,,,,,,,,,,,,,,
unnaturalfood,t2_78cyc3ij,,,,,,,,,,,,,,,,,,,,,,,,,,,
Rayzou04,t2_3ldy24mb,,,,,,,,,,,,,,,,,,,,,,,,,,,
AutoModerator,t2_6l4z3,,,,,,,,,,,,,,,,,,,,,,,,,,,
katrilli,t2_5qxtj,,,,,,,,,,,,,,,,,,,,,,,,,,,
Nadie_AZ,t2_4f6ax,,,,,,,,,,,,,,,,,,,,,,,,,,,
eltegs,t2_12ylsl,,,,,,,,,,,,,,,,,,,,,,,,,,,
kkstoimenov,t2_nxteb,,,,,,,,,,,,,,,,,,,,,,,,,,,
cocacola_drinker,t2_8li29d10,,,,,,,,,,,,,,,,,,,,,,,,,,,
Bugscuttle999,t2_2j6y6nrw,,,,,,,,,,,,,,,,,,,,,,,,,,,
TheLastEmoKid,t2_3ag9fm7d,,,,,,,,,,,,,,,,,,,,,,,,,,,
Nyxto,t2_os4u6,,,,,,,,,,,,,,,,,,,,,,,,,,,
specialPonyBoy,t2_wnj20,,,,,,,,,,,,,,,,,,,,,,,,,,,
earthlingHuman,t2_f654w,,,,,,,,,,,,,,,,,,,,,,,,,,,
intelligentplatonic,t2_3w6pj2y6,,,,,,,,,,,,,,,,,,,,,,,,,,,
WhittlingDan,t2_htvz14t4,,,,,,,,,,,,,,,,,,,,,,,,,,,
difficult420,t2_g34i50jp,,,,,,,,,,,,,,,,,,,,,,,,,,,
XperianPro,t2_eptno,,,,,,,,,,,,,,,,,,,,,,,,,,,
Mission_Rub_2508,t2_5eaoqjhx,,,,,,,,,,,,,,,,,,,,,,,,,,,
Bessantj,t2_16kt6y,,,,,,,,,,,,,,,,,,,,,,,,,,,
silly_flying_dolphin,t2_o2mjj3qo,,,,,,,,,,,,,,,,,,,,,,,,,,,
dptillinfinity93,t2_6jgqqsb7,,,,,,,,,,,,,,,,,,,,,,,,,,,
Its_Ba,t2_yrlgu,,,,,,,,,,,,,,,,,,,,,,,,,,,
AutoModerator,t2_6l4z3,,,,,,,,,,,,,,,,,,,,,,,,,,,
cocacola_drinker,t2_8li29d10,,,,,,,,,,,,,,,,,,,,,,,,,,,
AutoModerator,t2_6l4z3,,,,,,,,,,,,,,,,,,,,,,,,,,,
Western-Anxiety3952,t2_9ydc390q,,,,,,,,,,,,,,,,,,,,,,,,,,,
TacticHalo,t2_5eu3io4n,,,,,,,,,,,,,,,,,,,,,,,,,,,
PianoMike74,t2_sv5gyt4r,,,,,,,,,,,,,,,,,,,,,,,,,,,
Psycidelicos,t2_oesjdeh,,,,,,,,,,,,,,,,,,,,,,,,,,,
zootayman,t2_sxkcvoxb,,,,,,,,,,,,,,,,,,,,,,,,,,,
AutoModerator,t2_6l4z3,,,,,,,,,,,,,,,,,,,,,,,,,,,
LakotaPride,t2_1u1g5alb,,,,,,,,,,,,,,,,,,,,,,,,,,,
Gav609,t2_7wto3829,,,,,,,,,,,,,,,,,,,,,,,,,,,
the_kfcrispy,t2_17efxo,,,,,,,,,,,,,,,,,,,,,,,,,,,
WinDifficult8274,t2_d2sciyr3,,,,,,,,,,,,,,,,,,,,,,,,,,,
cottonr1,t2_a3k4ojst,,,,,,,,,,,,,,,,,,,,,,,,,,,
AutoModerator,t2_6l4z3,,,,,,,,,,,,,,,,,,,,,,,,,,,
LowerSuggestion5344,t2_42c4m0wu0,,,,,,,,,,,,,,,,,,,,,,,,,,,
LakotaPride,t2_1u1g5alb,,,,,,,,,,,,,,,,,,,,,,,,,,,
tensigh,t2_8x84e,,,,,,,,,,,,,,,,,,,,,,,,,,,
Thorean0907,t2_ad36ic7m,,,,,,,,,,,,,,,,,,,,,,,,,,,
larrykarp,t2_7oik8ju9,,,,,,,,,,,,,,,,,,,,,,,,,,,
TangerineMindless639,t2_hsdovr6y,,,,,,,,,,,,,,,,,,,,,,,,,,,
prawnhorns,t2_ihhun,,,,,,,,,,,,,,,,,,,,,,,,,,,
erox70,t2_orlb9d7,,,,,,,,,,,,,,,,,,,,,,,,,,,
AutoModerator,t2_6l4z3,,,,,,,,,,,,,,,,,,,,,,,,,,,
LakotaPride,t2_1u1g5alb,,,,,,,,,,,,,,,,,,,,,,,,,,,
danimalDE,t2_4sbxkuvy,,,,,,,,,,,,,,,,,,,,,,,,,,,
WinDifficult8274,t2_d2sciyr3,,,,,,,,,,,,,,,,,,,,,,,,,,,
AutoModerator,t2_6l4z3,,,,,,,,,,,,,,,,,,,,,,,,,,,
LakotaPride,t2_1u1g5alb,,,,,,,,,,,,,,,,,,,,,,,,,,,
WinDifficult8274,t2_d2sciyr3,,,,,,,,,,,,,,,,,,,,,,,,,,,
OppositeDifference,t2_u2ufh9x,,,,,,,,,,,,,,,,,,,,,,,,,,,
rekniht01,t2_chine,,,,,,,,,,,,,,,,,,,,,,,,,,,
JJ12622,t2_6nfskvw3,,,,,,,,,,,,,,,,,,,,,,,,,,,
newnemo,t2_jn0nv,,,,,,,,,,,,,,,,,,,,,,,,,,,
CRU_ClassyAF,t2_4t69z73r,,,,,,,,,,,,,,,,,,,,,,,,,,,
OsellusK,t2_dj1cm4cvk,,,,,,,,,,,,,,,,,,,,,,,,,,,
SaveUsFromPubDeath,t2_ab2bowl1,,,,,,,,,,,,,,,,,,,,,,,,,,,
BillOfArimathea,t2_157p0z12,,,,,,,,,,,,,,,,,,,,,,,,,,,
PokieState92,t2_ctr65idk,,,,,,,,,,,,,,,,,,,,,,,,,,,
AutoModerator,t2_6l4z3,,,,,,,,,,,,,,,,,,,,,,,,,,,
Minifig81,t2_4olb3,,,,,,,,,,,,,,,,,,,,,,,,,,,
jddoyleVT,t2_6q5s5,,,,,,,,,,,,,,,,,,,,,,,,,,,
pinetreesgreen,t2_mi348su1,,,,,,,,,,,,,,,,,,,,,,,,,,,
kracov,t2_4edtq,,,,,,,,,,,,,,,,,,,,,,,,,,,
thunderclap82,t2_l5mim,,,,,,,,,,,,,,,,,,,,,,,,,,,
darth_wasabi,t2_l3mycx93,,,,,,,,,,,,,,,,,,,,,,,,,,,
PRPLpenumbra,t2_qntqj9b5,,,,,,,,,,,,,,,,,,,,,,,,,,,
Illuminated12,t2_d73zx,,,,,,,,,,,,,,,,,,,,,,,,,,,
azacealla,t2_42904ftg,,,,,,,,,,,,,,,,,,,,,,,,,,,
bigolfishey,t2_174wcm,,,,,,,,,,,,,,,,,,,,,,,,,,,
Remote-Link8612,t2_d2dsbfh9p,,,,,,,,,,,,,,,,,,,,,,,,,,,
jjjijjji,t2_7lacew7k0,,,,,,,,,,,,,,,,,,,,,,,,,,,
KennyDROmega,t2_6nvynr0q,,,,,,,,,,,,,,,,,,,,,,,,,,,
olddeebs,t2_pnbivew9,,,,,,,,,,,,,,,,,,,,,,,,,,,
LuminousTights,t2_57buvlrs,,,,,,,,,,,,,,,,,,,,,,,,,,,
gearstars,t2_615jy,,,,,,,,,,,,,,,,,,,,,,,,,,,
baintaintit,t2_abdx1l1c,,,,,,,,,,,,,,,,,,,,,,,,,,,
p001b0y,t2_1bhbce6e,,,,,,,,,,,,,,,,,,,,,,,,,,,
Traditional_Key_763,t2_odky7zqe,,,,,,,,,,,,,,,,,,,,,,,,,,,
gonzar09,t2_14egesg7,,,,,,,,,,,,,,,,,,,,,,,,,,,
prodigalpariah,t2_j6yg3,,,,,,,,,,,,,,,,,,,,,,,,,,,
DJGlennW,t2_yvy7weh,,,,,,,,,,,,,,,,,,,,,,,,,,,
October_Numbers,t2_2fvmjl6x,,,,,,,,,,,,,,,,,,,,,,,,,,,
rifraf2442,t2_11x2a6,,,,,,,,,,,,,,,,,,,,,,,,,,,
jrsinhbca,t2_299ay0or,,,,,,,,,,,,,,,,,,,,,,,,,,,
Beforemath,t2_pyrof,,,,,,,,,,,,,,,,,,,,,,,,,,,
xvandamagex,t2_fun6d,,,,,,,,,,,,,,,,,,,,,,,,,,,
misdirected_asshole,t2_nypdv,,,,,,,,,,,,,,,,,,,,,,,,,,,
CantReadGood_,t2_9vp7ukvp,,,,,,,,,,,,,,,,,,,,,,,,,,,
cardinannigans,t2_10enw0ud,,,,,,,,,,,,,,,,,,,,,,,,,,,
philkensebbenhaha,t2_6df20fzh,,,,,,,,,,,,,,,,,,,,,,,,,,,
Marvin_Frommars,t2_bphq2kbv,,,,,,,,,,,,,,,,,,,,,,,,,,,
mces97,t2_3731c,,,,,,,,,,,,,,,,,,,,,,,,,,,
theforceisfemale,t2_41u5ojgl,,,,,,,,,,,,,,,,,,,,,,,,,,,
dwors025,t2_eepue,,,,,,,,,,,,,,,,,,,,,,,,,,,
quietset2020,t2_641piffy,,,,,,,,,,,,,,,,,,,,,,,,,,,
123_readygo,t2_5rt2l,,,,,,,,,,,,,,,,,,,,,,,,,,,
DenverNugs,t2_c16xt,,,,,,,,,,,,,,,,,,,,,,,,,,,
Anal_Hatchery,t2_w8vnnmr3,,,,,,,,,,,,,,,,,,,,,,,,,,,
Brilliant-Engineer57,t2_8lmjpq24,,,,,,,,,,,,,,,,,,,,,,,,,,,
Wine_Women_Song,t2_jm9d3pbh,,,,,,,,,,,,,,,,,,,,,,,,,,,
red23011,t2_s09y3,,,,,,,,,,,,,,,,,,,,,,,,,,,
south3y,t2_8pml2fpdt,,,,,,,,,,,,,,,,,,,,,,,,,,,
Soggy_Phone_8387,t2_8zzqjqkc,,,,,,,,,,,,,,,,,,,,,,,,,,,
ZumaThaShiba,t2_4do5jsrq,,,,,,,,,,,,,,,,,,,,,,,,,,,
JubalHarshaw23,t2_ve0re4yr,,,,,,,,,,,,,,,,,,,,,,,,,,,
spacegiantsrock,t2_1yhubxuy,,,,,,,,,,,,,,,,,,,,,,,,,,,
warpedashell,t2_4y37jqd0,,,,,,,,,,,,,,,,,,,,,,,,,,,
jumbee85,t2_16zvf0,,,,,,,,,,,,,,,,,,,,,,,,,,,
AutoModerator,t2_6l4z3,,,,,,,,,,,,,,,,,,,,,,,,,,,
OppositeDifference,t2_u2ufh9x,,,,,,,,,,,,,,,,,,,,,,,,,,,
GhettoChemist,t2_pl6f7cp,,,,,,,,,,,,,,,,,,,,,,,,,,,
Helfix,t2_7j4ja,,,,,,,,,,,,,,,,,,,,,,,,,,,
spacegiantsrock,t2_1yhubxuy,,,,,,,,,,,,,,,,,,,,,,,,,,,
HallucinogenicFish,t2_5l9ejfpq,,,,,,,,,,,,,,,,,,,,,,,,,,,
mountaintop111,t2_hsdekbu,,,,,,,,,,,,,,,,,,,,,,,,,,,
No-Programmer-7253,t2_ay89j6t71,,,,,,,,,,,,,,,,,,,,,,,,,,,
Injest_alkahest,t2_10m2rv,,,,,,,,,,,,,,,,,,,,,,,,,,,
MidwesternWitch,t2_4tnhzzft,,,,,,,,,,,,,,,,,,,,,,,,,,,
Eric_in_America,t2_l24gn9uw,,,,,,,,,,,,,,,,,,,,,,,,,,,
babysinblackandImblu,t2_e5fianxx,,,,,,,,,,,,,,,,,,,,,,,,,,,
who519,t2_9b9ii,,,,,,,,,,,,,,,,,,,,,,,,,,,
ekb2023,t2_cdoo7y9m7,,,,,,,,,,,,,,,,,,,,,,,,,,,
tommfury,t2_g6u85,,,,,,,,,,,,,,,,,,,,,,,,,,,
discussatron,t2_cl1qfvmtt,,,,,,,,,,,,,,,,,,,,,,,,,,,
joelthefoolish,t2_7c9cbwbh,,,,,,,,,,,,,,,,,,,,,,,,,,,
def_indiff,t2_5z1h74j9,,,,,,,,,,,,,,,,,,,,,,,,,,,
Pleasant-Article8131,t2_7glnjl40,,,,,,,,,,,,,,,,,,,,,,,,,,,
Skip12,t2_2or8gz,,,,,,,,,,,,,,,,,,,,,,,,,,,
Renorico,t2_19dy85t6,,,,,,,,,,,,,,,,,,,,,,,,,,,
MynameisJunie,t2_3y0d7dt8,,,,,,,,,,,,,,,,,,,,,,,,,,,
CountrySax,t2_14h7ep,,,,,,,,,,,,,,,,,,,,,,,,,,,
schrod,t2_38a8a,,,,,,,,,,,,,,,,,,,,,,,,,,,
DBCOOPER888,t2_15koms,,,,,,,,,,,,,,,,,,,,,,,,,,,
writingt,t2_f5msayw,,,,,,,,,,,,,,,,,,,,,,,,,,,
tek_ad,t2_2kk0n8yl,,,,,,,,,,,,,,,,,,,,,,,,,,,
Roanoke1585,t2_477cka1j,,,,,,,,,,,,,,,,,,,,,,,,,,,
FreeWestworld,t2_12hoeg,,,,,,,,,,,,,,,,,,,,,,,,,,,
Wrecksomething,t2_bw6dn,,,,,,,,,,,,,,,,,,,,,,,,,,,
housemeat,t2_8hoi9,,,,,,,,,,,,,,,,,,,,,,,,,,,
OnTheFenceGuy,t2_m0jyjdz,,,,,,,,,,,,,,,,,,,,,,,,,,,
wired1984,t2_184b0xm6,,,,,,,,,,,,,,,,,,,,,,,,,,,
manhatim,t2_cxbna6k,,,,,,,,,,,,,,,,,,,,,,,,,,,
Betterthanbeer,t2_hxk5y,,,,,,,,,,,,,,,,,,,,,,,,,,,
nuckle,t2_4hun6,,,,,,,,,,,,,,,,,,,,,,,,,,,
trent58,t2_h759w,,,,,,,,,,,,,,,,,,,,,,,,,,,
JoeDirtsMullet00,t2_k7l72f0,,,,,,,,,,,,,,,,,,,,,,,,,,,
Circumin,t2_qpzbs,,,,,,,,,,,,,,,,,,,,,,,,,,,
brianishere2,t2_8iw44ins,,,,,,,,,,,,,,,,,,,,,,,,,,,
ReasonAndWanderlust,t2_ymusjd1,,,,,,,,,,,,,,,,,,,,,,,,,,,
Fragmentia,t2_12dsh2mz,,,,,,,,,,,,,,,,,,,,,,,,,,,
Sniffy4,t2_kl1g4,,,,,,,,,,,,,,,,,,,,,,,,,,,
Impossible-Pie4598,t2_55ungni4,,,,,,,,,,,,,,,,,,,,,,,,,,,
mzialendrea,t2_1cr18x05,,,,,,,,,,,,,,,,,,,,,,,,,,,
MarkHathaway1,t2_3jwxkz0w,,,,,,,,,,,,,,,,,,,,,,,,,,,
knuckboy,t2_31rwv,,,,,,,,,,,,,,,,,,,,,,,,,,,
Ice_BergSlim,t2_3y1euq2e,,,,,,,,,,,,,,,,,,,,,,,,,,,
Riversmooth,t2_9qcd1ob,,,,,,,,,,,,,,,,,,,,,,,,,,,
clockwork655,t2_2ikywz23,,,,,,,,,,,,,,,,,,,,,,,,,,,
AutoModerator,t2_6l4z3,,,,,,,,,,,,,,,,,,,,,,,,,,,
FlutterbyButterflyMS,t2_janw1acd,,,,,,,,,,,,,,,,,,,,,,,,,,,
Naiehybfisn374,t2_5z9wcle8,,,,,,,,,,,,,,,,,,,,,,,,,,,
lordlaneus,t2_6wgcr,,,,,,,,,,,,,,,,,,,,,,,,,,,
ngianfran1202,t2_n0fst,,,,,,,,,,,,,,,,,,,,,,,,,,,
guarthots,t2_6zcbd,,,,,,,,,,,,,,,,,,,,,,,,,,,
PapaBeahr,t2_8xy2hhck,,,,,,,,,,,,,,,,,,,,,,,,,,,
Gaeneous,t2_18k2kz81,,,,,,,,,,,,,,,,,,,,,,,,,,,
bandix01,t2_3gpj84b3,,,,,,,,,,,,,,,,,,,,,,,,,,,
WhileFalseRepeat,t2_hrdcy,,,,,,,,,,,,,,,,,,,,,,,,,,,
StainerIncognito,t2_aao672dk,,,,,,,,,,,,,,,,,,,,,,,,,,,
bob_scratchit,t2_cbdqebom,,,,,,,,,,,,,,,,,,,,,,,,,,,
BauerHouse,t2_i3ldp,,,,,,,,,,,,,,,,,,,,,,,,,,,
joeleidner22,t2_sm7bxufy,,,,,,,,,,,,,,,,,,,,,,,,,,,
Sweetwater156,t2_bfqjp,,,,,,,,,,,,,,,,,,,,,,,,,,,
ebone23,t2_9okho,,,,,,,,,,,,,,,,,,,,,,,,,,,
Epistatious,t2_8714h8c0,,,,,,,,,,,,,,,,,,,,,,,,,,,
dmtandcrumpets,t2_9ibeu3oo,,,,,,,,,,,,,,,,,,,,,,,,,,,
Soggy_Midnight980,t2_gkmwi3xu,,,,,,,,,,,,,,,,,,,,,,,,,,,
houstonyoureaproblem,t2_szmya,,,,,,,,,,,,,,,,,,,,,,,,,,,
BauerHouse,t2_i3ldp,,,,,,,,,,,,,,,,,,,,,,,,,,,
ResponsibleMilk7620,t2_v4uhjs8h,,,,,,,,,,,,,,,,,,,,,,,,,,,
ThreeHourRiverMan,t2_eltce,,,,,,,,,,,,,,,,,,,,,,,,,,,
puffingpines,t2_bhhdmkj7w,,,,,,,,,,,,,,,,,,,,,,,,,,,
Metal-Barcode,t2_ul6mxq1f,,,,,,,,,,,,,,,,,,,,,,,,,,,
kee-mosabe,t2_1p44vsh0,,,,,,,,,,,,,,,,,,,,,,,,,,,
ApatheticWithoutTheA,t2_3c71ibc5,,,,,,,,,,,,,,,,,,,,,,,,,,,
UStoAUambassador,t2_bgba0,,,,,,,,,,,,,,,,,,,,,,,,,,,
TheNamesClove,t2_9i9wb,,,,,,,,,,,,,,,,,,,,,,,,,,,
platinum_toilet,t2_15rg88,,,,,,,,,,,,,,,,,,,,,,,,,,,
FreeByrdDeVille,t2_d9vvy4iw,,,,,,,,,,,,,,,,,,,,,,,,,,,
MJuqewb86cj,t2_c1mlmq0r2,,,,,,,,,,,,,,,,,,,,,,,,,,,
mumeikokoro,t2_hclr3ili,,,,,,,,,,,,,,,,,,,,,,,,,,,
CR_CO_4RTEP,t2_2y0qtxcx,,,,,,,,,,,,,,,,,,,,,,,,,,,
mckeitherson,t2_3mv1z,,,,,,,,,,,,,,,,,,,,,,,,,,,
Tin_can69,t2_9ks9pqnh,,,,,,,,,,,,,,,,,,,,,,,,,,,
systime,t2_qqgtsxo1,,,,,,,,,,,,,,,,,,,,,,,,,,,
bigred9310,t2_kwwo5,,,,,,,,,,,,,,,,,,,,,,,,,,,
brayab,t2_e8ff4,,,,,,,,,,,,,,,,,,,,,,,,,,,
CleverVirus,t2_olpjt,,,,,,,,,,,,,,,,,,,,,,,,,,,
JovialPanic389,t2_mkuyt,,,,,,,,,,,,,,,,,,,,,,,,,,,
AutoModerator,t2_6l4z3,,,,,,,,,,,,,,,,,,,,,,,,,,,
mountaintop111,t2_hsdekbu,,,,,,,,,,,,,,,,,,,,,,,,,,,
IJsbergslabeer,t2_8rhoauib,,,,,,,,,,,,,,,,,,,,,,,,,,,
DjMD1017,t2_1akw2zla,,,,,,,,,,,,,,,,,,,,,,,,,,,
Rolemodel247,t2_mo31q,,,,,,,,,,,,,,,,,,,,,,,,,,,
utopia_forever,t2_lgszqzfr,,,,,,,,,,,,,,,,,,,,,,,,,,,
Tadpoleonicwars,t2_t2i8jzfa,,,,,,,,,,,,,,,,,,,,,,,,,,,
AdditionalChard520,t2_a7l17k9jh,,,,,,,,,,,,,,,,,,,,,,,,,,,
grondin,t2_ckae,,,,,,,,,,,,,,,,,,,,,,,,,,,
ewillyp,t2_3gs4o,,,,,,,,,,,,,,,,,,,,,,,,,,,
edmerx54,t2_7wjkidit,,,,,,,,,,,,,,,,,,,,,,,,,,,
Number-Thirteen,t2_nm0i7,,,,,,,,,,,,,,,,,,,,,,,,,,,
AcrobaticSource3,t2_6dap3g7o,,,,,,,,,,,,,,,,,,,,,,,,,,,
hello_world_wide_web,t2_p62smtlg,,,,,,,,,,,,,,,,,,,,,,,,,,,
36-3,t2_5j29autf,,,,,,,,,,,,,,,,,,,,,,,,,,,
goldbricker83,t2_4ae3e,,,,,,,,,,,,,,,,,,,,,,,,,,,
Artist_Laurence,t2_bdj0x7yv,,,,,,,,,,,,,,,,,,,,,,,,,,,
Typical_Intention996,t2_vn1eg7nv,,,,,,,,,,,,,,,,,,,,,,,,,,,
Nimbokwezer,t2_34seh,,,,,,,,,,,,,,,,,,,,,,,,,,,
NoLack5170,t2_bx72t811c,,,,,,,,,,,,,,,,,,,,,,,,,,,
Rocketsponge,t2_afjyr,,,,,,,,,,,,,,,,,,,,,,,,,,,
HybridEng,t2_2fruo332,,,,,,,,,,,,,,,,,,,,,,,,,,,
StayYou61,t2_rozr6e9j,,,,,,,,,,,,,,,,,,,,,,,,,,,
StayYou61,t2_rozr6e9j,,,,,,,,,,,,,,,,,,,,,,,,,,,
--R2-D2,t2_deds9d559,,,,,,,,,,,,,,,,,,,,,,,,,,,
FnordFinder,t2_ahhyn,,,,,,,,,,,,,,,,,,,,,,,,,,,
--R2-D2,t2_deds9d559,,,,,,,,,,,,,,,,,,,,,,,,,,,
smimton,t2_1fsf2dhy,,,,,,,,,,,,,,,,,,,,,,,,,,,
Lieutenant_L_T_Smash,t2_9ex6xqvq,,,,,,,,,,,,,,,,,,,,,,,,,,,
Ok_Neighborhood5832,t2_6ng72f4f,,,,,,,,,,,,,,,,,,,,,,,,,,,
PhoChunKookie,t2_r5jnrhlm,,,,,,,,,,,,,,,,,,,,,,,,,,,
EmoSongsNReadAlongs,t2_mm48d8k2,,,,,,,,,,,,,,,,,,,,,,,,,,,
RedditWater7,t2_cvr41wawf,,,,,,,,,,,,,,,,,,,,,,,,,,,
hastewaste95,t2_ffvepm99,,,,,,,,,,,,,,,,,,,,,,,,,,,
Fubeeo,t2_xszzd,,,,,,,,,,,,,,,,,,,,,,,,,,,
AnomalouslyPolitical,t2_64xoc9f02,,,,,,,,,,,,,,,,,,,,,,,,,,,
Corpcasimir,t2_lqhi63f5,,,,,,,,,,,,,,,,,,,,,,,,,,,
anthro28,t2_2y35ggd6,,,,,,,,,,,,,,,,,,,,,,,,,,,
reaper527,t2_8iw9h,,,,,,,,,,,,,,,,,,,,,,,,,,,
the_chosen_one96,t2_11t61y,,,,,,,,,,,,,,,,,,,,,,,,,,,
ccg5058,t2_4kvep7by,,,,,,,,,,,,,,,,,,,,,,,,,,,
Enjoys_Equally,t2_tw2cu18d,,,,,,,,,,,,,,,,,,,,,,,,,,,
irony_oblivious,t2_hkfk7n4t,,,,,,,,,,,,,,,,,,,,,,,,,,,
_Diggus_Bickus_,t2_bth90ot1,,,,,,,,,,,,,,,,,,,,,,,,,,,
winkydinkvw,t2_4j8dczqg,,,,,,,,,,,,,,,,,,,,,,,,,,,
PeppercornDingDong,t2_3xpxgnz5,,,,,,,,,,,,,,,,,,,,,,,,,,,
_R_A_,t2_kxo6z,,,,,,,,,,,,,,,,,,,,,,,,,,,
FloppyDonkeyDongss,t2_8a7jpv12l,,,,,,,,,,,,,,,,,,,,,,,,,,,
Obamasamerica420,t2_1kiroxl2,,,,,,,,,,,,,,,,,,,,,,,,,,,
dtfudge,t2_dc4549734,,,,,,,,,,,,,,,,,,,,,,,,,,,
nukalurk,t2_60l29,,,,,,,,,,,,,,,,,,,,,,,,,,,
zipzoopu,t2_5egm7x25m,,,,,,,,,,,,,,,,,,,,,,,,,,,
Riggs909,t2_3zgks,,,,,,,,,,,,,,,,,,,,,,,,,,,
LetItHappenAlready,t2_82137c96,,,,,,,,,,,,,,,,,,,,,,,,,,,
Tuco86x,t2_80vw2mph,,,,,,,,,,,,,,,,,,,,,,,,,,,
Wadka,t2_3ce9h,,,,,,,,,,,,,,,,,,,,,,,,,,,
frigginfartface,t2_12oic1,,,,,,,,,,,,,,,,,,,,,,,,,,,
ivan34,t2_5tu0k,,,,,,,,,,,,,,,,,,,,,,,,,,,
Dynas_,t2_ip5gi,,,,,,,,,,,,,,,,,,,,,,,,,,,
This-Independence-50,t2_ttkge2ys,,,,,,,,,,,,,,,,,,,,,,,,,,,
8K12,t2_as2iq,,,,,,,,,,,,,,,,,,,,,,,,,,,
ReturnoftheGayBear,t2_ux9tpj5r,,,,,,,,,,,,,,,,,,,,,,,,,,,
TheRealGeoffPerson,t2_1f9ckfbe,,,,,,,,,,,,,,,,,,,,,,,,,,,
richmomz,t2_4a91t,,,,,,,,,,,,,,,,,,,,,,,,,,,
RainbowReclaimation,t2_2vksf9zl,,,,,,,,,,,,,,,,,,,,,,,,,,,
thedenofsin,t2_boejb,,,,,,,,,,,,,,,,,,,,,,,,,,,
fordr015,t2_7cnrg,,,,,,,,,,,,,,,,,,,,,,,,,,,
Hahafunnys3xnumber,t2_8f0ivh2o,,,,,,,,,,,,,,,,,,,,,,,,,,,
jmartin251,t2_xhqid,,,,,,,,,,,,,,,,,,,,,,,,,,,
NotMSUPD,t2_2v4sncb0,,,,,,,,,,,,,,,,,,,,,,,,,,,
MerlynTrump,t2_y8oa7,,,,,,,,,,,,,,,,,,,,,,,,,,,
redditor01020,t2_d29z7,,,,,,,,,,,,,,,,,,,,,,,,,,,
tryhard1981,t2_qhzzqw1d,,,,,,,,,,,,,,,,,,,,,,,,,,,
gprime,t2_325jf,,,,,,,,,,,,,,,,,,,,,,,,,,,
BeachCruisin22,t2_13yk6q,,,,,,,,,,,,,,,,,,,,,,,,,,,
No-Attempt-161,t2_vfwnvxs1,,,,,,,,,,,,,,,,,,,,,,,,,,,
FarmerAtS,t2_4os8qcv4,,,,,,,,,,,,,,,,,,,,,,,,,,,
LifeIsBetterDrunk,t2_5jbl7gol,,,,,,,,,,,,,,,,,,,,,,,,,,,
Illustrious-Leg-5017,t2_c8dl2p4s,,,,,,,,,,,,,,,,,,,,,,,,,,,
Bedwetting-Jussies,t2_3dfrl1ro,,,,,,,,,,,,,,,,,,,,,,,,,,,
TheFriarWagons,t2_9mtjy0zzf,,,,,,,,,,,,,,,,,,,,,,,,,,,
Rust1n_Cohle,t2_um3nl7l4,,,,,,,,,,,,,,,,,,,,,,,,,,,
elsydeon666,t2_ndc1j,,,,,,,,,,,,,,,,,,,,,,,,,,,
Efficient-Albatross9,t2_9u2ebsi9,,,,,,,,,,,,,,,,,,,,,,,,,,,
thekeithhose,t2_dtj997x3,,,,,,,,,,,,,,,,,,,,,,,,,,,
141Frox141,t2_qekks,,,,,,,,,,,,,,,,,,,,,,,,,,,
Expected_Guests,t2_uywghyii,,,,,,,,,,,,,,,,,,,,,,,,,,,
Legal_Flamingo_8637,t2_ebqowmvu,,,,,,,,,,,,,,,,,,,,,,,,,,,
kgr911,t2_riji0ipx,,,,,,,,,,,,,,,,,,,,,,,,,,,
Raider-bob,t2_ov7i0ok4,,,,,,,,,,,,,,,,,,,,,,,,,,,
breakneckjones,t2_quxrzeeq,,,,,,,,,,,,,,,,,,,,,,,,,,,
NotMSUPD,t2_2v4sncb0,,,,,,,,,,,,,,,,,,,,,,,,,,,
waitaminutewhereiam,t2_csk56h55,,,,,,,,,,,,,,,,,,,,,,,,,,,
brilliant_object5730,t2_ddojsni8x,,,,,,,,,,,,,,,,,,,,,,,,,,,
Eketek,t2_ft8um,,,,,,,,,,,,,,,,,,,,,,,,,,,
magicdrums,t2_k5jr0gml,,,,,,,,,,,,,,,,,,,,,,,,,,,
Practical_Put_3892,t2_tmm3htrp,,,,,,,,,,,,,,,,,,,,,,,,,,,
KnightRider1983,t2_fdo19k6,,,,,,,,,,,,,,,,,,,,,,,,,,,
Parabellum8g,t2_eqewj,,,,,,,,,,,,,,,,,,,,,,,,,,,
cowdrey_matt,t2_13qky9,,,,,,,,,,,,,,,,,,,,,,,,,,,
Direption,t2_tryw7,,,,,,,,,,,,,,,,,,,,,,,,,,,
BiggerOtter,t2_4n6midj6,,,,,,,,,,,,,,,,,,,,,,,,,,,
bigmistaketoday,t2_54sus0o8,,,,,,,,,,,,,,,,,,,,,,,,,,,
Libtard69696969,t2_f51p5ox7,,,,,,,,,,,,,,,,,,,,,,,,,,,
Corrective_Brutality,t2_vt8qxvke,,,,,,,,,,,,,,,,,,,,,,,,,,,
Independent_Onion542,t2_t6g2mi5a,,,,,,,,,,,,,,,,,,,,,,,,,,,
CantHackItPackIT,t2_vy9wj9us,,,,,,,,,,,,,,,,,,,,,,,,,,,
Cronah1969,t2_ceth0,,,,,,,,,,,,,,,,,,,,,,,,,,,
madmonk323,t2_k8gu9ase,,,,,,,,,,,,,,,,,,,,,,,,,,,
cantwell660,t2_c2z08,,,,,,,,,,,,,,,,,,,,,,,,,,,
bozoconnors,t2_71ucu,,,,,,,,,,,,,,,,,,,,,,,,,,,
mojo276,t2_73rgq,,,,,,,,,,,,,,,,,,,,,,,,,,,
Few-Brilliant-426,t2_7job6kcv,,,,,,,,,,,,,,,,,,,,,,,,,,,
Cronamash,t2_cfo7n,,,,,,,,,,,,,,,,,,,,,,,,,,,
RhaegarsRevenge,t2_loe1y,,,,,,,,,,,,,,,,,,,,,,,,,,,
HamletsRazor,t2_w1t94cop,,,,,,,,,,,,,,,,,,,,,,,,,,,
WeimSean,t2_2uud5h6c,,,,,,,,,,,,,,,,,,,,,,,,,,,
Corpcasimir,t2_lqhi63f5,,,,,,,,,,,,,,,,,,,,,,,,,,,
79camaroZ28,t2_t9veu2g,,,,,,,,,,,,,,,,,,,,,,,,,,,
buffinator2,t2_1dbopom,,,,,,,,,,,,,,,,,,,,,,,,,,,
SomeoneHad2FuknSayIt,t2_neipi,,,,,,,,,,,,,,,,,,,,,,,,,,,
Dreadkeeper,t2_9si8a,,,,,,,,,,,,,,,,,,,,,,,,,,,
AnonPlzzzzzz,t2_s1x0gw1r,,,,,,,,,,,,,,,,,,,,,,,,,,,
mantistabagin,t2_1p4jlrux,,,,,,,,,,,,,,,,,,,,,,,,,,,
sr20inans2000,t2_5y408,,,,,,,,,,,,,,,,,,,,,,,,,,,
DustCropper,t2_8byrrjo6p,,,,,,,,,,,,,,,,,,,,,,,,,,,
deadzip10,t2_biry1,,,,,,,,,,,,,,,,,,,,,,,,,,,
gentlemanA1A,t2_1196lk7s,,,,,,,,,,,,,,,,,,,,,,,,,,,
RullyWinkle,t2_eqy4t3d2,,,,,,,,,,,,,,,,,,,,,,,,,,,
polerize,t2_pp1hk,,,,,,,,,,,,,,,,,,,,,,,,,,,
DaddyD68,t2_apb15,,,,,,,,,,,,,,,,,,,,,,,,,,,
tsoxiko,t2_a1qehxzz,,,,,,,,,,,,,,,,,,,,,,,,,,,
successiseffort,t2_1ay23c4q,,,,,,,,,,,,,,,,,,,,,,,,,,,
k_henryv,t2_czw4tl,,,,,,,,,,,,,,,,,,,,,,,,,,,
Tumnos_of_the_Gods,t2_bbh79d49,,,,,,,,,,,,,,,,,,,,,,,,,,,
Chewy_LewisThenewsz,t2_ap8d45l,,,,,,,,,,,,,,,,,,,,,,,,,,,
Nucka574,t2_73lai,,,,,,,,,,,,,,,,,,,,,,,,,,,
SheCallsMeBigPapa,t2_7m5a74v9,,,,,,,,,,,,,,,,,,,,,,,,,,,
Easy-Priority-2703,t2_sgw2vnmr,,,,,,,,,,,,,,,,,,,,,,,,,,,
GeneticsGuy,t2_74f0b,,,,,,,,,,,,,,,,,,,,,,,,,,,
Greenking73,t2_1r5ih24o,,,,,,,,,,,,,,,,,,,,,,,,,,,
etbillder,t2_2ac2tp5f,,,,,,,,,,,,,,,,,,,,,,,,,,,
sparktheworld,t2_a16dn0nx,,,,,,,,,,,,,,,,,,,,,,,,,,,
JESquirrel,t2_6lyylkzk,,,,,,,,,,,,,,,,,,,,,,,,,,,
Artistic_Mouse_5389,t2_ciluo8kb,,,,,,,,,,,,,,,,,,,,,,,,,,,
Rodger_Reddit,t2_p0sq4kr0,,,,,,,,,,,,,,,,,,,,,,,,,,,
Anakin-groundrunner,t2_9imwkwq3l,,,,,,,,,,,,,,,,,,,,,,,,,,,
heswireyy,t2_14e6m8,,,,,,,,,,,,,,,,,,,,,,,,,,,
SorryBison14,t2_uh6u30t,,,,,,,,,,,,,,,,,,,,,,,,,,,
Corpcasimir,t2_lqhi63f5,,,,,,,,,,,,,,,,,,,,,,,,,,,
Treddf45,t2_ffx3vciv,,,,,,,,,,,,,,,,,,,,,,,,,,,
triggernaut,t2_9yz3e,,,,,,,,,,,,,,,,,,,,,,,,,,,
richard0930,t2_z430e,,,,,,,,,,,,,,,,,,,,,,,,,,,
Mississippiscotsman,t2_en7tw,,,,,,,,,,,,,,,,,,,,,,,,,,,
Veleda390,t2_a7ldz0l4,,,,,,,,,,,,,,,,,,,,,,,,,,,
1_Cold_Ass_Honkey,t2_5ggr82zd,,,,,,,,,,,,,,,,,,,,,,,,,,,
MaroonNuggz1138,t2_r0oqk294,,,,,,,,,,,,,,,,,,,,,,,,,,,
HamletsRazor,t2_w1t94cop,,,,,,,,,,,,,,,,,,,,,,,,,,,
noonehomenow,t2_50vb7mh,,,,,,,,,,,,,,,,,,,,,,,,,,,
Tictank,t2_1b3d8h8r,,,,,,,,,,,,,,,,,,,,,,,,,,,
Illustrious-Leg-5017,t2_c8dl2p4s,,,,,,,,,,,,,,,,,,,,,,,,,,,
3pxp,t2_sb361fri,,,,,,,,,,,,,,,,,,,,,,,,,,,
bruh_wut69,t2_vnfr13et,,,,,,,,,,,,,,,,,,,,,,,,,,,
Any-Flower-725,t2_8z6em9s0w,,,,,,,,,,,,,,,,,,,,,,,,,,,
MonkeyThrowing,t2_eqa0uf18,,,,,,,,,,,,,,,,,,,,,,,,,,,
CmdrSelfEvident,t2_13570m,,,,,,,,,,,,,,,,,,,,,,,,,,,
HamletsRazor,t2_w1t94cop,,,,,,,,,,,,,,,,,,,,,,,,,,,
st3ll4r-wind,t2_siut2fbt,,,,,,,,,,,,,,,,,,,,,,,,,,,
HerbDaLine,t2_a0tg7k3b,,,,,,,,,,,,,,,,,,,,,,,,,,,
samefoldsamefold,t2_si3fv8tv,,,,,,,,,,,,,,,,,,,,,,,,,,,
Winterclaw42,t2_4mjwrmkf,,,,,,,,,,,,,,,,,,,,,,,,,,,
DogBeersHadOne,t2_16bwnt,,,,,,,,,,,,,,,,,,,,,,,,,,,
TheRealActaeus,t2_atljpou99,,,,,,,,,,,,,,,,,,,,,,,,,,,
alexyoung92,t2_6dfcax0t,,,,,,,,,,,,,,,,,,,,,,,,,,,
VicePrezHeelsup,t2_j84zynot,,,,,,,,,,,,,,,,,,,,,,,,,,,
Litmus44,t2_9ghpnqwr,,,,,,,,,,,,,,,,,,,,,,,,,,,
Rockmann1,t2_avgn8,,,,,,,,,,,,,,,,,,,,,,,,,,,
LysanderSpoonersCat,t2_8xyg49ogw,,,,,,,,,,,,,,,,,,,,,,,,,,,
HamletsRazor,t2_w1t94cop,,,,,,,,,,,,,,,,,,,,,,,,,,,
datvm,t2_fho01,,,,,,,,,,,,,,,,,,,,,,,,,,,
hackmaps,t2_50a4n3qs,,,,,,,,,,,,,,,,,,,,,,,,,,,
Massive-Fly-6649,t2_nlnzllb3,,,,,,,,,,,,,,,,,,,,,,,,,,,
Financial_Distance53,t2_a3o5mm4vj,,,,,,,,,,,,,,,,,,,,,,,,,,,
gooseberryfalls,t2_zr0q9,,,,,,,,,,,,,,,,,,,,,,,,,,,
RedRose_Belmont,t2_3mf8im17,,,,,,,,,,,,,,,,,,,,,,,,,,,
petergriffin999,t2_4bnqbrsm,,,,,,,,,,,,,,,,,,,,,,,,,,,
Fuzzy-Bunny--,t2_9slgc5w2,,,,,,,,,,,,,,,,,,,,,,,,,,,
DCinMS,t2_mtywxba8,,,,,,,,,,,,,,,,,,,,,,,,,,,
CoffeeWillMakeMePoop,t2_syy0ts2k,,,,,,,,,,,,,,,,,,,,,,,,,,,
Cato2011,t2_rv7pkrdr,,,,,,,,,,,,,,,,,,,,,,,,,,,
Friendly_Swordfish32,t2_bq63rmeyz,,,,,,,,,,,,,,,,,,,,,,,,,,,
tensigh,t2_8x84e,,,,,,,,,,,,,,,,,,,,,,,,,,,
DarkMark94,t2_141725,,,,,,,,,,,,,,,,,,,,,,,,,,,
CraftEuphoric698,t2_p4f2rbit,,,,,,,,,,,,,,,,,,,,,,,,,,,
JTuck333,t2_13k0ki,,,,,,,,,,,,,,,,,,,,,,,,,,,
Conduit1245,t2_w5do0fic,,,,,,,,,,,,,,,,,,,,,,,,,,,
Chick-fil-A-4-Life,t2_8237qykve,,,,,,,,,,,,,,,,,,,,,,,,,,,
Chiaki_Ronpa,t2_4l7ienbi,,,,,,,,,,,,,,,,,,,,,,,,,,,
Flint__Sky,t2_11rimi,,,,,,,,,,,,,,,,,,,,,,,,,,,
TapInternational3605,t2_a51emd0d,,,,,,,,,,,,,,,,,,,,,,,,,,,
tripletdad0603,t2_2yvpelqs,,,,,,,,,,,,,,,,,,,,,,,,,,,
uniquecannon,t2_7s9uj,,,,,,,,,,,,,,,,,,,,,,,,,,,
BadDaddyAlger,t2_1f6kws32,,,,,,,,,,,,,,,,,,,,,,,,,,,
HamletsRazor,t2_w1t94cop,,,,,,,,,,,,,,,,,,,,,,,,,,,
TitanicJedi,t2_djeqz,,,,,,,,,,,,,,,,,,,,,,,,,,,
fridayimatwork,t2_v1lu19h6,,,,,,,,,,,,,,,,,,,,,,,,,,,
Castyirony,t2_cgf7qteeo,,,,,,,,,,,,,,,,,,,,,,,,,,,
b1gp15t0n5,t2_1482w2,,,,,,,,,,,,,,,,,,,,,,,,,,,
Ashurbanipul,t2_5k5upseb,,,,,,,,,,,,,,,,,,,,,,,,,,,
petergriffin999,t2_4bnqbrsm,,,,,,,,,,,,,,,,,,,,,,,,,,,
DJ_Derack,t2_pcybo,,,,,,,,,,,,,,,,,,,,,,,,,,,
tsdguy,t2_1diah,,,,,,,,,,,,,,,,,,,,,,,,,,,
GrayBox1313,t2_6gkogbeq,,,,,,,,,,,,,,,,,,,,,,,,,,,
clocksteadytickin,t2_3i8thcml,,,,,,,,,,,,,,,,,,,,,,,,,,,
PryingOpenMyThirdPie,t2_43w4p7km,,,,,,,,,,,,,,,,,,,,,,,,,,,
__erk,t2_vfnk8,,,,,,,,,,,,,,,,,,,,,,,,,,,
Godmirra,t2_8lyo9mds,,,,,,,,,,,,,,,,,,,,,,,,,,,
henrysmyagent,t2_9xuq7,,,,,,,,,,,,,,,,,,,,,,,,,,,
luckykobold,t2_3yilh,,,,,,,,,,,,,,,,,,,,,,,,,,,
aringtingting,t2_4cy65umc,,,,,,,,,,,,,,,,,,,,,,,,,,,
bigcalvesarein,t2_h8sgq,,,,,,,,,,,,,,,,,,,,,,,,,,,
tsdguy,t2_1diah,,,,,,,,,,,,,,,,,,,,,,,,,,,
Desperate_Wafer_8566,t2_stmqxj0v,,,,,,,,,,,,,,,,,,,,,,,,,,,
tukekairo,t2_g8rc9,,,,,,,,,,,,,,,,,,,,,,,,,,,
Ofbearsandmen,t2_9z1kt8,,,,,,,,,,,,,,,,,,,,,,,,,,,
mb5280,t2_sxwdtgx,,,,,,,,,,,,,,,,,,,,,,,,,,,
anonbene2,t2_m2f4dtrv,,,,,,,,,,,,,,,,,,,,,,,,,,,
Astacide,t2_3dxcg,,,,,,,,,,,,,,,,,,,,,,,,,,,
humbuckermudgeon,t2_njyn4,,,,,,,,,,,,,,,,,,,,,,,,,,,
Jonnykpolitics,t2_5f1y5u4ob,,,,,,,,,,,,,,,,,,,,,,,,,,,
Snoo54249,t2_75x9weyp,,,,,,,,,,,,,,,,,,,,,,,,,,,
johnlal101,t2_7nwlabkw,,,,,,,,,,,,,,,,,,,,,,,,,,,
TangentTears,t2_nvaxr,,,,,,,,,,,,,,,,,,,,,,,,,,,
TheUnknownStitcher,t2_vlkj8g4,,,,,,,,,,,,,,,,,,,,,,,,,,,
AWall925,t2_oze0f,,,,,,,,,,,,,,,,,,,,,,,,,,,
MarcusQuintus,t2_c2i4e,,,,,,,,,,,,,,,,,,,,,,,,,,,
Stinkfinger83,t2_celxm,,,,,,,,,,,,,,,,,,,,,,,,,,,
TheUnknownStitcher,t2_vlkj8g4,,,,,,,,,,,,,,,,,,,,,,,,,,,
BroccoliFartFuhrer,t2_3odpwqpg,,,,,,,,,,,,,,,,,,,,,,,,,,,
bankster24,t2_sx7kz,,,,,,,,,,,,,,,,,,,,,,,,,,,
FindBetterHobbies,t2_875t3roq,,,,,,,,,,,,,,,,,,,,,,,,,,,
IRCheesecake82,t2_76vdz,,,,,,,,,,,,,,,,,,,,,,,,,,,
OppositeDifference,t2_u2ufh9x,,,,,,,,,,,,,,,,,,,,,,,,,,,
Electrical-Bread-988,t2_l9qvrvz5,,,,,,,,,,,,,,,,,,,,,,,,,,,
eaunoway,t2_14pp3i,,,,,,,,,,,,,,,,,,,,,,,,,,,
OppositeDifference,t2_u2ufh9x,,,,,,,,,,,,,,,,,,,,,,,,,,,
OsellusK,t2_dj1cm4cvk,,,,,,,,,,,,,,,,,,,,,,,,,,,
DevilYouKnow,t2_5f8ya,,,,,,,,,,,,,,,,,,,,,,,,,,,
Doonce,t2_32yp4,,,,,,,,,,,,,,,,,,,,,,,,,,,
OppositeDifference,t2_u2ufh9x,,,,,,,,,,,,,,,,,,,,,,,,,,,
newtothis78,t2_4wt5s2qc,,,,,,,,,,,,,,,,,,,,,,,,,,,
bush_league_commish,t2_dwkwe,,,,,,,,,,,,,,,,,,,,,,,,,,,
leontes,t2_4mlvh,,,,,,,,,,,,,,,,,,,,,,,,,,,
MisterJose,t2_83p6l,,,,,,,,,,,,,,,,,,,,,,,,,,,
TylerRmazer,t2_6uamy,,,,,,,,,,,,,,,,,,,,,,,,,,,
ShinyMacguffin,t2_11vtk3,,,,,,,,,,,,,,,,,,,,,,,,,,,
Nach_Rap,t2_d9kcw,,,,,,,,,,,,,,,,,,,,,,,,,,,
SomePoliticalViolins,t2_ry278ih3,,,,,,,,,,,,,,,,,,,,,,,,,,,
bearded_drummer,t2_uryvml8,,,,,,,,,,,,,,,,,,,,,,,,,,,
--Shake--,t2_7grmmu9c,,,,,,,,,,,,,,,,,,,,,,,,,,,
OtherwiseBad3283,t2_e08lngwx,,,,,,,,,,,,,,,,,,,,,,,,,,,
CharacterFew,t2_5n0176tm,,,,,,,,,,,,,,,,,,,,,,,,,,,
OutrageousBed2,t2_5paqu5k0,,,,,,,,,,,,,,,,,,,,,,,,,,,
mindfu,t2_6ou0o,,,,,,,,,,,,,,,,,,,,,,,,,,,
AutoModerator,t2_6l4z3,,,,,,,,,,,,,,,,,,,,,,,,,,,
schrod,t2_38a8a,,,,,,,,,,,,,,,,,,,,,,,,,,,
foyeldagain,t2_73znj,,,,,,,,,,,,,,,,,,,,,,,,,,,
EivorIsle,t2_s58538rx,,,,,,,,,,,,,,,,,,,,,,,,,,,
RiflemanLax,t2_5xaao,,,,,,,,,,,,,,,,,,,,,,,,,,,
duckchasefun,t2_58w7ouv1,,,,,,,,,,,,,,,,,,,,,,,,,,,
allen_idaho,t2_my8770s7,,,,,,,,,,,,,,,,,,,,,,,,,,,
ChuckVowel,t2_62wjx1m1,,,,,,,,,,,,,,,,,,,,,,,,,,,
Sea_Dawgz,t2_5zhyn0vx,,,,,,,,,,,,,,,,,,,,,,,,,,,
JaD__,t2_nid4a5d,,,,,,,,,,,,,,,,,,,,,,,,,,,
nuckle,t2_4hun6,,,,,,,,,,,,,,,,,,,,,,,,,,,
stonewall_jacked,t2_3g6y8nj0,,,,,,,,,,,,,,,,,,,,,,,,,,,
PDXalreadtused,t2_s5hevca9,,,,,,,,,,,,,,,,,,,,,,,,,,,
gmrusc,t2_499phka,,,,,,,,,,,,,,,,,,,,,,,,,,,
jeffinRTP,t2_8qqgl,,,,,,,,,,,,,,,,,,,,,,,,,,,
TheTeenageOldman,t2_j7l5g,,,,,,,,,,,,,,,,,,,,,,,,,,,
Oleg101,t2_6qmqilzh,,,,,,,,,,,,,,,,,,,,,,,,,,,
johnnybiggles,t2_b75z9,,,,,,,,,,,,,,,,,,,,,,,,,,,
solutionsmitty,t2_2w08cgss,,,,,,,,,,,,,,,,,,,,,,,,,,,
floandthemash,t2_4oo2zklq,,,,,,,,,,,,,,,,,,,,,,,,,,,
Hayes4prez,t2_7kmc9,,,,,,,,,,,,,,,,,,,,,,,,,,,
mapoftasmania,t2_35bzq,,,,,,,,,,,,,,,,,,,,,,,,,,,
wish1977,t2_8x46xzb3,,,,,,,,,,,,,,,,,,,,,,,,,,,
Trippedoutmonkey,t2_13n0egw9,,,,,,,,,,,,,,,,,,,,,,,,,,,
yepitstakentoo,t2_3ocwwwev,,,,,,,,,,,,,,,,,,,,,,,,,,,
godsenfrik,t2_ccj0j,,,,,,,,,,,,,,,,,,,,,,,,,,,
iEugene72,t2_4qkjn0vb,,,,,,,,,,,,,,,,,,,,,,,,,,,
starfleet97,t2_nfcg27aq,,,,,,,,,,,,,,,,,,,,,,,,,,,
GoldenTriforceLink,t2_89rc0yjx,,,,,,,,,,,,,,,,,,,,,,,,,,,
morbob,t2_hb80j,,,,,,,,,,,,,,,,,,,,,,,,,,,
tbaggervance1986,t2_ezf3tj75,,,,,,,,,,,,,,,,,,,,,,,,,,,
cataclyzzmic,t2_2jca362c,,,,,,,,,,,,,,,,,,,,,,,,,,,
JanFromEarth,t2_9fne2,,,,,,,,,,,,,,,,,,,,,,,,,,,
TobyWanKinoby,t2_o6ocq,,,,,,,,,,,,,,,,,,,,,,,,,,,
Piscator629,t2_5u18u,,,,,,,,,,,,,,,,,,,,,,,,,,,
lonleyredditor15,t2_5hfqlp45,,,,,,,,,,,,,,,,,,,,,,,,,,,
ArmchairCritic1,t2_bct3x,,,,,,,,,,,,,,,,,,,,,,,,,,,
Registered_User666,t2_lcslnkif,,,,,,,,,,,,,,,,,,,,,,,,,,,
PissedOffByStupid,t2_eedd7gru,,,,,,,,,,,,,,,,,,,,,,,,,,,
bushrod,t2_6osdw,,,,,,,,,,,,,,,,,,,,,,,,,,,
not_productive1,t2_8d3808n7,,,,,,,,,,,,,,,,,,,,,,,,,,,
Redsox19681968,t2_531jror6,,,,,,,,,,,,,,,,,,,,,,,,,,,
Bonnieearnold,t2_7qzerq3r,,,,,,,,,,,,,,,,,,,,,,,,,,,
Js_On_My_Yeet,t2_7u96r9yw,,,,,,,,,,,,,,,,,,,,,,,,,,,
fabbricator,t2_6qump,,,,,,,,,,,,,,,,,,,,,,,,,,,
12intheBox,t2_9m3tou4x,,,,,,,,,,,,,,,,,,,,,,,,,,,
Strange-Tip-1897,t2_bwzy6j45,,,,,,,,,,,,,,,,,,,,,,,,,,,
thistlefink,t2_4en6k,,,,,,,,,,,,,,,,,,,,,,,,,,,
stoic50,t2_4giv39e,,,,,,,,,,,,,,,,,,,,,,,,,,,
tapastry12,t2_87h8kco3,,,,,,,,,,,,,,,,,,,,,,,,,,,
AutoModerator,t2_6l4z3,,,,,,,,,,,,,,,,,,,,,,,,,,,
syracusehorn,t2_4stjn,,,,,,,,,,,,,,,,,,,,,,,,,,,
waterdaemon,t2_11ccbu,,,,,,,,,,,,,,,,,,,,,,,,,,,
TastefulSideEye,t2_1i1mqofk,,,,,,,,,,,,,,,,,,,,,,,,,,,
jjjijjji,t2_7lacew7k0,,,,,,,,,,,,,,,,,,,,,,,,,,,
thegoatmenace,t2_ry7r5,,,,,,,,,,,,,,,,,,,,,,,,,,,
mystreetisadeadend,t2_546h4klb,,,,,,,,,,,,,,,,,,,,,,,,,,,
youreallcucks,t2_145q9k,,,,,,,,,,,,,,,,,,,,,,,,,,,
oDDmON,t2_ftoqr,,,,,,,,,,,,,,,,,,,,,,,,,,,
YourLastChanceBuddy,t2_ctlfdyqlt,,,,,,,,,,,,,,,,,,,,,,,,,,,
ridemooses,t2_nwoq4,,,,,,,,,,,,,,,,,,,,,,,,,,,
Hyperdecanted,t2_5i0qqyxe,,,,,,,,,,,,,,,,,,,,,,,,,,,
ElBoggie6996,t2_unopdwxo,,,,,,,,,,,,,,,,,,,,,,,,,,,
Picture-unrelated,t2_e5bpbqtx,,,,,,,,,,,,,,,,,,,,,,,,,,,
jackpotjones43,t2_8uo8qp33,,,,,,,,,,,,,,,,,,,,,,,,,,,
PatienceandFortitude,t2_2qj1r9f,,,,,,,,,,,,,,,,,,,,,,,,,,,
Birdhawk,t2_jkwpc,,,,,,,,,,,,,,,,,,,,,,,,,,,
Darth_Vrandon,t2_8r5py8y00,,,,,,,,,,,,,,,,,,,,,,,,,,,
valis010,t2_8krx7ds,,,,,,,,,,,,,,,,,,,,,,,,,,,
petal14,t2_ab8sv,,,,,,,,,,,,,,,,,,,,,,,,,,,
scottywoty,t2_4jo6xs0v,,,,,,,,,,,,,,,,,,,,,,,,,,,
kylecs7637,t2_ebv166b2,,,,,,,,,,,,,,,,,,,,,,,,,,,
foodude84,t2_d365v,,,,,,,,,,,,,,,,,,,,,,,,,,,
SamuraiJackBauer,t2_1772qy,,,,,,,,,,,,,,,,,,,,,,,,,,,
Kahzgul,t2_kzf8p,,,,,,,,,,,,,,,,,,,,,,,,,,,
Narragansett-Red,t2_jmep31gs,,,,,,,,,,,,,,,,,,,,,,,,,,,
sharingsilently,t2_3z5jj6vi,,,,,,,,,,,,,,,,,,,,,,,,,,,
TruthandHonorLost,t2_sfs538md,,,,,,,,,,,,,,,,,,,,,,,,,,,
StipulatedBoss,t2_10g7kfti,,,,,,,,,,,,,,,,,,,,,,,,,,,
Sissy63,t2_3u02xymh,,,,,,,,,,,,,,,,,,,,,,,,,,,
FancyBeast2000,t2_a2kdcivjj,,,,,,,,,,,,,,,,,,,,,,,,,,,
LegendaryOutlaw,t2_i7xoa,,,,,,,,,,,,,,,,,,,,,,,,,,,
KamKorn,t2_j0upcrau,,,,,,,,,,,,,,,,,,,,,,,,,,,
0DarkNerdy,t2_hkp6ie8g,,,,,,,,,,,,,,,,,,,,,,,,,,,
xfactor6972,t2_7ptp52z7,,,,,,,,,,,,,,,,,,,,,,,,,,,
SyntheticOne,t2_b5r9v,,,,,,,,,,,,,,,,,,,,,,,,,,,
Jmersh,t2_4u9be,,,,,,,,,,,,,,,,,,,,,,,,,,,
TheUSisScrewed,t2_tqmt31ix,,,,,,,,,,,,,,,,,,,,,,,,,,,
_Everythingisfine_1,t2_9630l26um,,,,,,,,,,,,,,,,,,,,,,,,,,,
lax_street,t2_jlejz,,,,,,,,,,,,,,,,,,,,,,,,,,,
DGD1411,t2_86ecrogh,,,,,,,,,,,,,,,,,,,,,,,,,,,
SeparateAgency4,t2_5v226luw,,,,,,,,,,,,,,,,,,,,,,,,,,,
JimLaheeeeeeee,t2_sade5932,,,,,,,,,,,,,,,,,,,,,,,,,,,
ApatheticWithoutTheA,t2_3c71ibc5,,,,,,,,,,,,,,,,,,,,,,,,,,,
Over-Importance4709,t2_tmsuyhqu,,,,,,,,,,,,,,,,,,,,,,,,,,,
Mysterious-Eye8710,t2_9tng9dwk,,,,,,,,,,,,,,,,,,,,,,,,,,,
WholeWheatCloud,t2_gqaui4om,,,,,,,,,,,,,,,,,,,,,,,,,,,
Blackbyrn,t2_4q7fmkds,,,,,,,,,,,,,,,,,,,,,,,,,,,
ivantheiceman,t2_168zzk,,,,,,,,,,,,,,,,,,,,,,,,,,,
Cold-Bodybuilder9948,t2_a1p8gsms,,,,,,,,,,,,,,,,,,,,,,,,,,,
AutoModerator,t2_6l4z3,,,,,,,,,,,,,,,,,,,,,,,,,,,
mces97,t2_3731c,,,,,,,,,,,,,,,,,,,,,,,,,,,
BroccoliFartFuhrer,t2_3odpwqpg,,,,,,,,,,,,,,,,,,,,,,,,,,,
TruthandHonorLost,t2_sfs538md,,,,,,,,,,,,,,,,,,,,,,,,,,,
College-Lumpy,t2_7m4s59cf,,,,,,,,,,,,,,,,,,,,,,,,,,,
lcl1qp1,t2_o84wn2ov,,,,,,,,,,,,,,,,,,,,,,,,,,,
DickySchmidt33,t2_7hn46poe,,,,,,,,,,,,,,,,,,,,,,,,,,,
CanineAnaconda,t2_ahywpw4m,,,,,,,,,,,,,,,,,,,,,,,,,,,
Sleaze_Guy,t2_vix827pc,,,,,,,,,,,,,,,,,,,,,,,,,,,
BringOn25A,t2_1nwyjg23,,,,,,,,,,,,,,,,,,,,,,,,,,,
skawn,t2_ukl6r,,,,,,,,,,,,,,,,,,,,,,,,,,,
BlotchComics,t2_hjcyf,,,,,,,,,,,,,,,,,,,,,,,,,,,
OkVermicelli2557,t2_m9f3eoyd,,,,,,,,,,,,,,,,,,,,,,,,,,,
rupiefied,t2_qf3rkg62,,,,,,,,,,,,,,,,,,,,,,,,,,,
Mysterious-Wasabi103,t2_9r8skn7z,,,,,,,,,,,,,,,,,,,,,,,,,,,
MoveMitchGetOutDaWay,t2_5qyeuyv6,,,,,,,,,,,,,,,,,,,,,,,,,,,
ncc_1864,t2_bhj55,,,,,,,,,,,,,,,,,,,,,,,,,,,
AZNM1912,t2_h6z60pwp,,,,,,,,,,,,,,,,,,,,,,,,,,,
HedonisticFrog,t2_fk020,,,,,,,,,,,,,,,,,,,,,,,,,,,
JesusWuta40oz,t2_364mq,,,,,,,,,,,,,,,,,,,,,,,,,,,
NumberHalfDozen,t2_4wauonyf,,,,,,,,,,,,,,,,,,,,,,,,,,,
BlandingBlakah,t2_lnp1zzmf,,,,,,,,,,,,,,,,,,,,,,,,,,,
FrostyAcanthocephala,t2_14a5kcis,,,,,,,,,,,,,,,,,,,,,,,,,,,
motherseffinjones,t2_59wloaxh,,,,,,,,,,,,,,,,,,,,,,,,,,,
WhileFalseRepeat,t2_hrdcy,,,,,,,,,,,,,,,,,,,,,,,,,,,
danknadoflex,t2_163sye,,,,,,,,,,,,,,,,,,,,,,,,,,,
accountabilitycounts,t2_pj8rp,,,,,,,,,,,,,,,,,,,,,,,,,,,
ScarcityIcy8519,t2_szppi4pi,,,,,,,,,,,,,,,,,,,,,,,,,,,
AndroidMartian,t2_rzgm9,,,,,,,,,,,,,,,,,,,,,,,,,,,
two4six0won,t2_5405wswd,,,,,,,,,,,,,,,,,,,,,,,,,,,
Howhytzzerr,t2_hzq9l1sq,,,,,,,,,,,,,,,,,,,,,,,,,,,
b95455,t2_i0j4n,,,,,,,,,,,,,,,,,,,,,,,,,,,
Devistator,t2_3x4k8,,,,,,,,,,,,,,,,,,,,,,,,,,,
First-Funnies,t2_92uk0ika,,,,,,,,,,,,,,,,,,,,,,,,,,,
CountryFriedSteak78,t2_t88frqhw,,,,,,,,,,,,,,,,,,,,,,,,,,,
I_am_the_Jukebox,t2_6ff7c,,,,,,,,,,,,,,,,,,,,,,,,,,,
johnnyvisionary,t2_byfyv,,,,,,,,,,,,,,,,,,,,,,,,,,,
Squirrel_Chucks,t2_f1ada1x6,,,,,,,,,,,,,,,,,,,,,,,,,,,
prattchet,t2_u0si4,,,,,,,,,,,,,,,,,,,,,,,,,,,
candr22,t2_4v1xv,,,,,,,,,,,,,,,,,,,,,,,,,,,
cficare,t2_3hb8h,,,,,,,,,,,,,,,,,,,,,,,,,,,
ohyesiam1234,t2_ek7lm,,,,,,,,,,,,,,,,,,,,,,,,,,,
tickandzesty,t2_56708g28,,,,,,,,,,,,,,,,,,,,,,,,,,,
UltravioletAfterglow,t2_d5mquwod,,,,,,,,,,,,,,,,,,,,,,,,,,,
thehugster,t2_bkqsp,,,,,,,,,,,,,,,,,,,,,,,,,,,
Walnuts-84,t2_a3407dgu,,,,,,,,,,,,,,,,,,,,,,,,,,,
azcurlygurl,t2_m2qdp,,,,,,,,,,,,,,,,,,,,,,,,,,,
IntrinsicStarvation,t2_51mugzx0,,,,,,,,,,,,,,,,,,,,,,,,,,,
t-rock1221,t2_2cz9dm3o,,,,,,,,,,,,,,,,,,,,,,,,,,,
joeleidner22,t2_sm7bxufy,,,,,,,,,,,,,,,,,,,,,,,,,,,
AutoModerator,t2_6l4z3,,,,,,,,,,,,,,,,,,,,,,,,,,,
Significant-Dog-8166,t2_9acesovc,,,,,,,,,,,,,,,,,,,,,,,,,,,
MurphHodgkins,t2_vh7djoc1,,,,,,,,,,,,,,,,,,,,,,,,,,,
OhhhTAINTedCruuuuz,t2_vhgopya5,,,,,,,,,,,,,,,,,,,,,,,,,,,
WaffleStomp936,t2_df1bphhkd,,,,,,,,,,,,,,,,,,,,,,,,,,,
BabyMFBear,t2_3i9nzyal,,,,,,,,,,,,,,,,,,,,,,,,,,,
Blablablaballs,t2_79tq2xbup,,,,,,,,,,,,,,,,,,,,,,,,,,,
No-Prize2882,t2_btx4rslm,,,,,,,,,,,,,,,,,,,,,,,,,,,
taez555,t2_9997v,,,,,,,,,,,,,,,,,,,,,,,,,,,
tcoh1s,t2_9c2wdnbp,,,,,,,,,,,,,,,,,,,,,,,,,,,
contemporary_romance,t2_jckbmbri,,,,,,,,,,,,,,,,,,,,,,,,,,,
suspect108,t2_j0qpz,,,,,,,,,,,,,,,,,,,,,,,,,,,
Pale-Worldliness7007,t2_bh93mev9,,,,,,,,,,,,,,,,,,,,,,,,,,,
necesitafresita,t2_em6g37cu,,,,,,,,,,,,,,,,,,,,,,,,,,,
bakes12110,t2_cc9pzv1,,,,,,,,,,,,,,,,,,,,,,,,,,,
Killerkurto,t2_3q6lk8ck,,,,,,,,,,,,,,,,,,,,,,,,,,,
Strange-Tip-1897,t2_bwzy6j45,,,,,,,,,,,,,,,,,,,,,,,,,,,
NoobyCasual,t2_ea6jjakn,,,,,,,,,,,,,,,,,,,,,,,,,,,
LurkerFailsLurking,t2_5fm45w7v,,,,,,,,,,,,,,,,,,,,,,,,,,,
somuchacceptable,t2_hn4h75zp,,,,,,,,,,,,,,,,,,,,,,,,,,,
Drowsabella,t2_14tyh0,,,,,,,,,,,,,,,,,,,,,,,,,,,
xjulesx21,t2_4rck41lp,,,,,,,,,,,,,,,,,,,,,,,,,,,
DammitBobye,t2_cnuo99kbx,,,,,,,,,,,,,,,,,,,,,,,,,,,
Relevant-Strategy-14,t2_fz9wywfe,,,,,,,,,,,,,,,,,,,,,,,,,,,
photato_pic_guy,t2_cubw3,,,,,,,,,,,,,,,,,,,,,,,,,,,
longsh0tt,t2_e7egm,,,,,,,,,,,,,,,,,,,,,,,,,,,
itemNineExists,t2_asbf9,,,,,,,,,,,,,,,,,,,,,,,,,,,
AnswerGuy301,t2_txn2nag,,,,,,,,,,,,,,,,,,,,,,,,,,,
thedangerranger123,t2_7g9orfex,,,,,,,,,,,,,,,,,,,,,,,,,,,
ljheidel,t2_wmxh,,,,,,,,,,,,,,,,,,,,,,,,,,,
CountrySax,t2_14h7ep,,,,,,,,,,,,,,,,,,,,,,,,,,,
BaphometsButthole,t2_6m1nsmct,,,,,,,,,,,,,,,,,,,,,,,,,,,
lamsham69,t2_2y12oawx,,,,,,,,,,,,,,,,,,,,,,,,,,,
XDcraftsman,t2_12zidl,,,,,,,,,,,,,,,,,,,,,,,,,,,
redditer129,t2_iy17u,,,,,,,,,,,,,,,,,,,,,,,,,,,
cptmartin11,t2_1vq12jim,,,,,,,,,,,,,,,,,,,,,,,,,,,
yolo___toure,t2_c10n1r7,,,,,,,,,,,,,,,,,,,,,,,,,,,
ptraugot,t2_sfmxo,,,,,,,,,,,,,,,,,,,,,,,,,,,
papibigdaddy,t2_g7ctoc4t,,,,,,,,,,,,,,,,,,,,,,,,,,,
realistdreamer69,t2_4d8caxd5,,,,,,,,,,,,,,,,,,,,,,,,,,,
Celestial_MoonDragon,t2_fwn6ko8m,,,,,,,,,,,,,,,,,,,,,,,,,,,
FrostySquirrel820,t2_eewrlp3b,,,,,,,,,,,,,,,,,,,,,,,,,,,
hallofmirrors87,t2_10txnb,,,,,,,,,,,,,,,,,,,,,,,,,,,
cptHARAMBE21,t2_4n78ymgo,,,,,,,,,,,,,,,,,,,,,,,,,,,
AudienceAdmirable581,t2_qa4on4m1,,,,,,,,,,,,,,,,,,,,,,,,,,,
MagicMushroom98960,t2_8b90mp00,,,,,,,,,,,,,,,,,,,,,,,,,,,
mainedeathsong,t2_937bojqm,,,,,,,,,,,,,,,,,,,,,,,,,,,
Redpilled_by_Reddit,t2_bexurt1kh,,,,,,,,,,,,,,,,,,,,,,,,,,,
420blazeit69nubz,t2_3yzt0gcz,,,,,,,,,,,,,,,,,,,,,,,,,,,
Chipsinbox,t2_4l3ut,,,,,,,,,,,,,,,,,,,,,,,,,,,
