,id,body,author_id,author_screen_name,created_utc,created_utc_string,original_outreach_message_id,original_outreach_message_body
0,1wtsli1,1-7 2-5,7qlwn3w8,WinDifficult8274,1689106277.0,"Wednesday, July 12, 2023, at 04:11:17 AM",1w4wthx,"
    Hi WinDifficult8274,

    My research group is interested in how people express themselves on social
    media. Would you like to answer a few questions to help us with our
    research? Your response will remain anonymous. 

    You posted the following message on Thursday, June 22, 2023, at 10:46:04 AM in the r/trump subreddit:

    Republican house needs to step up big time. It's time to impeach Biden . We might lose it in the Senate but it's got to be done.

    (link https://www.reddit.com/r/trump/comments/14fdts1/gop_rep_kevin_kiley_lists_off_numerous_lies_by/jp1n5wt/)

    Take a moment to think about what was happening at the time you posted.
    Think about who you were interacting with online, and what you were reading
    about on Reddit. Please answer the following regarding how you felt at the
    moment you posted:

    1. How outraged did you feel on a 1-7 scale? (1 = not at all, 4 = somewhat, 7 = very)
    2. How happy did you feel on a 1-7 scale? (1 = not at all, 4 = somewhat, 7 = very)
    3. How outraged do you think your message will appear to others (1 = not at all, 4 = somewhat, 7 = very)
    4. RIGHT NOW how outraged are you about the topic you posted about (1 = not at all, 4 = somewhat, 7 = very)

    You can simply respond with one answer per line such as:
    5
    1
    3
    4"
1,1wrpdqj,Your survey is going to give you meaningless data.  Sorry to be blunt.,9b70ddf7,SharpPoint8,1688965426.0,"Monday, July 10, 2023, at 01:03:46 PM",1va94hy,"
    Hi SharpPoint8,

    My research group is interested in how people express themselves on social
    media. Would you like to answer a few questions to help us with our
    research? Your response will remain anonymous. 

    You posted the following message on Tuesday, April 12, 2022, at 12:38:20 AM in the r/republicans subreddit:

    Yes

    (link https://www.reddit.com/r/republicans/comments/tyqdj4/woke_elementary_school_employees_take_on_ron/i4b9v35/)

    Take a moment to think about what was happening at the time you posted.
    Think about who you were interacting with online, and what you were reading
    about on Reddit. Please answer the following regarding how you felt at the
    moment you posted:

    1. How outraged did you feel on a 1-7 scale? (1 = not at all, 4 = somewhat, 7 = very)
    2. How happy did you feel on a 1-7 scale? (1 = not at all, 4 = somewhat, 7 = very)
    3. How outraged do you think your message will appear to others (1 = not at all, 4 = somewhat, 7 = very)
    4. RIGHT NOW how outraged are you about the topic you posted about (1 = not at all, 4 = somewhat, 7 = very)

    You can simply respond with one answer per line such as:
    5
    1
    3
    4"
2,1wriy1z,2 3,dgpqlq1y,mumeikokoro,1688952597.0,"Monday, July 10, 2023, at 09:29:57 AM",1w501u5,"
    Hi mumeikokoro,

    My research group is interested in how people express themselves on social
    media. Would you like to answer a few questions to help us with our
    research? Your response will remain anonymous. 

    You posted the following message on Thursday, June 22, 2023, at 11:55:27 AM in the r/politics subreddit:

    Took the money out your problem to pay it back. Free loaders

    (link https://www.reddit.com/r/politics/comments/14fp8gl/house_fails_to_overturn_biden_veto_in_effort_to/jp1uv0r/)

    Take a moment to think about what was happening at the time you posted.
    Think about who you were interacting with online, and what you were reading
    about on Reddit. Please answer the following regarding how you felt at the
    moment you posted:

    1. How outraged did you feel on a 1-7 scale? (1 = not at all, 4 = somewhat, 7 = very)
    2. How happy did you feel on a 1-7 scale? (1 = not at all, 4 = somewhat, 7 = very)
    3. How outraged do you think your message will appear to others (1 = not at all, 4 = somewhat, 7 = very)
    4. RIGHT NOW how outraged are you about the topic you posted about (1 = not at all, 4 = somewhat, 7 = very)

    You can simply respond with one answer per line such as:
    5
    1
    3
    4"
3,1wrf6rd,"They are both umkmowable, a happy man just venting after work and vaguely offended by the vicissitudes of politics might just as well written this as a self loathimg radical ready to harm others would have. 

1: 3-7 

2. 1-7]",3ojz2t1e,Rayzou04,1688945522.0,"Monday, July 10, 2023, at 07:32:02 AM",1w4vw0r,"
    Hi Rayzou04,

    My research group is interested in how people express themselves on social
    media. Would you like to answer a few questions to help us with our
    research? Your response will remain anonymous. 

    You posted the following message on Tuesday, June 20, 2023, at 06:48:42 AM in the r/socialism subreddit:

    I have a meta-question: why does the flair say ""LGTBIQ+""? Shouldn't it say ""LGBTQI+"" or something similar?

    (link https://www.reddit.com/r/socialism/comments/140965z/introducing_rsocialisms_new_post_flairs_and_2023s/jorhkc7/)

    Take a moment to think about what was happening at the time you posted.
    Think about who you were interacting with online, and what you were reading
    about on Reddit. Please answer the following regarding how you felt at the
    moment you posted:

    1. How outraged did you feel on a 1-7 scale? (1 = not at all, 4 = somewhat, 7 = very)
    2. How happy did you feel on a 1-7 scale? (1 = not at all, 4 = somewhat, 7 = very)
    3. How outraged do you think your message will appear to others (1 = not at all, 4 = somewhat, 7 = very)
    4. RIGHT NOW how outraged are you about the topic you posted about (1 = not at all, 4 = somewhat, 7 = very)

    You can simply respond with one answer per line such as:
    5
    1
    3
    4"
4,1wr7crn,2,c3v2kursc,CatPatient4496,1688932320.0,"Monday, July 10, 2023, at 03:52:00 AM",1wr1uh2,"
    Hi CatPatient4496,

    I'm a researcher at Yale University, and my research group is interested in
    how people express themselves on social media. Would you like to answer a
    few questions to help us with our research? Your response will remain
    anonymous.

    The following message was posted in the r/politics subreddit on Friday, June 23, 2023, at 04:38:33 AM:
    
    Just like when he he said Florida couldn't afford to have Gillum become governor and be ""monkeying around"" with the state policies. Funny how he always seems to find racist rhetoric coming out of his mouth when talking about black people doing anything.

    (link https://www.reddit.com/r/politics/comments/14ge6iy/ron_desantis_accused_of_racism_over_remarks_about/jp5073h/)

    Please answer the following:

    1. How outraged did you think the message author was on a 1-7 scale?
    (1 = not at all, 4 = somewhat, 7 = very)

    2. How happy did you think the message author was on a 1-7?
    (1 = not at all, 4 = somewhat, 7 = very)

    You can simply respond with one answer per line such as:
    5
    1"
5,1wr3mr6,"1
1",a1w10sav,75839002,1688926326.0,"Monday, July 10, 2023, at 02:12:06 AM",1wr076a,"
    Hi 75839002,

    I'm a researcher at Yale University, and my research group is interested in
    how people express themselves on social media. Would you like to answer a
    few questions to help us with our research? Your response will remain
    anonymous.

    The following message was posted in the r/politics subreddit on Friday, June 23, 2023, at 07:57:00 AM:
    
    Who would be surprised that the guy trying to erase black history is a racist?!?!

    (link https://www.reddit.com/r/politics/comments/14ge6iy/ron_desantis_accused_of_racism_over_remarks_about/jp5rpl6/)

    Please answer the following:

    1. How outraged did you think the message author was on a 1-7 scale?
    (1 = not at all, 4 = somewhat, 7 = very)

    2. How happy did you think the message author was on a 1-7?
    (1 = not at all, 4 = somewhat, 7 = very)

    You can simply respond with one answer per line such as:
    5
    1"
6,1wr3cnv,"4

2",4uzxs,_Kyrie_eleison_,1688925931.0,"Monday, July 10, 2023, at 02:05:31 AM",1wr1nxb,"
    Hi _Kyrie_eleison_,

    I'm a researcher at Yale University, and my research group is interested in
    how people express themselves on social media. Would you like to answer a
    few questions to help us with our research? Your response will remain
    anonymous.

    The following message was posted in the r/politics subreddit on Friday, June 23, 2023, at 08:45:16 AM:
    
    It doesn’t matter, they can pass whatever they want, but it won’t get through the Senate or past Biden, the House doesn’t have the authority to do much of anything unilaterally. In other words they don’t control security clearances, they can  formally request that’s about it.

    (link https://www.reddit.com/r/politics/comments/14gh9f2/house_republicans_move_to_strip_security/jp5xwxh/)

    Please answer the following:

    1. How outraged did you think the message author was on a 1-7 scale?
    (1 = not at all, 4 = somewhat, 7 = very)

    2. How happy did you think the message author was on a 1-7?
    (1 = not at all, 4 = somewhat, 7 = very)

    You can simply respond with one answer per line such as:
    5
    1"
7,1wr32du,"4
1",i22yaoe,KarmicComic12334,1688925415.0,"Monday, July 10, 2023, at 01:56:55 AM",1wr1qpa,"
    Hi KarmicComic12334,

    I'm a researcher at Yale University, and my research group is interested in
    how people express themselves on social media. Would you like to answer a
    few questions to help us with our research? Your response will remain
    anonymous.

    The following message was posted in the r/politics subreddit on Friday, June 23, 2023, at 10:58:26 AM:
    
    WE HAVE LOST THE SUPREME COURT. It is corrupt, compromised, and complicit in the Republican attacks on Democracy.

The Federalist Society has cooked the books, bought and paid for Justices.

Resign, or impeach. 

This nation, and all those who lived and died for our country deserve so much better.

    (link https://www.reddit.com/r/politics/comments/14ggd4d/shady_and_corrupt_add_barrett_real_estate_de_al/jp6e6p6/)

    Please answer the following:

    1. How outraged did you think the message author was on a 1-7 scale?
    (1 = not at all, 4 = somewhat, 7 = very)

    2. How happy did you think the message author was on a 1-7?
    (1 = not at all, 4 = somewhat, 7 = very)

    You can simply respond with one answer per line such as:
    5
    1"
8,1wr27jh,Stop your discrimination towards asians,bh8cv58a3,DaisyB1923,1688924017.0,"Monday, July 10, 2023, at 01:33:37 AM",1wr20zj,"
    Hi DaisyB1923,

    I'm a researcher at Yale University, and my research group is interested in
    how people express themselves on social media. Would you like to answer a
    few questions to help us with our research? Your response will remain
    anonymous.

    The following message was posted in the r/politics subreddit on Friday, June 23, 2023, at 10:58:26 AM:
    
    WE HAVE LOST THE SUPREME COURT. It is corrupt, compromised, and complicit in the Republican attacks on Democracy.

The Federalist Society has cooked the books, bought and paid for Justices.

Resign, or impeach. 

This nation, and all those who lived and died for our country deserve so much better.

    (link https://www.reddit.com/r/politics/comments/14ggd4d/shady_and_corrupt_add_barrett_real_estate_de_al/jp6e6p6/)

    Please answer the following:

    1. How outraged did you think the message author was on a 1-7 scale?
    (1 = not at all, 4 = somewhat, 7 = very)

    2. How happy did you think the message author was on a 1-7?
    (1 = not at all, 4 = somewhat, 7 = very)

    You can simply respond with one answer per line such as:
    5
    1"
9,1wr26ol,"6
1",x1sbi,IrishRogue3,1688923958.0,"Monday, July 10, 2023, at 01:32:38 AM",1wr073q,"
    Hi IrishRogue3,

    I'm a researcher at Yale University, and my research group is interested in
    how people express themselves on social media. Would you like to answer a
    few questions to help us with our research? Your response will remain
    anonymous.

    The following message was posted in the r/politics subreddit on Friday, June 23, 2023, at 08:45:16 AM:
    
    It doesn’t matter, they can pass whatever they want, but it won’t get through the Senate or past Biden, the House doesn’t have the authority to do much of anything unilaterally. In other words they don’t control security clearances, they can  formally request that’s about it.

    (link https://www.reddit.com/r/politics/comments/14gh9f2/house_republicans_move_to_strip_security/jp5xwxh/)

    Please answer the following:

    1. How outraged did you think the message author was on a 1-7 scale?
    (1 = not at all, 4 = somewhat, 7 = very)

    2. How happy did you think the message author was on a 1-7?
    (1 = not at all, 4 = somewhat, 7 = very)

    You can simply respond with one answer per line such as:
    5
    1"
10,1wr217j,get a job,jaro04dd,ronin1066,1688923825.0,"Monday, July 10, 2023, at 01:30:25 AM",1wr210o,"
    Hi ronin1066,

    I'm a researcher at Yale University, and my research group is interested in
    how people express themselves on social media. Would you like to answer a
    few questions to help us with our research? Your response will remain
    anonymous.

    The following message was posted in the r/politics subreddit on Friday, June 23, 2023, at 04:38:33 AM:
    
    Just like when he he said Florida couldn't afford to have Gillum become governor and be ""monkeying around"" with the state policies. Funny how he always seems to find racist rhetoric coming out of his mouth when talking about black people doing anything.

    (link https://www.reddit.com/r/politics/comments/14ge6iy/ron_desantis_accused_of_racism_over_remarks_about/jp5073h/)

    Please answer the following:

    1. How outraged did you think the message author was on a 1-7 scale?
    (1 = not at all, 4 = somewhat, 7 = very)

    2. How happy did you think the message author was on a 1-7?
    (1 = not at all, 4 = somewhat, 7 = very)

    You can simply respond with one answer per line such as:
    5
    1"
11,1wr1o8b,"1
2",fursn,username36610,1688923230.0,"Monday, July 10, 2023, at 01:20:30 AM",1wr12lo,"
    Hi username36610,

    I'm a researcher at Yale University, and my research group is interested in
    how people express themselves on social media. Would you like to answer a
    few questions to help us with our research? Your response will remain
    anonymous.

    The following message was posted in the r/politics subreddit on Friday, June 23, 2023, at 04:38:33 AM:
    
    Just like when he he said Florida couldn't afford to have Gillum become governor and be ""monkeying around"" with the state policies. Funny how he always seems to find racist rhetoric coming out of his mouth when talking about black people doing anything.

    (link https://www.reddit.com/r/politics/comments/14ge6iy/ron_desantis_accused_of_racism_over_remarks_about/jp5073h/)

    Please answer the following:

    1. How outraged did you think the message author was on a 1-7 scale?
    (1 = not at all, 4 = somewhat, 7 = very)

    2. How happy did you think the message author was on a 1-7?
    (1 = not at all, 4 = somewhat, 7 = very)

    You can simply respond with one answer per line such as:
    5
    1"
12,1wr1nxg,"4
1",qxygq,Civil-South-7299,1688923202.0,"Monday, July 10, 2023, at 01:20:02 AM",1wr1atz,"
    Hi Civil-South-7299,

    I'm a researcher at Yale University, and my research group is interested in
    how people express themselves on social media. Would you like to answer a
    few questions to help us with our research? Your response will remain
    anonymous.

    The following message was posted in the r/politics subreddit on Friday, June 23, 2023, at 04:38:33 AM:
    
    Just like when he he said Florida couldn't afford to have Gillum become governor and be ""monkeying around"" with the state policies. Funny how he always seems to find racist rhetoric coming out of his mouth when talking about black people doing anything.

    (link https://www.reddit.com/r/politics/comments/14ge6iy/ron_desantis_accused_of_racism_over_remarks_about/jp5073h/)

    Please answer the following:

    1. How outraged did you think the message author was on a 1-7 scale?
    (1 = not at all, 4 = somewhat, 7 = very)

    2. How happy did you think the message author was on a 1-7?
    (1 = not at all, 4 = somewhat, 7 = very)

    You can simply respond with one answer per line such as:
    5
    1"
13,1wr1hfn,"I don't really have an opinion. I don't know the commentor, nor the context.",6s8gm,aaapril261992,1688922902.0,"Monday, July 10, 2023, at 01:15:02 AM",1wr0dng,"
    Hi aaapril261992,

    I'm a researcher at Yale University, and my research group is interested in
    how people express themselves on social media. Would you like to answer a
    few questions to help us with our research? Your response will remain
    anonymous.

    The following message was posted in the r/politics subreddit on Friday, June 23, 2023, at 04:38:33 AM:
    
    Just like when he he said Florida couldn't afford to have Gillum become governor and be ""monkeying around"" with the state policies. Funny how he always seems to find racist rhetoric coming out of his mouth when talking about black people doing anything.

    (link https://www.reddit.com/r/politics/comments/14ge6iy/ron_desantis_accused_of_racism_over_remarks_about/jp5073h/)

    Please answer the following:

    1. How outraged did you think the message author was on a 1-7 scale?
    (1 = not at all, 4 = somewhat, 7 = very)

    2. How happy did you think the message author was on a 1-7?
    (1 = not at all, 4 = somewhat, 7 = very)

    You can simply respond with one answer per line such as:
    5
    1"
14,1wr1faa,72624416461,2ezckrei,chudwick80,1688922746.0,"Monday, July 10, 2023, at 01:12:26 AM",1wr1hey,"
    Hi chudwick80,

    I'm a researcher at Yale University, and my research group is interested in
    how people express themselves on social media. Would you like to answer a
    few questions to help us with our research? Your response will remain
    anonymous.

    The following message was posted in the r/politics subreddit on Friday, June 23, 2023, at 07:57:00 AM:
    
    Who would be surprised that the guy trying to erase black history is a racist?!?!

    (link https://www.reddit.com/r/politics/comments/14ge6iy/ron_desantis_accused_of_racism_over_remarks_about/jp5rpl6/)

    Please answer the following:

    1. How outraged did you think the message author was on a 1-7 scale?
    (1 = not at all, 4 = somewhat, 7 = very)

    2. How happy did you think the message author was on a 1-7?
    (1 = not at all, 4 = somewhat, 7 = very)

    You can simply respond with one answer per line such as:
    5
    1"
15,1wr161s,Is this what universities waste their time on now?,syiazbzh,GOPokemonMaster,1688922371.0,"Monday, July 10, 2023, at 01:06:11 AM",1wr14hm,"
    Hi GOPokemonMaster,

    I'm a researcher at Yale University, and my research group is interested in
    how people express themselves on social media. Would you like to answer a
    few questions to help us with our research? Your response will remain
    anonymous.

    The following message was posted in the r/politics subreddit on Friday, June 23, 2023, at 08:45:16 AM:
    
    It doesn’t matter, they can pass whatever they want, but it won’t get through the Senate or past Biden, the House doesn’t have the authority to do much of anything unilaterally. In other words they don’t control security clearances, they can  formally request that’s about it.

    (link https://www.reddit.com/r/politics/comments/14gh9f2/house_republicans_move_to_strip_security/jp5xwxh/)

    Please answer the following:

    1. How outraged did you think the message author was on a 1-7 scale?
    (1 = not at all, 4 = somewhat, 7 = very)

    2. How happy did you think the message author was on a 1-7?
    (1 = not at all, 4 = somewhat, 7 = very)

    You can simply respond with one answer per line such as:
    5
    1"
16,1wr0ax1,"7

1",93hz44chb,Pulsarultimus,1688920928.0,"Monday, July 10, 2023, at 12:42:08 AM",1wr1ave,"
    Hi Pulsarultimus,

    I'm a researcher at Yale University, and my research group is interested in
    how people express themselves on social media. Would you like to answer a
    few questions to help us with our research? Your response will remain
    anonymous.

    The following message was posted in the r/politics subreddit on Friday, June 23, 2023, at 04:38:33 AM:
    
    Just like when he he said Florida couldn't afford to have Gillum become governor and be ""monkeying around"" with the state policies. Funny how he always seems to find racist rhetoric coming out of his mouth when talking about black people doing anything.

    (link https://www.reddit.com/r/politics/comments/14ge6iy/ron_desantis_accused_of_racism_over_remarks_about/jp5073h/)

    Please answer the following:

    1. How outraged did you think the message author was on a 1-7 scale?
    (1 = not at all, 4 = somewhat, 7 = very)

    2. How happy did you think the message author was on a 1-7?
    (1 = not at all, 4 = somewhat, 7 = very)

    You can simply respond with one answer per line such as:
    5
    1"
17,1wr091f,"5

1",9mul5r230,Stooven,1688920873.0,"Monday, July 10, 2023, at 12:41:13 AM",1wr0kfw,"
    Hi Stooven,

    I'm a researcher at Yale University, and my research group is interested in
    how people express themselves on social media. Would you like to answer a
    few questions to help us with our research? Your response will remain
    anonymous.

    The following message was posted in the r/politics subreddit on Friday, June 23, 2023, at 04:38:33 AM:
    
    Just like when he he said Florida couldn't afford to have Gillum become governor and be ""monkeying around"" with the state policies. Funny how he always seems to find racist rhetoric coming out of his mouth when talking about black people doing anything.

    (link https://www.reddit.com/r/politics/comments/14ge6iy/ron_desantis_accused_of_racism_over_remarks_about/jp5073h/)

    Please answer the following:

    1. How outraged did you think the message author was on a 1-7 scale?
    (1 = not at all, 4 = somewhat, 7 = very)

    2. How happy did you think the message author was on a 1-7?
    (1 = not at all, 4 = somewhat, 7 = very)

    You can simply respond with one answer per line such as:
    5
    1"
18,1wr07ad,"7   
1",m4nuz,gamer_guide_64,1688920825.0,"Monday, July 10, 2023, at 12:40:25 AM",1wr14hy,"
    Hi gamer_guide_64,

    I'm a researcher at Yale University, and my research group is interested in
    how people express themselves on social media. Would you like to answer a
    few questions to help us with our research? Your response will remain
    anonymous.

    The following message was posted in the r/politics subreddit on Friday, June 23, 2023, at 04:38:33 AM:
    
    Just like when he he said Florida couldn't afford to have Gillum become governor and be ""monkeying around"" with the state policies. Funny how he always seems to find racist rhetoric coming out of his mouth when talking about black people doing anything.

    (link https://www.reddit.com/r/politics/comments/14ge6iy/ron_desantis_accused_of_racism_over_remarks_about/jp5073h/)

    Please answer the following:

    1. How outraged did you think the message author was on a 1-7 scale?
    (1 = not at all, 4 = somewhat, 7 = very)

    2. How happy did you think the message author was on a 1-7?
    (1 = not at all, 4 = somewhat, 7 = very)

    You can simply respond with one answer per line such as:
    5
    1"
