message_status,last_update_timestamp,last_update_step,comment_id,comment_text,dm_text,user_id,author_screen_name,phase
messaged_successfully,2023-10-13T10:00:01.262844,legacy_data_migration,,,,3hb8h,cficare,author
messaged_successfully,2023-10-13T10:00:01.262844,legacy_data_migration,,,,e7egm,longsh0tt,author
messaged_successfully,2023-10-13T10:00:01.262844,legacy_data_migration,,,,ab8sv,petal14,author
messaged_successfully,2023-10-13T10:00:01.262844,legacy_data_migration,,,,u0si4,prattchet,author
messaged_successfully,2023-10-13T10:00:01.262844,legacy_data_migration,,,,c2i4e,MarcusQuintus,author
messaged_successfully,2023-10-13T10:00:01.262844,legacy_data_migration,,,,asbf9,itemNineExists,author
messaged_successfully,2023-10-13T10:00:01.262844,legacy_data_migration,,,,87h8kco3,tapastry12,author
messaged_successfully,2023-10-13T10:00:01.262844,legacy_data_migration,,,,wmxh,ljheidel,author
messaged_successfully,2023-10-13T10:00:01.262844,legacy_data_migration,,,,d5mquwod,UltravioletAfterglow,author
messaged_successfully,2023-10-13T10:00:01.262844,legacy_data_migration,,,,62wjx1m1,ChuckVowel,author
messaged_successfully,2023-10-13T10:00:01.262844,legacy_data_migration,,,,4stjn,syracusehorn,author
messaged_successfully,2023-10-13T10:00:01.262844,legacy_data_migration,,,,51mugzx0,IntrinsicStarvation,author
messaged_successfully,2023-10-13T10:00:01.262844,legacy_data_migration,,,,5fm45w7v,LurkerFailsLurking,author
messaged_successfully,2023-10-13T10:00:01.262844,legacy_data_migration,,,,13n0egw9,Trippedoutmonkey,author
messaged_successfully,2023-10-13T10:00:01.262844,legacy_data_migration,,,,i7xoa,LegendaryOutlaw,author
messaged_successfully,2023-10-13T10:00:01.262844,legacy_data_migration,,,,1nwyjg23,BringOn25A,author
messaged_successfully,2023-10-13T10:00:01.262844,legacy_data_migration,,,,i0j4n,b95455,author
messaged_successfully,2023-10-13T10:00:01.262844,legacy_data_migration,,,,vlkj8g4,TheUnknownStitcher,author
messaged_successfully,2023-10-13T10:00:01.262844,legacy_data_migration,,,,3z5jj6vi,sharingsilently,author
messaged_successfully,2023-10-13T10:00:01.262844,legacy_data_migration,,,,3q6lk8ck,Killerkurto,author
messaged_successfully,2023-10-13T10:00:01.262844,legacy_data_migration,,,,hzq9l1sq,Howhytzzerr,author
messaged_successfully,2023-10-13T10:00:01.262844,legacy_data_migration,,,,3i9nzyal,BabyMFBear,author
messaged_successfully,2023-10-13T10:00:01.262844,legacy_data_migration,,,,8d3808n7,not_productive1,author
messaged_successfully,2023-10-13T10:00:01.262844,legacy_data_migration,,,,gqaui4om,WholeWheatCloud,author
messaged_successfully,2023-10-13T10:00:01.262844,legacy_data_migration,,,,eewrlp3b,FrostySquirrel820,author
messaged_successfully,2023-10-13T10:00:01.262844,legacy_data_migration,,,,jckbmbri,contemporary_romance,author
messaged_successfully,2023-10-13T10:00:01.262844,legacy_data_migration,,,,2qj1r9f,PatienceandFortitude,author
messaged_successfully,2023-10-13T10:00:01.262844,legacy_data_migration,,,,gf7yw,canon12,author
