display_name,_fetched,_path,user_flair_background_color,submit_text_html,restrict_posting,user_is_banned,free_form_reports,wiki_enabled,user_is_muted,user_can_flair_in_sr,header_img,title,allow_galleries,icon_size,primary_color,active_user_count,icon_img,display_name_prefixed,accounts_active,public_traffic,subscribers,user_flair_richtext,name,quarantine,hide_ads,prediction_leaderboard_entry_type,emojis_enabled,advertiser_category,public_description,comment_score_hide_mins,allow_predictions,user_has_favorited,user_flair_template_id,community_icon,banner_background_image,original_content_tag_enabled,community_reviewed,submit_text,description_html,spoilers_enabled,comment_contribution_settings,allow_talks,header_size,user_flair_position,all_original_content,has_menu_widget,is_enrolled_in_new_modmail,key_color,can_assign_user_flair,created,wls,show_media_preview,submission_type,user_is_subscriber,allowed_media_in_comments,allow_videogifs,should_archive_posts,user_flair_type,allow_polls,collapse_deleted_comments,emojis_custom_size,public_description_html,allow_videos,is_crosspostable_subreddit,notification_level,should_show_media_in_comments_setting,can_assign_link_flair,accounts_active_is_fuzzed,allow_prediction_contributors,submit_text_label,link_flair_position,user_sr_flair_enabled,user_flair_enabled_in_sr,allow_chat_post_creation,allow_discovery,accept_followers,user_sr_theme_enabled,link_flair_enabled,disable_contributor_requests,subreddit_type,suggested_comment_sort,banner_img,user_flair_text,banner_background_color,show_media,id,user_is_moderator,over18,header_title,description,is_chat_post_feature_enabled,submit_link_label,user_flair_text_color,restrict_commenting,user_flair_css_class,allow_images,lang,whitelist_status,url,created_utc,banner_size,mobile_banner_image,user_is_contributor,allow_predictions_tournament,synctimestamp,created_utc_string
politics,True,r/politics/,,"<!-- SC_OFF --><div class=""md""><ol>
<li><p>Submissions must be for <strong>Current U.S. Political news &amp; information only.</strong></p></li>
<li><p><a href=""/r/politics/wiki/whitelist""><strong>Submissions must come from domains on the whitelist.</strong></a></p></li>
<li><p><strong>Do not create your own title for link posts or they will be removed.</strong> </p>

<p>Your title must match the article&#39;s headline <strong>exactly</strong>. Do not add or remove words.</p>

<p><strong>Note: Using Reddit&#39;s &#39;Submit Title&#39; does not always give the exact title, it&#39;s not recommended to use this feature &amp; instead copy/paste the title from the article.</strong> </p></li>
<li><p>Do not use ALL CAPS, or use “BREAKING” in your titles.</p></li>
<li><p>Do not submit links to wikis, images, memes. Political cartoons &amp; detailed info-graphics should be linked to their original source.</p></li>
<li><p>No copy-pasted submissions, please use the original source whenever possible.</p></li>
</ol>

<p>Posts that do not follow these rules are subject to removal.</p>
</div><!-- SC_ON -->",True,False,True,True,False,True,https://b.thumbs.redditmedia.com/fREkTALOGCmOydgClyhaIy6k30jm0NdIVpAT0wi--QA.png,Politics,False,"[256, 256]",#205493,23484,https://a.thumbs.redditmedia.com/ZaSYxoONdAREm1_u_sid_fjcgvBTNeFQV--8tz6fZC0.png,r/politics,23484,False,8403281,[],t5_2cneq,False,False,SUBREDDIT_HEADER,True,Lifestyles,/r/Politics is for news and discussion about U.S. politics.,480,False,False,,https://styles.redditmedia.com/t5_2cneq/styles/communityIcon_fy84mdgh75201.jpg?width=256&s=0842d327b6d42f0e432135c7f46030bd8db64e4b,https://styles.redditmedia.com/t5_2cneq/styles/bannerBackgroundImage_4vvj1k5ldn671.png?width=4000&s=ed1d17ff05773b9a6a5f00c4cba0b009df4660e2,False,True,"1. Submissions must be for **Current U.S. Political news & information only.**

2. [**Submissions must come from domains on the whitelist.**](/r/politics/wiki/whitelist)

3. **Do not create your own title for link posts or they will be removed.** 

    Your title must match the article's headline **exactly**. Do not add or remove words.
    
    **Note: Using Reddit's 'Submit Title' does not always give the exact title, it's not recommended to use this feature & instead copy/paste the title from the article.** 

4. Do not use ALL CAPS, or use “BREAKING” in your titles.

5. Do not submit links to wikis, images, memes. Political cartoons & detailed info-graphics should be linked to their original source.

6. No copy-pasted submissions, please use the original source whenever possible.

Posts that do not follow these rules are subject to removal.","<!-- SC_OFF --><div class=""md""><h2><strong>Welcome to <a href=""/r/Politics"">/r/Politics</a>! Please read <a href=""/r/politics/w/index"">the wiki</a> before participating.</strong> ||  <a href=""https://www.reddit.com/r/politics/comments/9irkg3/rpolitics_wants_you_to_register_to_vote_for/"">Voter Registration Resources</a> || <a href=""https://www.reddit.com/r/politics/comments/flv4ef/a_clarificationreminder_of_our_rules_regarding/"">Important: Reminder/clarification of our civility guidelines</a></h2>

<p><a href=""/r/politics"">/r/politics</a> is the subreddit for current and explicitly political U.S. news.</p>

<h3><a href=""https://www.reddit.com/r/politics/wiki/index"">Our full rules</a></h3>

<h3><a href=""https://www.reddit.com/wiki/reddiquette"">Reddiquette</a></h3>

<h1><a href=""/r/Politics/w/index#wiki_general"">General &amp; Site-Wide Guidelines</a>:</h1>

<table><thead>
<tr>
<th align=""center""></th>
<th align=""center""></th>
</tr>
</thead><tbody>
<tr>
<td align=""center"">No hate speech</td>
<td align=""center"">See our hate speech rule <a href=""https://www.reddit.com/r/Politics/wiki/index#wiki_no_hateful_speech"">here.</a></td>
</tr>
<tr>
<td align=""center"">Do not suggest or support harm</td>
<td align=""center"">Any comment that threatens, advocates, celebrates, suggests, wishes, hopes, dreams, expresses extreme indifference towards, otherwise supports in any way or could result in harm of any kind, violence, or death is prohibited. See our harm rule <a href=""https://www.reddit.com/r/Politics/wiki/index#wiki_do_not_suggest_or_support_harm"">here</a>.</td>
</tr>
<tr>
<td align=""center"">No spam or solicitation</td>
<td align=""center"">Spam is bad. This includes both comment and submission spam. See our solicitation rule <a href=""https://www.reddit.com/r/Politics/wiki/index#wiki_no_soliciting_users"">here.</a></td>
</tr>
<tr>
<td align=""center"">Do not brigade.</td>
<td align=""center"">Manipulating comments and posts via group voting is against reddit TOS. <a href=""https://www.reddithelp.com/en/categories/reddit-101/rules-reporting/account-and-community-restrictions/what-constitutes-vote"">More Info.</a></td>
</tr>
</tbody></table>

<h1><a href=""/r/Politics/w/index#wiki_be_civil"">Comment Guidelines</a>:</h1>

<table><thead>
<tr>
<th align=""center""></th>
<th align=""center""></th>
</tr>
</thead><tbody>
<tr>
<td align=""center"">No personal attacks</td>
<td align=""center"">Treat others with basic decency. No personal attacks or shill accusations.</td>
</tr>
<tr>
<td align=""center"">No flaming, baiting, or trolling</td>
<td align=""center"">Participate in discussions here in good faith. Do not flame, bait, troll, witch-hunt, or spread unsubstantiated accusations. See our trolling rule <a href=""https://www.reddit.com/r/Politics/wiki/index#wiki_no_trolling.2C_baiting_or_flaming"">here.</a></td>
</tr>
<tr>
<td align=""center"">Do not witch hunt or post users&#39; personal information.</td>
<td align=""center"">Users who violate this rule will be banned on sight. Witch-hunting and giving out private personal details of other people can result in unexpected and potentially serious consequences for the individual targeted. <a href=""/r/Politics/wiki/index#wiki_no_witch_hunting"">More Info.</a></td>
</tr>
<tr>
<td align=""center"">Follow AMA specific rules</td>
<td align=""center"">In order to make sure that AMAs are enjoyable events for all involved, AMA threads are more strictly moderated. See our AMA specific rules <a href=""https://www.reddit.com/r/Politics/wiki/index#wiki_ama-specific_rules"">here</a>.</td>
</tr>
</tbody></table>

<h1><a href=""/r/Politics/w/index#wiki_submission_rules"">Submission Guidelines:</a></h1>

<table><thead>
<tr>
<th align=""center""></th>
<th align=""center""></th>
</tr>
</thead><tbody>
<tr>
<td align=""center"">Articles must deal explicitly with US politics.</td>
<td align=""center""><a href=""/r/Politics/wiki/index#wiki_the_.2Fr.2Fpolitics_on-topic_statement"">See our full topicality rules here.</a></td>
</tr>
<tr>
<td align=""center"">Articles must be published within the last two weeks.</td>
<td align=""center""><a href=""https://www.reddit.com/r/Politics/wiki/index#wiki_articles_must_be_published_within_the_last_two_weeks"">More Info.</a></td>
</tr>
<tr>
<td align=""center"">Submissions must be from domains on the approved domains list.</td>
<td align=""center""><a href=""https://www.reddit.com/r/politics/wiki/approveddomainslist"">The approved domains list and its criteria can be found here.</a></td>
</tr>
<tr>
<td align=""center"">Post titles must be the exact headline from the article, except when it contains &quot;BREAKING&quot; or ALL CAPS.</td>
<td align=""center"">Your headline must be comprised only of the <strong>exact</strong> copied and pasted headline of the article, <strong>except</strong> you must not use ALL CAPS or &#39;Breaking&#39; even when the actual title contains them. This applies to other single word declarative and/or sensational expressions, such as &#39;EXCLUSIVE:&#39; or &#39;HOT:&#39;. <a href=""/r/Politics/wiki/index#wiki_do_not_create_your_own_title"">More Info.</a></td>
</tr>
<tr>
<td align=""center"">Do not flood the new queue.</td>
<td align=""center""><a href=""/r/Politics"">/r/Politics</a> bans for submission and comment spam. <a href=""/r/Politics/wiki/index#wiki_spam_is_bad.21"">More Info.</a></td>
</tr>
<tr>
<td align=""center"">No copy-pasted submissions or non-English articles.</td>
<td align=""center"">Please do not submit articles or videos that are a direct, complete copy-paste of original reporting. <a href=""/r/politics/wiki/index#wiki_disallowed_submission_types.3A"">More Info.</a> An article must be <strong>primarily</strong> written in English. <a href=""/r/Politics/wiki/index#wiki_all_submissions_must_be_in_english."">More Info.</a></td>
</tr>
<tr>
<td align=""center"">Submissions must be either articles, videos or sound clips.</td>
<td align=""center"">We also disallow solicitation of users (petitions, polls, requests for money, etc.), personal blogs, satire, images, social media content (Facebook, twitter, tumblr, LinkedIn, etc.), wikis, memes, and political advertisements. More info: <a href=""/r/Politics/wiki/index#wiki_disallowed_submission_types"">Content type rules.</a></td>
</tr>
<tr>
<td align=""center"">Disclosure of employment</td>
<td align=""center""><a href=""/r/politics"">r/politics</a> expressly forbids users who are employed by a source to post link submissions to that source without broadcasting their affiliation. Please <a href=""https://www.reddit.com/message/compose/?to=/r/Politics"">contact the moderators</a> to get started on our verification process. <a href=""https://www.reddit.com/r/Politics/wiki/index#wiki_disclosure_of_employment"">More info</a>.</td>
</tr>
</tbody></table>

<h1>Events Calendar</h1>

<h4><a href=""https://calendar.google.com/calendar/embed?src=rpoliticsmods@gmail.com"">Google Calendar</a></h4>

<h1>Other Resources:</h1>

<h4><a href=""http://twitter.com/rSlashPolitics"">Follow us on Twitter</a></h4>

<h4><a href=""https://docs.google.com/forms/d/e/1FAIpQLSdPb-2CtL2lIsMo9xOvs6sdQGDymyZ29seWyQsNTJy1oxPthw/viewform?usp=sf_link"">Request an AMA</a></h4>

<h4><a href=""https://politicsmodapp.herokuapp.com/"">Apply to be a mod</a></h4>

<h4><a href=""https://www.rockthevote.org"">Register To Vote</a></h4>

<p><a href=""#/RES_SR_Config/NightModeCompatible""></a></p>
</div><!-- SC_ON -->",False,{'allowed_media_types': ['expression']},False,"[21, 16]",right,False,True,,#a5a4a4,True,1186377399.0,6,False,link,True,['expression'],False,True,text,False,True,,"<!-- SC_OFF --><div class=""md""><p><a href=""/r/Politics"">/r/Politics</a> is for news and discussion about U.S. politics.</p>
</div><!-- SC_ON -->",False,,low,True,False,False,False,,left,True,True,False,True,True,True,True,False,public,,https://a.thumbs.redditmedia.com/kcKnQt4TInkTARtKtsyRhvs5g3bdkVXq8wSJF6gDH20.png,,#0070c1,True,2cneq,False,False,The Place for U.S. Politics,"## **Welcome to /r/Politics! Please read [the wiki](/r/politics/w/index) before participating.** ||  [Voter Registration Resources](https://www.reddit.com/r/politics/comments/9irkg3/rpolitics_wants_you_to_register_to_vote_for/) || [Important: Reminder/clarification of our civility guidelines](https://www.reddit.com/r/politics/comments/flv4ef/a_clarificationreminder_of_our_rules_regarding/)
/r/politics is the subreddit for current and explicitly political U.S. news.

### [Our full rules](https://www.reddit.com/r/politics/wiki/index)  
###[Reddiquette](https://www.reddit.com/wiki/reddiquette)

# [General & Site-Wide Guidelines](/r/Politics/w/index#wiki_general):

 ||
:-:|:-:
No hate speech|See our hate speech rule [here.](https://www.reddit.com/r/Politics/wiki/index#wiki_no_hateful_speech)
Do not suggest or support harm|Any comment that threatens, advocates, celebrates, suggests, wishes, hopes, dreams, expresses extreme indifference towards, otherwise supports in any way or could result in harm of any kind, violence, or death is prohibited. See our harm rule [here](https://www.reddit.com/r/Politics/wiki/index#wiki_do_not_suggest_or_support_harm).
No spam or solicitation|Spam is bad. This includes both comment and submission spam. See our solicitation rule [here.](https://www.reddit.com/r/Politics/wiki/index#wiki_no_soliciting_users)
Do not brigade.|Manipulating comments and posts via group voting is against reddit TOS. [More Info.](https://www.reddithelp.com/en/categories/reddit-101/rules-reporting/account-and-community-restrictions/what-constitutes-vote)

# [Comment Guidelines](/r/Politics/w/index#wiki_be_civil):

 ||
:-:|:-:
No personal attacks|Treat others with basic decency. No personal attacks or shill accusations. 
No flaming, baiting, or trolling|Participate in discussions here in good faith. Do not flame, bait, troll, witch-hunt, or spread unsubstantiated accusations. See our trolling rule [here.](https://www.reddit.com/r/Politics/wiki/index#wiki_no_trolling.2C_baiting_or_flaming)
Do not witch hunt or post users' personal information.|Users who violate this rule will be banned on sight. Witch-hunting and giving out private personal details of other people can result in unexpected and potentially serious consequences for the individual targeted. [More Info.](/r/Politics/wiki/index#wiki_no_witch_hunting)
Follow AMA specific rules|In order to make sure that AMAs are enjoyable events for all involved, AMA threads are more strictly moderated. See our AMA specific rules [here](https://www.reddit.com/r/Politics/wiki/index#wiki_ama-specific_rules).


# [Submission Guidelines:](/r/Politics/w/index#wiki_submission_rules)

 ||
:-:|:-:
Articles must deal explicitly with US politics.|[See our full topicality rules here.](/r/Politics/wiki/index#wiki_the_.2Fr.2Fpolitics_on-topic_statement)
Articles must be published within the last two weeks.|[More Info.](https://www.reddit.com/r/Politics/wiki/index#wiki_articles_must_be_published_within_the_last_two_weeks)
Submissions must be from domains on the approved domains list.|[The approved domains list and its criteria can be found here.](https://www.reddit.com/r/politics/wiki/approveddomainslist)
Post titles must be the exact headline from the article, except when it contains ""BREAKING"" or ALL CAPS.|Your headline must be comprised only of the **exact** copied and pasted headline of the article, **except** you must not use ALL CAPS or 'Breaking' even when the actual title contains them. This applies to other single word declarative and/or sensational expressions, such as 'EXCLUSIVE:' or 'HOT:'. [More Info.](/r/Politics/wiki/index#wiki_do_not_create_your_own_title)
Do not flood the new queue.|/r/Politics bans for submission and comment spam. [More Info.](/r/Politics/wiki/index#wiki_spam_is_bad.21)
No copy-pasted submissions or non-English articles.|Please do not submit articles or videos that are a direct, complete copy-paste of original reporting. [More Info.](/r/politics/wiki/index#wiki_disallowed_submission_types.3A) An article must be **primarily** written in English. [More Info.](/r/Politics/wiki/index#wiki_all_submissions_must_be_in_english.)
Submissions must be either articles, videos or sound clips.| We also disallow solicitation of users (petitions, polls, requests for money, etc.), personal blogs, satire, images, social media content (Facebook, twitter, tumblr, LinkedIn, etc.), wikis, memes, and political advertisements. More info: [Content type rules.](/r/Politics/wiki/index#wiki_disallowed_submission_types)
Disclosure of employment|r/politics expressly forbids users who are employed by a source to post link submissions to that source without broadcasting their affiliation. Please [contact the moderators](https://www.reddit.com/message/compose/?to=/r/Politics) to get started on our verification process. [More info](https://www.reddit.com/r/Politics/wiki/index#wiki_disclosure_of_employment).

#Events Calendar

#### [Google Calendar](https://calendar.google.com/calendar/embed?src=rpoliticsmods@gmail.com)

# Other Resources:

#### [Follow us on Twitter](http://twitter.com/rSlashPolitics)

#### [Request an AMA](https://docs.google.com/forms/d/e/1FAIpQLSdPb-2CtL2lIsMo9xOvs6sdQGDymyZ29seWyQsNTJy1oxPthw/viewform?usp=sf_link)

#### [Apply to be a mod](https://politicsmodapp.herokuapp.com/)

#### [Register To Vote](https://www.rockthevote.org)

[](#/RES_SR_Config/NightModeCompatible)",True,,,False,,False,en,all_ads,/r/politics/,1186377399.0,"[880, 264]",https://styles.redditmedia.com/t5_2cneq/styles/mobileBannerImage_0sdsaoandn671.png,False,False,2023-10-03T05:13:21.660281,"Monday, August 06, 2007, at 01:16:39 PM"
